date,net_return,gross_return,baseline,sample,regime
2019-02-01,-0.00844049,-0.00844049,-0.00139047,OOS,mid
2019-02-04,0.01428185,0.01428185,0.00737651,OOS,mid
2019-02-05,0.00775667,0.00775667,0.00675979,OOS,mid
2019-02-06,-0.00487982,-0.00487982,0.00122698,OOS,low
2019-02-07,-0.00989941,-0.00989941,-0.00829093,OOS,mid
2019-02-08,0.00232031,0.00232031,0.00498030,OOS,mid
2019-02-11,-0.00194096,-0.00194096,0.00364620,OOS,low
2019-02-12,0.01868600,0.01868600,0.01218658,OOS,low
2019-02-13,0.00651041,0.00651041,0.00330012,OOS,low
2019-02-14,-0.00111408,-0.00111408,0.00653180,OOS,low
2019-02-15,0.01051536,0.01051536,0.00719589,OOS,low
2019-02-19,0.00823415,0.00823415,0.01062254,OOS,low
2019-02-20,0.00724996,0.00724996,0.00756822,OOS,low
2019-02-21,0.01004926,0.01004926,0.00112424,OOS,low
2019-02-22,0.01056634,0.01056634,0.00965705,OOS,low
2019-02-25,0.00436581,0.00436581,-0.00352927,OOS,low
2019-02-26,0.00098528,0.00098528,-0.00351489,OOS,low
2019-02-27,0.00009927,0.00009927,-0.01194519,OOS,low
2019-02-28,-0.00084777,-0.00084777,0.00227519,OOS,low
2019-03-01,-0.00089463,-0.00089463,0.00954621,OOS,low
2019-03-04,-0.00258780,-0.00258780,0.00158657,OOS,low
2019-03-05,-0.00067026,-0.00067026,-0.00203492,OOS,low
2019-03-06,-0.00349690,-0.00349690,-0.00902539,OOS,low
2019-03-07,0.00049627,0.00049627,-0.00160833,OOS,low
2019-03-08,-0.00159904,-0.00159904,0.00038731,OOS,low
2019-04-25,0.01522690,0.01522690,-0.01058048,OOS,low
2019-04-26,0.00012227,0.00012227,0.00147660,OOS,low
2019-04-29,-0.00021510,-0.00021510,-0.00194430,OOS,low
2019-04-30,0.00106779,0.00106779,0.00676858,OOS,low
2019-05-01,-0.00320989,-0.00320989,-0.00809927,OOS,low
2019-05-02,-0.00222703,-0.00222703,-0.00324839,OOS,low
2019-05-03,0.00215364,0.00215364,0.00974105,OOS,low
2019-05-06,-0.00094508,-0.00094508,-0.00719043,OOS,low
2019-05-07,0.00158348,0.00158348,-0.01448018,OOS,low
2019-05-08,-0.00531531,-0.00531531,-0.00662259,OOS,low
2019-05-09,-0.00287519,-0.00287519,-0.00660015,OOS,low
2019-05-10,0.00288839,0.00288839,0.00392947,OOS,low
2019-05-13,-0.00522250,-0.00522250,-0.02098579,OOS,mid
2019-05-14,0.00073200,0.00073200,0.00620485,OOS,mid
2019-05-15,0.00071233,0.00071233,0.00344212,OOS,low
2019-05-16,0.00250573,0.00250573,0.00619319,OOS,low
2019-05-17,-0.00249051,-0.00249051,-0.01135355,OOS,mid
2019-05-20,0.00051858,0.00051858,-0.00957671,OOS,mid
2019-05-21,0.00350608,0.00350608,0.01847338,OOS,low
2019-05-22,-0.00084523,-0.00084523,-0.00310001,OOS,low
2019-05-23,-0.00393540,-0.00393540,-0.00966771,OOS,mid
2019-05-24,-0.00212856,-0.00212856,-0.00120726,OOS,mid
2019-05-28,0.00072581,0.00072581,-0.00565350,OOS,mid
2019-05-29,-0.00228167,-0.00228167,-0.00870170,OOS,mid
2019-05-30,-0.00204198,-0.00204198,0.00192787,OOS,mid
2019-05-31,-0.00279325,-0.00279325,-0.00652248,OOS,mid
2019-06-03,-0.00080513,-0.00080513,0.00694116,OOS,mid
2019-06-04,0.00844513,0.00844513,0.02274075,OOS,low
2019-06-05,0.00208260,0.00208260,0.00810803,OOS,low
2019-06-06,-0.00033914,-0.00033914,0.00215754,OOS,low
2019-06-07,0.00107098,0.00107098,0.00324510,OOS,low
2019-06-10,-0.00089391,-0.00089391,0.00309425,OOS,low
2019-06-11,0.00362418,0.00362418,0.00029924,OOS,low
2019-06-12,-0.00315682,-0.00315682,-0.00517635,OOS,low
2019-06-13,0.00269374,0.00269374,0.00315308,OOS,low
2019-06-14,-0.00002100,-0.00001805,-0.00013164,OOS,low
2019-06-17,-0.00431597,-0.00360875,-0.00049322,OOS,low
2019-06-18,0.00395519,0.00315736,0.01228856,OOS,low
2019-06-19,0.00090279,0.00071094,0.00362686,OOS,low
2019-06-20,0.00116776,0.00090867,0.01269697,OOS,low
2019-06-21,0.00045630,0.00033962,-0.00465559,OOS,low
2019-06-24,-0.00158016,-0.00117598,-0.00536881,OOS,low
2019-06-25,0.00696086,0.00517195,-0.01019175,OOS,low
2019-06-26,-0.00008579,-0.00005622,0.00211260,OOS,low
2019-06-27,0.00169696,0.00109588,0.00995041,OOS,low
2019-06-28,0.00263323,0.00169696,0.00851908,OOS,low
2019-07-01,0.00151461,0.00092942,0.00637773,OOS,low
2019-07-02,-0.00138590,-0.00082340,0.00209816,OOS,low
2019-07-03,-0.00084125,-0.00048717,0.00478953,OOS,low
2019-07-05,0.00414291,0.00225813,-0.00120557,OOS,low
2019-07-08,-0.00061175,-0.00030858,-0.00295628,OOS,low
2019-07-09,0.00220060,0.00110030,0.00139953,OOS,low
2019-07-10,-0.00372218,-0.00186109,0.00304262,OOS,low
2019-08-02,-0.00252017,-0.00126009,-0.00412077,OOS,low
2019-08-05,-0.00750703,-0.00375351,-0.02705515,OOS,mid
2019-08-06,0.00709436,0.00358389,0.01632574,OOS,low
2019-08-07,-0.00081023,-0.00041087,0.00029830,OOS,low
2019-08-08,0.01702102,0.00862895,0.02126276,OOS,low
2019-08-09,-0.00441068,-0.00233528,-0.00652115,OOS,low
2019-08-12,-0.00413011,-0.00219851,-0.00884342,OOS,low
2019-08-13,0.00282457,0.00150652,0.01149293,OOS,low
2019-08-14,-0.00690232,-0.00345116,-0.02763481,OOS,mid
2019-08-15,0.00946558,0.00473279,0.00061560,OOS,mid
2019-08-16,0.00339258,0.00169629,0.02163089,OOS,low
2019-08-19,0.00517870,0.00258935,0.00654984,OOS,low
2019-08-20,-0.00243423,-0.00121711,-0.00266990,OOS,low
2019-08-21,0.00592861,0.00296430,0.00845770,OOS,low
2019-08-22,0.00874781,0.00437391,-0.00518398,OOS,low
2019-08-23,-0.01358577,-0.00679289,-0.02097255,OOS,low
2019-08-26,0.00051908,0.00025954,0.01167573,OOS,low
2019-08-27,-0.01444197,-0.00722098,-0.00747135,OOS,low
2019-08-28,0.00754535,0.00377268,0.00541648,OOS,low
2019-08-29,0.01021231,0.00510615,0.01190884,OOS,low
2019-08-30,0.00474790,0.00237395,0.00582527,OOS,low
2019-09-03,-0.00236629,-0.00118315,-0.00415124,OOS,low
2019-09-04,-0.00589346,-0.00294673,0.01303246,OOS,low
2019-09-05,-0.00036543,-0.00018272,0.00992187,OOS,low
2019-09-16,-0.00682879,-0.00341439,0.00489264,OOS,low
2019-09-17,-0.00701651,-0.00350826,0.00528465,OOS,low
2019-09-18,-0.00702750,-0.00351375,-0.00024292,OOS,low
2019-09-19,0.00814308,0.00407154,-0.00186052,OOS,low
2019-09-20,0.00092525,0.00046262,-0.00419017,OOS,low
2019-09-23,0.00277253,0.00138626,0.00338521,OOS,low
2019-09-24,-0.00952653,-0.00476327,-0.00741525,OOS,low
2019-09-25,0.00724887,0.00365617,0.00549987,OOS,low
2019-09-26,0.01173949,0.00594828,-0.00338767,OOS,low
2019-09-27,-0.00119563,-0.00061560,-0.00866814,OOS,low
2019-09-30,0.00855529,0.00440327,0.00476461,OOS,low
2019-10-01,-0.00923814,-0.00461907,-0.01430255,OOS,low
2019-10-02,-0.01029911,-0.00519128,-0.01393033,OOS,low
2019-10-03,0.00644932,0.00332964,0.01079866,OOS,low
2019-10-04,0.02707635,0.01407442,0.01538844,OOS,low
2019-10-07,-0.00903875,-0.00533064,0.00047276,OOS,low
2019-10-08,-0.00690996,-0.00413297,-0.01046121,OOS,low
2019-10-09,0.00244146,0.00146701,0.00781579,OOS,low
2019-10-10,0.01466426,0.00878980,-0.00433134,OOS,low
2019-10-11,0.01068659,0.00666139,0.01144080,OOS,low
2019-10-14,-0.00111782,-0.00070400,-0.00308417,OOS,low
2019-10-24,-0.00018350,-0.00011529,0.00145843,OOS,low
2019-10-25,0.01305818,0.00820651,-0.00431507,OOS,low
2019-10-28,0.00480057,0.00310694,-0.00397327,OOS,low
2019-10-29,-0.00119332,-0.00077442,0.00432238,OOS,low
2019-10-30,0.00284095,0.00184239,0.00605717,OOS,low
2019-10-31,-0.00462617,-0.00297242,-0.00458518,OOS,low
2019-11-01,0.00680681,0.00440205,0.01870259,OOS,low
2019-11-04,0.00414936,0.00270169,0.01458834,OOS,low
2019-11-05,0.00032757,0.00021360,-0.00280810,OOS,low
2019-11-06,-0.00329382,-0.00214802,-0.00639672,OOS,low
2019-11-07,-0.00577006,-0.00377368,-0.00836076,OOS,low
2019-11-08,-0.00161881,-0.00106827,0.00386994,OOS,low
2019-11-11,0.00261462,0.00172556,-0.00047058,OOS,low
2019-11-12,0.00132135,0.00087221,0.00795783,OOS,low
2019-11-13,-0.00026252,-0.00017328,0.00260967,OOS,low
2019-11-14,0.00434310,0.00285888,0.00203534,OOS,low
2019-11-15,0.01066885,0.00702603,0.00465132,OOS,low
2019-11-18,0.00215616,0.00143213,-0.00093069,OOS,low
2019-11-19,0.00242824,0.00160748,-0.00451805,OOS,low
2019-11-20,0.00308614,0.00204188,-0.00017059,OOS,low
2019-11-21,-0.00828085,-0.00532104,-0.00876398,OOS,low
2019-11-22,0.00510495,0.00332572,-0.00039073,OOS,low
2019-11-25,0.00491796,0.00320003,0.00910364,OOS,low
2019-11-26,-0.00586428,-0.00382544,0.00482544,OOS,low
2019-11-27,0.00547745,0.00357903,0.00337329,OOS,low
2019-11-29,-0.00581339,-0.00378423,-0.00271160,OOS,low
2019-12-02,-0.01006452,-0.00661637,-0.00934346,OOS,low
2019-12-03,-0.00540077,-0.00363455,-0.00299595,OOS,low
2019-12-04,0.00678512,0.00459673,0.00213832,OOS,low
2019-12-05,0.00291203,0.00198228,-0.00225658,OOS,low
2019-12-06,-0.00105155,-0.00071173,0.00625447,OOS,low
2019-12-09,0.00857704,0.00566311,-0.00213989,OOS,low
2019-12-20,0.02493510,0.01665794,0.00915728,OOS,low
2019-12-23,-0.00319086,-0.00230617,-0.00229524,OOS,low
2019-12-24,-0.00194478,-0.00140792,-0.00047047,OOS,low
2019-12-26,0.00149733,0.00107900,0.00281811,OOS,low
2019-12-27,0.00082155,0.00059151,-0.00614416,OOS,low
2019-12-30,-0.00268064,-0.00192670,-0.00322488,OOS,low
2019-12-31,0.00069419,0.00049755,0.00414892,OOS,low
2020-01-03,-0.00076509,-0.00054813,-0.00329893,OOS,low
2020-01-06,0.00071055,0.00050551,0.00574410,OOS,low
2020-01-07,-0.00402489,-0.00283918,-0.00010787,OOS,low
2020-01-08,0.00104714,0.00073687,0.00126217,OOS,low
2020-01-09,0.00154841,0.00108543,0.00387489,OOS,low
2020-01-10,0.01512506,0.01060119,0.00161325,OOS,low
2020-01-13,0.00666267,0.00484625,0.01082734,OOS,low
2020-01-14,-0.00094788,-0.00068299,0.00231142,OOS,low
2020-01-15,0.00079196,0.00057029,0.00304716,OOS,low
2020-01-16,-0.00423502,-0.00302254,0.01425069,OOS,low
2020-01-17,0.00002650,0.00001903,0.00360351,OOS,low
2020-01-21,-0.00295795,-0.00211517,0.00172358,OOS,low
2020-01-22,-0.00068076,-0.00048231,-0.00289248,OOS,low
2020-01-23,-0.00010692,-0.00007455,0.00472550,OOS,low
2020-01-30,0.00209409,0.00145814,0.00087169,OOS,low
2020-01-31,0.00586963,0.00377422,-0.01652426,OOS,low
2020-02-03,0.00123959,0.00078385,0.01117095,OOS,low
2020-02-04,-0.00199713,-0.00124453,0.01154716,OOS,low
2020-02-05,-0.00179739,-0.00112342,0.01022710,OOS,low
2020-02-06,0.00008700,0.00005273,-0.00181096,OOS,low
2020-02-07,0.00412427,0.00245260,-0.00342106,OOS,low
2020-02-10,0.00789894,0.00469750,0.01211452,OOS,low
2020-02-11,0.00060616,0.00036327,0.01207258,OOS,low
2020-02-12,-0.00131083,-0.00076084,0.00890908,OOS,low
2020-02-13,0.00286851,0.00166204,0.00368752,OOS,low
2020-02-14,0.00046020,0.00026636,0.00488240,OOS,low
2020-02-18,0.00346474,0.00200434,0.00117604,OOS,low
2020-02-19,0.00030225,0.00017341,0.01072147,OOS,low
2020-02-20,-0.00331517,-0.00188706,0.00005500,OOS,low
2020-02-21,-0.00704773,-0.00402019,-0.00703108,OOS,low
2020-02-24,-0.00839936,-0.00485863,-0.02200201,OOS,low
2020-02-25,-0.00459011,-0.00269226,-0.03144815,OOS,mid
2020-02-26,0.00229019,0.00133643,-0.01660168,OOS,mid
2020-02-27,-0.00563380,-0.00328256,-0.04188697,OOS,mid
2020-02-28,0.00472401,0.00277632,-0.01532604,OOS,mid
2020-03-02,0.00275615,0.00162439,0.03819045,OOS,mid
2020-03-03,0.00107250,0.00063222,-0.01609430,OOS,mid
2020-03-04,0.00183594,0.00107901,0.03939812,OOS,mid
2020-03-05,-0.00736048,-0.00421515,-0.02970770,OOS,mid
2020-03-16,-0.05572267,-0.03233599,-0.12598288,OOS,high
2020-03-17,0.00749740,0.00661563,0.06694587,OOS,high
2020-03-18,0.00309265,0.00275866,-0.08035957,OOS,high
2020-03-19,0.00851747,0.00755620,0.02155710,OOS,high
2020-03-20,0.00867551,0.00778873,-0.03164400,OOS,high
2020-03-23,0.00769572,0.00699650,-0.02289299,OOS,high
2020-03-24,-0.01261402,-0.01154884,0.10327378,OOS,high
2020-03-25,-0.00443570,-0.00418983,0.03275627,OOS,high
2020-03-26,0.00627742,0.00593412,0.06710335,OOS,high
2020-03-27,-0.00080342,-0.00075691,-0.02912557,OOS,high
2020-03-30,-0.00171108,-0.00160639,0.02839886,OOS,high
2020-03-31,-0.00065761,-0.00061525,-0.01299802,OOS,high
2020-04-01,0.00406623,0.00380231,-0.04809326,OOS,high
2020-04-02,-0.00509902,-0.00478116,0.02167949,OOS,high
2020-04-03,0.00115745,0.00108414,-0.02652101,OOS,high
2020-04-06,0.00111481,0.00097278,0.06949191,OOS,high
2020-04-07,-0.00132691,-0.00115666,-0.00288567,OOS,high
2020-04-08,-0.00599914,-0.00522853,0.05364895,OOS,high
2020-04-09,0.00146724,0.00128749,0.02808298,OOS,high
2020-04-13,0.00253288,0.00222351,-0.01753271,OOS,high
2020-04-14,0.00244695,0.00214937,0.02705260,OOS,high
2020-04-28,0.01171233,0.01030084,0.01060898,OOS,mid
2020-04-29,0.00375648,0.00339672,0.01610714,OOS,mid
2020-04-30,-0.00678749,-0.00615385,-0.01821315,OOS,mid
2020-05-01,-0.00350643,-0.00320398,-0.03348590,OOS,high
2020-05-04,-0.00173185,-0.00158660,0.00280014,OOS,high
2020-05-05,0.00118426,0.00108534,0.01062184,OOS,high
2020-05-06,-0.00311903,-0.00277687,-0.01448155,OOS,high
2020-05-07,0.00468968,0.00415409,0.01174147,OOS,high
2020-05-08,0.00640343,0.00570104,0.02582665,OOS,mid
2020-05-11,-0.00232820,-0.00209128,-0.00813316,OOS,mid
2020-05-12,-0.01073022,-0.00962685,-0.02851147,OOS,high
2020-05-13,-0.00967588,-0.00888077,-0.01974661,OOS,high
2020-05-14,0.00289094,0.00269938,0.01183358,OOS,high
2020-05-15,0.00140172,0.00131175,0.00561717,OOS,high
2020-05-18,0.01665258,0.01559328,0.04740237,OOS,mid
2020-05-19,-0.00063422,-0.00062789,-0.00677590,OOS,mid
2020-05-20,0.00641287,0.00632889,0.01534418,OOS,mid
2020-05-21,-0.00223437,-0.00222423,-0.00505509,OOS,mid
2020-05-22,-0.00401291,-0.00399750,0.00816333,OOS,mid
2020-05-26,0.01082699,0.01081790,0.02072869,OOS,mid
2020-05-27,0.00518523,0.00530721,0.01759383,OOS,mid
2020-05-28,-0.00521137,-0.00535700,0.00331407,OOS,mid
2020-05-29,0.00139258,0.00143360,0.00398649,OOS,mid
2020-06-01,0.00236426,0.00243487,0.01189557,OOS,mid
2020-06-02,0.00277817,0.00286417,0.01092723,OOS,mid
2020-06-03,0.00597682,0.00616835,0.01821704,OOS,low
2020-06-04,0.00873651,0.00908174,0.00105054,OOS,low
2020-06-05,0.00626200,0.00660436,0.02294551,OOS,low
2020-06-08,0.01582207,0.01681116,0.02229441,OOS,low
2020-06-09,-0.00609014,-0.00677589,-0.01579223,OOS,low
2020-06-10,-0.00542133,-0.00606583,-0.00607869,OOS,low
2020-06-11,-0.01515740,-0.01700112,-0.06418772,OOS,mid
2020-06-12,0.00351650,0.00413453,0.01385736,OOS,mid
2020-06-15,0.00420722,0.00495645,0.01723161,OOS,mid
2020-06-16,0.00797764,0.00940638,0.02291905,OOS,low
2020-06-17,-0.00253642,-0.00302330,-0.00079783,OOS,low
2020-06-18,0.00076876,0.00091800,-0.00798117,OOS,low
2020-06-19,-0.00401439,-0.00479379,-0.00974730,OOS,mid
2020-06-22,0.00703392,0.00843447,0.00514574,OOS,mid
2020-06-23,0.00067165,0.00080984,-0.00034908,OOS,mid
2020-06-24,-0.00724532,-0.00719973,-0.01974896,OOS,mid
2020-06-25,-0.00149933,-0.00150246,0.01007125,OOS,mid
2020-06-26,-0.00228564,-0.00229192,-0.02107356,OOS,mid
2020-06-29,0.00581878,0.00579259,0.02327493,OOS,mid
2020-06-30,0.00906869,0.00898187,0.00923799,OOS,mid
2020-07-01,-0.00448006,-0.00446427,0.00544986,OOS,low
2020-07-02,-0.00238268,-0.00231035,0.00358147,OOS,low
2020-07-06,0.00885725,0.00855818,0.00750951,OOS,low
2020-07-07,-0.00630581,-0.00613787,-0.01790722,OOS,mid
2020-07-08,0.00879846,0.00865343,0.00678530,OOS,low
2020-07-09,0.00086429,0.00085959,-0.01069812,OOS,mid
2020-08-03,0.00320869,0.00318933,0.01395782,OOS,low
2020-08-04,0.01436924,0.01427358,0.01473134,OOS,low
2020-08-05,0.00266027,0.00271654,0.00991780,OOS,low
2020-08-06,0.00252129,0.00257544,0.00100237,OOS,low
2020-08-07,0.00898892,0.00918390,0.01366427,OOS,low
2020-08-10,0.00125955,0.00130002,0.00941675,OOS,low
2020-08-11,-0.01130728,-0.01156043,-0.01045563,OOS,low
2020-08-12,0.01089092,0.01151730,0.00783390,OOS,low
2020-08-13,0.00020098,0.00021641,-0.00141421,OOS,low
2020-08-14,-0.00280488,-0.00302125,-0.00506686,OOS,low
2020-08-17,0.00308275,0.00328673,0.00174001,OOS,low
2020-08-18,-0.00359660,-0.00383428,-0.00374684,OOS,low
2020-08-19,-0.00529741,-0.00561623,-0.00733488,OOS,low
2020-08-20,0.00044155,0.00047059,-0.00650068,OOS,low
2020-08-21,-0.00199162,-0.00211937,-0.00132196,OOS,low
2020-08-24,0.00231163,0.00246559,0.00796706,OOS,low
2020-08-25,0.00657663,0.00699285,0.00258747,OOS,low
2020-08-26,0.00829691,0.00885967,0.00154004,OOS,low
2020-08-27,-0.00159370,-0.00171307,0.00344112,OOS,low
2020-08-28,0.00866630,0.00931098,0.01399973,OOS,low
2020-08-31,0.00196338,0.00208144,-0.00008001,OOS,low
2020-09-01,0.00564047,0.00584573,0.00649008,OOS,low
2020-09-02,0.00606755,0.00630497,0.01654620,OOS,low
2020-09-03,-0.02314681,-0.02412800,-0.03058199,OOS,low
2020-09-04,-0.00865831,-0.00984302,-0.00966062,OOS,low
2020-09-08,-0.00795969,-0.00922934,-0.01795469,OOS,mid
2020-09-16,0.01252137,0.01471050,0.00157386,OOS,low
2020-09-17,-0.00621436,-0.00748456,-0.00904182,OOS,low
2020-09-18,-0.00387374,-0.00469909,-0.01207220,OOS,mid
2020-09-21,0.00156767,0.00188640,-0.02083225,OOS,mid
2020-09-22,0.00377892,0.00453591,0.01140036,OOS,mid
2020-09-23,-0.01006778,-0.01203012,-0.02088307,OOS,mid
2020-09-24,0.00172325,0.00211080,0.00533061,OOS,mid
2020-09-25,0.00719062,0.00880678,0.01272076,OOS,mid
2020-09-28,0.00634298,0.00783024,0.01756372,OOS,low
2020-09-29,0.00235241,0.00291180,-0.00004721,OOS,low
2020-09-30,0.00039548,0.00048543,0.00356224,OOS,low
2020-10-01,0.00156349,0.00191067,0.00733129,OOS,low
2020-10-02,-0.00656876,-0.00773398,0.00345680,OOS,low
2020-10-05,0.01070172,0.01262902,0.02390561,OOS,low
2020-10-06,-0.00143268,-0.00171405,0.00155147,OOS,low
2020-10-07,0.01065163,0.01213128,0.01651251,OOS,low
2020-10-08,0.00313652,0.00363495,0.01563361,OOS,low
2020-10-09,0.00118188,0.00136803,0.00209017,OOS,low
2020-10-12,0.00654592,0.00749786,0.00936607,OOS,low
2020-10-13,-0.00142565,-0.00163819,-0.00640346,OOS,low
2020-10-14,-0.00121836,-0.00140194,-0.00058169,OOS,low
2020-10-28,-0.02183408,-0.02500314,-0.02496424,OOS,mid
2020-10-29,-0.00275853,-0.00346224,0.00639878,OOS,low
2020-10-30,-0.00325252,-0.00409211,-0.00762997,OOS,mid
2020-11-02,0.00196746,0.00246216,0.01509917,OOS,low
2020-11-03,0.00469578,0.00587421,0.01536536,OOS,low
2020-11-04,0.00225312,0.00282375,0.00383340,OOS,low
2020-11-05,0.01078501,0.01348080,0.02240201,OOS,low
2020-11-06,0.00131151,0.00165949,-0.00011159,OOS,low
2020-11-09,-0.00395343,-0.00498227,0.00642607,OOS,low
2020-11-10,-0.00373417,-0.00472178,0.00505256,OOS,low
2020-11-11,0.01242923,0.01566547,0.01309809,OOS,low
2020-11-12,-0.00315849,-0.00406498,-0.00848741,OOS,low
2020-11-13,0.00634297,0.00813286,0.01481908,OOS,low
2020-11-16,-0.00085141,-0.00109855,0.01414822,OOS,low
2020-11-17,-0.00000533,-0.00000688,-0.00590196,OOS,low
2020-11-18,-0.00132484,-0.00167109,-0.00578820,OOS,low
2020-11-19,0.00125537,0.00158398,0.00363539,OOS,low
2020-11-20,-0.00412121,-0.00519820,-0.00421173,OOS,low
2020-11-23,0.00231945,0.00291043,0.01349695,OOS,low
2020-11-24,0.00298015,0.00374201,0.01167464,OOS,low
2020-11-25,0.00153511,0.00189126,-0.00096581,OOS,low
2020-11-27,0.00180897,0.00219280,-0.00070074,OOS,low
2020-11-30,-0.00237358,-0.00287811,-0.00288395,OOS,low
2020-12-01,0.00287765,0.00348882,0.00615719,OOS,low
2020-12-02,0.00387780,0.00470212,0.00436534,OOS,low
2020-12-03,-0.00007600,-0.00009209,-0.00055309,OOS,low
2020-12-04,0.00752695,0.00906641,0.01282925,OOS,low
2020-12-07,0.00139427,0.00169520,0.00187122,OOS,low
2020-12-08,0.00828636,0.01006071,0.00582680,OOS,low
2021-01-11,-0.01082444,-0.01328614,-0.00427733,OOS,low
2021-01-12,-0.00178621,-0.00224410,0.00713687,OOS,low
2021-01-13,-0.00106513,-0.00132825,0.00542851,OOS,low
2021-01-14,-0.00016562,-0.00020649,0.00276010,OOS,low
2021-01-15,-0.00158961,-0.00196182,-0.00214707,OOS,low
2021-01-19,0.00248674,0.00307063,0.00938837,OOS,low
2021-01-20,0.00125445,0.00154427,0.00730267,OOS,low
2021-01-21,0.00080803,0.00099009,-0.00224336,OOS,low
2021-01-22,-0.00339740,-0.00379086,0.00081475,OOS,low
2021-01-25,-0.00127248,-0.00139748,0.00588509,OOS,low
2021-01-26,-0.00220481,-0.00237962,-0.00247340,OOS,low
2021-01-27,-0.00374372,-0.00390672,-0.02863506,OOS,low
2021-01-28,0.01376097,0.01423148,0.00995710,OOS,low
2021-01-29,-0.00809111,-0.00860162,-0.01531013,OOS,low
2021-02-01,0.00656381,0.00709614,0.01857132,OOS,low
2021-02-02,0.00327533,0.00355675,0.01117872,OOS,low
2021-02-03,-0.00246842,-0.00259973,0.00160384,OOS,low
2021-02-04,-0.00111836,-0.00118088,0.00823994,OOS,low
2021-02-05,0.00105006,0.00109730,0.00047532,OOS,low
2021-02-08,0.00452779,0.00468809,0.01099718,OOS,low
2021-02-09,-0.00002429,-0.00002520,0.00402639,OOS,low
2021-02-10,-0.00259081,-0.00268831,-0.00209755,OOS,low
2021-02-11,0.00481905,0.00501164,-0.00210289,OOS,low
2021-02-12,-0.00039435,-0.00040542,-0.00066441,OOS,low
2021-02-16,-0.00258801,-0.00258831,-0.00384740,OOS,low
2021-02-17,-0.00149104,-0.00149284,-0.00705710,OOS,low
2021-02-18,-0.00250679,-0.00244264,-0.00889210,OOS,low
2021-02-19,-0.00014134,-0.00013770,0.00341013,OOS,low
2021-02-22,-0.00617200,-0.00601240,-0.00889645,OOS,low
2021-02-23,0.00066202,0.00064335,-0.00016000,OOS,low
2021-02-24,0.00557636,0.00541501,0.01240052,OOS,low
2021-02-25,-0.00939552,-0.00917017,-0.02704426,OOS,low
2021-02-26,-0.00291904,-0.00247438,-0.00704818,OOS,mid
2021-03-01,0.00698567,0.00590913,0.02814545,OOS,low
2021-03-02,-0.00182048,-0.00154142,-0.01649553,OOS,low
2021-03-03,-0.00227729,-0.00192971,-0.01286677,OOS,mid
2021-03-04,-0.00524854,-0.00442148,-0.01820965,OOS,mid
2021-03-05,0.00777501,0.00658817,0.02505077,OOS,low
2021-03-08,0.00453255,0.00368930,-0.00073455,OOS,low
2021-03-09,0.00604029,0.00493084,0.02209953,OOS,low
2021-03-10,0.00546951,0.00444988,0.01006425,OOS,low
2021-03-11,0.00379148,0.00307015,0.01846156,OOS,low
2021-03-15,0.00600101,0.00450427,0.00876494,OOS,low
2021-03-16,0.00260735,0.00195217,-0.00890879,OOS,low
2021-03-17,0.00253568,0.00185930,-0.00462432,OOS,low
2021-03-18,-0.01408672,-0.01032387,-0.01903201,OOS,low
2021-03-19,0.00530791,0.00406518,0.00702555,OOS,low
2021-03-22,0.00615405,0.00472665,0.00143961,OOS,low
2021-03-23,-0.00698855,-0.00539847,-0.01514906,OOS,low
2021-03-24,-0.00342465,-0.00264765,-0.00800726,OOS,low
2021-03-25,0.00235992,0.00182749,0.00803006,OOS,low
2021-03-26,0.01963022,0.01515455,0.01865602,OOS,low
2021-03-29,-0.00527311,-0.00436244,-0.00846818,OOS,low
2021-03-30,-0.00988548,-0.00823482,0.00603520,OOS,low
2021-03-31,0.00515884,0.00438157,0.01130929,OOS,low
2021-04-01,0.01011131,0.00860316,0.01176797,OOS,low
2021-04-05,0.01230221,0.01061100,0.00951360,OOS,low
2021-04-06,-0.00394654,-0.00349720,-0.00008234,OOS,low
2021-04-07,-0.00011448,-0.00009998,-0.00527644,OOS,low
2021-04-08,0.00465644,0.00406560,0.00231052,OOS,low
2021-04-09,0.00241035,0.00205814,0.00199999,OOS,low
2021-04-12,0.00044189,0.00035619,0.00106982,OOS,low
2021-04-13,-0.00401929,-0.00323086,0.00261356,OOS,low
2021-04-23,0.00235874,0.00190302,0.01041335,OOS,low
2021-04-26,0.00133773,0.00107949,0.00425559,OOS,low
2021-04-27,0.00105837,0.00085207,-0.00203972,OOS,low
2021-04-28,-0.00529756,-0.00425752,-0.00114846,OOS,low
2021-04-29,0.00088558,0.00071718,0.00653964,OOS,low
2021-04-30,-0.00151228,-0.00122466,-0.00729738,OOS,low
2021-05-03,-0.00256581,-0.00206700,0.00036431,OOS,low
2021-05-04,-0.00156428,-0.00126148,-0.00594169,OOS,low
2021-05-05,-0.00290416,-0.00233778,-0.00583821,OOS,low
2021-05-06,0.00150524,0.00120697,0.00365494,OOS,low
2021-05-07,0.00281192,0.00211372,0.00771244,OOS,low
2021-05-10,-0.00230476,-0.00167891,-0.01028980,OOS,low
2021-05-11,-0.00055527,-0.00039851,-0.00262083,OOS,low
2021-05-12,-0.01482665,-0.01060336,-0.03258095,OOS,mid
2021-05-13,0.00164939,0.00123258,0.01154854,OOS,low
2021-05-14,0.00208184,0.00155485,0.01781069,OOS,low
2021-05-17,0.00391594,0.00292565,0.00077442,OOS,low
2021-05-18,-0.00298105,-0.00221697,-0.00404026,OOS,low
2021-05-19,-0.00242712,-0.00180935,-0.00291728,OOS,low
2021-05-20,0.00646002,0.00480756,0.00928815,OOS,low
2021-05-21,-0.00100850,-0.00074999,0.00195540,OOS,low
2021-05-24,0.00021099,0.00015695,0.00550928,OOS,low
2021-05-25,-0.00238309,-0.00176692,-0.01036314,OOS,low
2021-05-26,0.00460781,0.00341784,0.00856980,OOS,low
2021-05-27,0.00195721,0.00145232,0.00244880,OOS,low
2021-05-28,0.00164756,0.00122284,0.00258583,OOS,low
2021-06-01,0.00598027,0.00436627,0.00922845,OOS,low
2021-06-02,0.00158327,0.00116231,0.00583167,OOS,low
2021-06-03,0.00266691,0.00194046,0.00106869,OOS,low
2021-06-04,0.00504561,0.00352950,0.00928097,OOS,low
2021-06-07,0.01162437,0.00811907,0.00377224,OOS,low
2021-06-08,0.01213738,0.00857557,0.00623897,OOS,low
2021-06-09,-0.00479294,-0.00345837,0.00020148,OOS,low
2021-06-10,-0.00605467,-0.00438898,-0.00103897,OOS,low
2021-06-11,0.00958052,0.00694386,0.00375219,OOS,low
2021-06-14,-0.00918791,-0.00667010,-0.00067479,OOS,low
2021-06-15,-0.00534989,-0.00396204,-0.00376785,OOS,low
2021-06-16,-0.00990599,-0.00735260,-0.00823520,OOS,low
2021-06-17,-0.00967318,-0.00731368,-0.00195744,OOS,low
2021-06-18,-0.01560046,-0.01202483,-0.02122238,OOS,low
2021-06-21,0.00833269,0.00671571,0.01215411,OOS,low
2021-06-22,-0.00423089,-0.00345371,0.00467010,OOS,low
2021-06-23,-0.00063597,-0.00052075,-0.00150303,OOS,low
2021-06-24,0.01101640,0.00870556,0.00893324,OOS,low
2021-06-25,0.00231297,0.00186226,0.01829873,OOS,low
2021-06-28,0.00617138,0.00494114,0.00853091,OOS,low
2021-06-29,-0.00408073,-0.00325412,-0.00615423,OOS,low
2021-06-30,0.00397932,0.00317756,0.00226830,OOS,low
2021-07-01,0.00137343,0.00109871,0.00841008,OOS,low
2021-07-02,0.00461703,0.00341811,-0.00039238,OOS,low
2021-07-06,-0.00596479,-0.00439570,-0.00523782,OOS,low
2021-07-07,0.00214482,0.00154883,0.00024087,OOS,low
2021-07-08,-0.00805252,-0.00578075,-0.00771676,OOS,low
2021-07-09,0.00730906,0.00517538,0.01462506,OOS,low
2021-07-12,-0.00320850,-0.00218965,0.00151871,OOS,low
2021-07-13,-0.01241549,-0.00844398,-0.01149414,OOS,low
2021-07-14,-0.00658446,-0.00462074,-0.00360096,OOS,low
2021-07-15,-0.00461438,-0.00324136,-0.00517628,OOS,low
2021-07-16,-0.00772275,-0.00543288,-0.00736829,OOS,low
2021-07-19,-0.00751964,-0.00534644,-0.01354062,OOS,low
2021-07-20,0.01461855,0.01046417,0.01607589,OOS,low
2021-07-21,0.01318697,0.00986380,0.00803589,OOS,low
2021-07-22,-0.01051011,-0.00815136,-0.00397510,OOS,low
2021-08-02,-0.00554764,-0.00439428,0.00004189,OOS,low
2021-08-03,0.00337486,0.00267421,0.01007401,OOS,low
2021-08-04,-0.00471964,-0.00374948,-0.00719091,OOS,low
2021-08-05,0.00206961,0.00165024,0.00520364,OOS,low
2021-08-06,0.00204413,0.00163022,0.00178841,OOS,low
2021-08-09,-0.00083371,-0.00066541,-0.00055779,OOS,low
2021-08-10,0.00432435,0.00344640,0.00423887,OOS,low
2021-08-11,0.00595022,0.00475956,0.00668437,OOS,low
2021-08-12,-0.00141841,-0.00114156,0.00008986,OOS,low
2021-08-13,-0.00091262,-0.00073415,-0.00283146,OOS,low
2021-08-16,-0.00043006,-0.00034600,-0.00275497,OOS,low
2021-08-17,-0.00108697,-0.00084205,-0.00644507,OOS,low
2021-08-18,-0.00186745,-0.00144639,-0.00827752,OOS,low
2021-08-19,-0.00171946,-0.00133168,-0.00030388,OOS,low
2021-08-20,-0.00051461,-0.00039756,0.01110963,OOS,low
2021-08-23,-0.00055473,-0.00042787,0.00913890,OOS,low
2021-08-24,0.00183291,0.00141224,0.00439733,OOS,low
2021-08-25,0.00107877,0.00082486,0.00348560,OOS,low
2021-08-26,-0.00296599,-0.00226813,-0.00309451,OOS,low
2021-08-27,0.00534330,0.00409310,0.01521656,OOS,low
2021-08-30,0.00115780,0.00089138,0.00134948,OOS,low
2021-08-31,0.00685497,0.00525701,0.00284364,OOS,low
2021-09-01,0.00183884,0.00142300,0.00333074,OOS,low
2021-09-02,0.01627162,0.01259415,0.01267096,OOS,low
2021-09-03,-0.00060465,-0.00049010,-0.00103164,OOS,low
2021-09-07,-0.00026444,-0.00021430,-0.00325859,OOS,low
2021-09-14,-0.00106495,-0.00086214,-0.00916421,OOS,low
2021-09-15,-0.00041044,-0.00033109,0.01072597,OOS,low
2021-09-16,-0.00426598,-0.00336667,-0.00252273,OOS,low
2021-09-17,0.00223053,0.00171998,-0.00690376,OOS,low
2021-09-20,-0.00123162,-0.00094761,-0.02029758,OOS,low
2021-09-21,-0.00269495,-0.00206092,-0.00203443,OOS,low
2021-09-22,-0.00558628,-0.00419733,0.00923355,OOS,low
2021-09-23,0.00055466,0.00041279,0.00565411,OOS,low
2021-09-24,0.00004544,0.00003365,-0.00365289,OOS,low
2021-09-27,0.00193432,0.00140337,0.00234104,OOS,low
2021-09-28,0.00018583,0.00013203,-0.01990947,OOS,mid
2021-09-29,-0.00147245,-0.00097926,0.00332231,OOS,low
2021-09-30,0.00492444,0.00321071,-0.00954734,OOS,mid
2021-10-01,-0.00219391,-0.00142740,0.00760957,OOS,low
2021-10-04,0.00410439,0.00267332,-0.00677850,OOS,mid
2021-10-05,-0.00497161,-0.00312999,0.00559200,OOS,mid
2021-10-06,-0.00183616,-0.00116045,0.00359610,OOS,low
2021-10-07,-0.00256680,-0.00160248,0.00936193,OOS,low
2021-10-08,-0.01023812,-0.00636443,-0.00847173,OOS,low
2021-10-11,-0.00655544,-0.00413784,-0.00859395,OOS,mid
2021-10-12,0.00206491,0.00131269,0.00333202,OOS,mid
2021-10-27,0.02316269,0.01463926,-0.01163522,OOS,low
2021-10-28,0.00680900,0.00473510,0.01838847,OOS,low
2021-10-29,0.00145712,0.00102196,-0.00053871,OOS,low
2021-11-01,0.00075515,0.00052186,0.01645778,OOS,low
2021-11-02,-0.00350865,-0.00239774,0.00185047,OOS,low
2021-11-03,0.00537110,0.00367215,0.01176622,OOS,low
2021-11-04,-0.00970926,-0.00644825,0.00177731,OOS,low
2021-11-05,0.00397270,0.00266501,0.00826881,OOS,low
2021-11-08,-0.00047282,-0.00031611,0.00968943,OOS,low
2021-11-09,0.00189421,0.00124622,-0.00039572,OOS,low
2021-11-10,-0.00397346,-0.00257095,-0.01329496,OOS,low
2021-11-11,0.00458966,0.00283097,0.00452517,OOS,low
2021-11-12,0.00314839,0.00184842,0.00587166,OOS,low
2021-11-15,0.00199267,0.00111937,0.00304670,OOS,low
2021-11-16,0.00069307,0.00038333,0.00604051,OOS,low
2021-11-17,-0.00406837,-0.00224269,-0.00717425,OOS,low
2021-11-18,-0.00985233,-0.00539179,-0.00044852,OOS,low
2021-11-19,0.00446219,0.00249661,0.00661501,OOS,low
2021-11-22,-0.00446014,-0.00250038,-0.00495604,OOS,low
2021-11-23,0.00562448,0.00316810,0.00303826,OOS,low
2021-11-24,0.00181655,0.00102209,0.00311423,OOS,low
2021-11-26,-0.01952577,-0.01084473,-0.02121679,OOS,low
2021-11-29,0.00848267,0.00508205,0.01023618,OOS,low
2021-11-30,-0.02385311,-0.01448471,-0.02667639,OOS,low
2021-12-01,-0.00932176,-0.00630823,-0.01397543,OOS,mid
2021-12-02,0.00767314,0.00528309,0.01114924,OOS,low
2021-12-03,-0.00755226,-0.00526075,-0.00648870,OOS,low
2021-12-06,0.00970473,0.00683470,0.01274686,OOS,low
2021-12-07,0.01830640,0.01314474,0.02394649,OOS,low
2022-01-07,-0.01310848,-0.01003609,-0.00566823,OOS,low
2022-01-10,0.00526779,0.00417923,-0.00526843,OOS,mid
2022-01-11,-0.00236081,-0.00188294,0.00786821,OOS,low
2022-01-12,0.00118648,0.00094578,0.00202278,OOS,low
2022-01-13,0.00068606,0.00054415,-0.01033674,OOS,mid
2022-01-14,0.00232139,0.00184094,0.00081973,OOS,mid
2022-01-18,-0.00573673,-0.00451312,-0.01943263,OOS,mid
2022-01-19,-0.00315736,-0.00249919,-0.01532079,OOS,mid
2022-01-20,-0.00547880,-0.00410055,-0.01011815,OOS,mid
2022-01-21,-0.00297809,-0.00224066,-0.01877531,OOS,mid
2022-01-24,0.00093962,0.00070784,0.00574321,OOS,mid
2022-01-25,-0.00200888,-0.00151390,-0.01796989,OOS,mid
2022-01-26,0.00516955,0.00389761,-0.00410003,OOS,mid
2022-01-27,0.00293461,0.00221976,-0.01524591,OOS,mid
2022-01-28,0.00462616,0.00350214,0.02053843,OOS,mid
2022-01-31,0.00293442,0.00223237,0.02840104,OOS,mid
2022-02-01,-0.00081517,-0.00062063,0.00345716,OOS,mid
2022-02-02,0.00427745,0.00323703,0.00771303,OOS,mid
2022-02-03,-0.01121559,-0.00852035,-0.02545142,OOS,mid
2022-02-04,0.00111910,0.00087187,0.00174809,OOS,mid
2022-02-07,-0.00314559,-0.00244948,0.00030242,OOS,mid
2022-02-08,0.00393504,0.00306952,0.01011225,OOS,mid
2022-02-09,0.00735899,0.00575999,0.02322043,OOS,mid
2022-02-10,-0.01036701,-0.00817953,-0.02439263,OOS,mid
2022-02-11,-0.00945803,-0.00761855,-0.01844711,OOS,mid
2022-02-14,-0.00025619,-0.00020933,-0.00512049,OOS,mid
2022-02-15,0.00875588,0.00713701,0.02392471,OOS,mid
2022-02-16,-0.00081176,-0.00067289,-0.00059562,OOS,mid
2022-02-17,-0.00950477,-0.00787453,-0.02313008,OOS,mid
2022-02-18,-0.00217857,-0.00181642,-0.01100755,OOS,mid
2022-02-22,-0.00124498,-0.00103396,-0.01353235,OOS,mid
2022-02-23,-0.00446038,-0.00370259,-0.02538876,OOS,high
2022-02-24,0.01696165,0.01312981,0.03070329,OOS,mid
2022-02-25,0.00778436,0.00634964,0.01915292,OOS,mid
2022-02-28,0.00331233,0.00273811,0.00914697,OOS,mid
2022-03-01,-0.00107388,-0.00089001,-0.01706029,OOS,mid
2022-03-02,0.00619891,0.00513087,0.01631757,OOS,mid
2022-03-03,0.00331070,0.00275157,-0.00655027,OOS,mid
2022-03-04,0.00302888,0.00249297,-0.01024768,OOS,mid
2022-03-07,-0.00423636,-0.00348583,-0.01519236,OOS,mid
2022-03-08,-0.00306564,-0.00253154,0.00769287,OOS,mid
2022-03-09,0.00364547,0.00301390,0.02333838,OOS,mid
2022-03-10,0.00082977,0.00068682,-0.00003511,OOS,mid
2022-03-11,-0.00277950,-0.00229505,-0.00145705,OOS,mid
2022-03-14,-0.00469167,-0.00387472,-0.02018224,OOS,mid
2022-03-15,0.01036826,0.00859327,0.01809949,OOS,mid
2022-03-16,0.00830280,0.00704129,0.02212765,OOS,mid
2022-03-17,0.00097178,0.00083499,0.01115233,OOS,mid
2022-03-18,0.00445502,0.00379580,0.00554029,OOS,mid
2022-03-21,-0.00182994,-0.00156268,0.00193003,OOS,mid
2022-03-22,0.00245929,0.00209762,0.00652061,OOS,mid
2022-03-23,-0.00358207,-0.00305061,-0.01062939,OOS,mid
2022-03-24,0.00971758,0.00829790,0.01548022,OOS,mid
2022-03-25,0.00400098,0.00335881,0.00435713,OOS,mid
2022-03-28,0.00276150,0.00230913,0.00826607,OOS,mid
2022-03-29,0.00627140,0.00488231,0.01591376,OOS,low
2022-03-30,-0.00318982,-0.00245499,-0.00970292,OOS,mid
2022-03-31,-0.00211543,-0.00162240,-0.00817347,OOS,mid
2022-04-01,-0.00012046,-0.00009138,0.00786445,OOS,mid
2022-04-04,0.00377105,0.00282186,0.00499018,OOS,mid
2022-04-05,-0.01077671,-0.00758729,-0.01324763,OOS,mid
2022-04-06,-0.00956737,-0.00660435,-0.00405986,OOS,mid
2022-04-07,-0.00058402,-0.00040942,0.00008646,OOS,mid
2022-04-08,-0.00792265,-0.00554352,-0.00217856,OOS,mid
2022-04-27,-0.00443849,-0.00315054,-0.00134252,OOS,mid
2022-04-28,0.00600805,0.00428477,0.02137464,OOS,mid
2022-04-29,-0.01440781,-0.01033396,-0.02714056,OOS,mid
2022-05-02,-0.00362971,-0.00269599,0.00351921,OOS,mid
2022-05-03,-0.00463785,-0.00344621,0.00593147,OOS,mid
2022-05-04,0.01257289,0.00932419,0.03582429,OOS,mid
2022-05-05,-0.01434688,-0.01094483,-0.03334142,OOS,mid
2022-05-06,-0.00348814,-0.00277851,-0.00299113,OOS,mid
2022-05-09,-0.03014719,-0.02405992,-0.04236934,OOS,high
2022-05-10,-0.00317044,-0.00295935,-0.01863144,OOS,high
2022-05-11,-0.01387406,-0.01295000,-0.01954986,OOS,high
2022-05-12,0.00028847,0.00027801,-0.00111032,OOS,high
2022-05-13,0.01993730,0.01918083,0.03691712,OOS,high
2022-05-16,0.00011775,0.00012289,-0.00073063,OOS,high
2022-05-17,0.01443532,0.01502790,0.02903875,OOS,high
2022-05-18,-0.01320305,-0.01417827,-0.02589870,OOS,high
2022-05-19,0.00072499,0.00080567,0.00765971,OOS,high
2022-05-20,-0.00067492,-0.00074958,0.00189879,OOS,high
2022-05-23,0.00748294,0.00829511,0.01025908,OOS,high
2022-05-24,-0.00731156,-0.00815641,-0.00875368,OOS,high
2022-05-25,0.00374067,0.00417264,0.01833905,OOS,high
2022-05-26,0.01161251,0.01287361,0.01877750,OOS,mid
2022-05-27,0.01150341,0.01310709,0.03285554,OOS,mid
2022-05-31,-0.00351132,-0.00407687,-0.00999602,OOS,mid
2022-06-01,-0.00694946,-0.00809085,-0.00863758,OOS,mid
2022-06-02,0.02278497,0.02654173,0.02310875,OOS,mid
2022-06-03,-0.00526026,-0.00673964,-0.01186186,OOS,mid
2022-06-06,-0.00109393,-0.00141074,-0.00096320,OOS,mid
2022-06-07,0.01978084,0.02546322,0.01070624,OOS,mid
2022-06-08,0.00062087,0.00084442,-0.01119447,OOS,mid
2022-06-09,-0.00574796,-0.00778971,-0.02819628,OOS,mid
2022-06-10,-0.01093515,-0.01493127,-0.03327268,OOS,high
2022-06-13,-0.01039478,-0.01456241,-0.06045283,OOS,high
2022-06-14,-0.00472538,-0.00675389,-0.01448417,OOS,high
2022-06-15,0.00717818,0.01029749,0.01826356,OOS,high
2022-06-16,-0.01483779,-0.02150550,-0.04495971,OOS,high
2022-06-17,0.00445915,0.00674300,0.01491997,OOS,high
2022-06-21,0.00532141,0.00807955,0.02009776,OOS,high
2022-06-22,-0.00323562,-0.00493849,-0.00305134,OOS,high
2022-06-23,0.00361375,0.00552657,0.00744399,OOS,high
2022-06-24,0.01390095,0.02131158,0.03008383,OOS,high
2022-06-27,-0.00142794,-0.00227226,-0.00114911,OOS,high
2022-06-28,-0.00982777,-0.01555638,-0.02193111,OOS,high
2022-06-29,-0.00317054,-0.00509833,-0.01944168,OOS,high
2022-08-01,0.01013731,0.01633032,-0.00051244,OOS,mid
2022-08-02,-0.00005173,-0.00008505,0.00354509,OOS,mid
2022-08-03,0.00332795,0.00547077,0.01133828,OOS,mid
2022-08-04,0.00295060,0.00486022,0.00480096,OOS,mid
2022-08-05,0.00187311,0.00308866,0.00233900,OOS,mid
2022-08-08,0.00434530,0.00713261,0.00701713,OOS,mid
2022-08-09,-0.00147588,-0.00242998,-0.01226640,OOS,mid
2022-08-10,0.00924494,0.01522259,0.02756691,OOS,mid
2022-08-11,-0.00019521,-0.00032653,0.00213271,OOS,mid
2022-08-12,0.00552797,0.00924181,0.02163405,OOS,low
2022-08-15,0.00114945,0.00193267,0.00878304,OOS,low
2022-08-16,-0.00153684,-0.00258442,-0.00535945,OOS,low
2022-08-17,-0.00495428,-0.00833308,-0.01541163,OOS,mid
2022-08-18,0.00213101,0.00358764,0.00693959,OOS,mid
2022-08-19,-0.00588743,-0.00988305,-0.01836393,OOS,mid
2022-08-22,-0.00798941,-0.01351637,-0.02266647,OOS,mid
2022-08-23,0.00102763,0.00175833,-0.00088265,OOS,mid
2022-08-24,0.00747801,0.01278691,0.01349718,OOS,mid
2022-08-25,0.00523082,0.00903334,0.01894686,OOS,mid
2022-08-26,-0.00995138,-0.01712761,-0.03046227,OOS,mid
2022-08-29,0.00597396,0.01050127,0.00142423,OOS,mid
2022-08-30,-0.00580865,-0.01026680,-0.01538633,OOS,mid
2022-08-31,0.00042430,0.00075200,0.00214648,OOS,mid
2022-09-01,-0.00426644,-0.00749510,-0.01195580,OOS,mid
2022-09-02,-0.00254671,-0.00449029,-0.00991099,OOS,mid
2022-09-06,-0.00258038,-0.00436595,-0.01095467,OOS,mid
2022-09-07,0.01069338,0.01810981,0.01890542,OOS,mid
2022-09-08,0.00626573,0.01068315,0.01328691,OOS,mid
2022-09-09,0.01290655,0.02213932,0.02311620,OOS,mid
2022-09-12,0.00177598,0.00307094,0.00909140,OOS,mid
2022-09-13,-0.01495438,-0.02585835,-0.04029219,OOS,mid
2022-09-14,0.00562373,0.01009111,0.00353606,OOS,mid
2022-09-15,-0.00236114,-0.00419388,-0.01610408,OOS,mid
2022-09-16,-0.00319858,-0.00569266,-0.00687271,OOS,mid
2022-09-19,0.00044788,0.00079943,0.00614291,OOS,mid
2022-09-20,-0.00497627,-0.00885204,-0.02138643,OOS,mid
2022-09-21,-0.00038474,-0.00068499,-0.01182697,OOS,high
2022-09-22,-0.00399512,-0.00710955,-0.01829652,OOS,high
2022-09-23,-0.00375074,-0.00663758,-0.02574388,OOS,high
2022-09-26,-0.00077313,-0.00135809,-0.01844311,OOS,high
2022-09-27,0.00371919,0.00652588,-0.00181125,OOS,high
2022-09-28,0.00521812,0.00913321,0.02308045,OOS,high
2022-09-29,-0.00436014,-0.00730774,-0.03396418,OOS,high
2022-09-30,0.00121349,0.00203512,-0.00479184,OOS,high
2022-10-03,0.00345635,0.00579656,0.03297046,OOS,high
2022-10-04,-0.00374869,-0.00599476,0.03821689,OOS,high
2022-10-05,-0.00374945,-0.00601301,-0.01313201,OOS,high
2022-10-06,0.00105972,0.00169611,-0.01425056,OOS,high
2022-10-07,-0.00416869,-0.00654937,-0.03687651,OOS,high
2022-10-10,0.00097523,0.00150938,-0.00980875,OOS,high
2022-10-11,-0.00284989,-0.00439138,-0.00462427,OOS,high
2022-10-12,-0.00786621,-0.01203896,-0.01563903,OOS,high
2022-10-26,0.00663521,0.00985606,0.00310314,OOS,high
2022-10-27,0.00417071,0.00622412,-0.00389466,OOS,high
2022-10-28,0.01424512,0.02120849,0.02375934,OOS,high
2022-10-31,-0.00182633,-0.00281837,-0.00747401,OOS,high
2022-11-01,-0.00427715,-0.00659485,0.00372449,OOS,high
2022-11-02,-0.01248044,-0.01857900,-0.02160710,OOS,high
2022-11-03,-0.00110050,-0.00169075,0.00055209,OOS,high
2022-11-04,0.00722933,0.01086542,0.02023055,OOS,high
2022-11-07,0.00026029,0.00039416,0.00449872,OOS,high
2022-11-08,-0.00122890,-0.00181678,-0.00076104,OOS,high
2022-11-09,-0.01307759,-0.01934106,-0.03030325,OOS,high
2022-11-10,0.03319847,0.05068794,0.06855736,OOS,mid
2022-11-11,0.00471344,0.00868453,0.01761714,OOS,mid
2022-11-14,-0.00831103,-0.01536934,-0.01628690,OOS,mid
2022-11-15,0.00526635,0.00986058,0.01426682,OOS,mid
2022-11-16,-0.00311015,-0.00585218,-0.01174772,OOS,mid
2022-11-17,-0.00193727,-0.00360481,-0.00721226,OOS,mid
2022-11-18,0.00232314,0.00432632,0.00501144,OOS,mid
2022-11-21,0.00042124,0.00078129,-0.00912796,OOS,mid
2022-11-22,-0.00237486,-0.00440389,0.00162138,OOS,mid
2022-11-23,0.00408829,0.00758697,0.01730903,OOS,mid
2022-11-25,0.00118094,0.00218980,0.00244419,OOS,mid
2022-11-28,-0.00598566,-0.01109393,-0.02210543,OOS,mid
2022-11-29,0.00045801,0.00085022,-0.00182490,OOS,mid
2022-11-30,0.00849477,0.01558621,0.03054017,OOS,mid
2022-12-01,0.00000841,0.00001564,-0.00218782,OOS,mid
2022-12-02,-0.00078982,-0.00145598,0.00203259,OOS,mid
2022-12-05,-0.00552772,-0.01014378,-0.01977166,OOS,mid
2022-12-06,-0.00330084,-0.00598345,-0.01098908,OOS,mid
2022-12-23,0.00838646,0.01513590,0.01015409,OOS,high
2022-12-27,-0.00237315,-0.00431334,-0.00758849,OOS,high
2022-12-28,-0.00207022,-0.00376812,-0.01998110,OOS,high
2022-12-29,0.00333352,0.00605013,0.02470784,OOS,high
2022-12-30,0.00168681,0.00306242,0.00045127,OOS,high
2023-01-04,-0.00624196,-0.01131788,0.01400472,OOS,mid
2023-01-05,-0.00327175,-0.00586764,-0.01670353,OOS,high
2023-01-06,-0.00153879,-0.00274609,0.02559198,OOS,mid
2023-01-09,0.00243948,0.00420942,0.01432868,OOS,mid
2023-01-10,-0.00054889,-0.00094775,0.00903243,OOS,mid
2023-01-11,0.00206736,0.00340019,0.01530631,OOS,mid
2023-01-12,0.00147167,0.00240332,0.01340396,OOS,mid
2023-01-13,0.00117085,0.00191038,0.00450705,OOS,mid
2023-01-17,-0.00007044,-0.00011465,0.00086512,OOS,mid
2023-01-18,-0.00029938,-0.00048730,-0.02028594,OOS,mid
2023-01-19,-0.00013133,-0.00021239,-0.01806584,OOS,mid
2023-01-20,0.00183974,0.00297504,0.02234259,OOS,mid
2023-01-23,0.00266951,0.00429992,0.01764339,OOS,mid
2023-01-24,-0.00036588,-0.00058758,0.00349133,OOS,mid
2023-01-25,-0.00124905,-0.00200546,0.00046755,OOS,mid
2023-01-26,0.00822984,0.01318249,0.01350109,OOS,mid
2023-01-27,0.00187917,0.00303119,0.01812542,OOS,mid
2023-01-30,-0.00769563,-0.01235565,-0.01884958,OOS,mid
2023-01-31,0.00485806,0.00790461,0.01863638,OOS,mid
2023-02-01,0.00303382,0.00494683,0.02158677,OOS,low
2023-02-02,0.01095410,0.01782614,0.01473989,OOS,low
2023-02-03,-0.00360856,-0.00598241,-0.01200157,OOS,low
2023-02-06,-0.00265498,-0.00441793,-0.00610721,OOS,low
2023-02-07,0.00455510,0.00756387,0.00574670,OOS,low
2023-02-08,-0.00196554,-0.00327427,-0.00834982,OOS,low
2023-02-09,0.00053376,0.00088841,-0.01553666,OOS,mid
2023-02-10,-0.00018607,-0.00030554,0.00433190,OOS,mid
2023-02-13,0.00642833,0.01049689,0.00819271,OOS,low
2023-02-14,0.00036182,0.00059365,0.00316223,OOS,low
2023-02-15,0.00197818,0.00314145,0.01591521,OOS,low
2023-02-16,-0.00224174,-0.00355720,-0.01012232,OOS,low
2023-02-17,-0.00147309,-0.00233026,-0.00296067,OOS,low
2023-02-21,-0.00827320,-0.01266486,-0.02734634,OOS,mid
2023-02-22,-0.00003278,-0.00005101,0.00068405,OOS,mid
2023-02-23,0.00438560,0.00676725,0.01983087,OOS,low
2023-02-24,0.00179472,0.00277735,-0.00733672,OOS,mid
2023-02-27,0.00345390,0.00534224,-0.00155730,OOS,mid
2023-02-28,-0.00294685,-0.00439000,-0.00133626,OOS,mid
2023-03-01,0.00056944,0.00062352,-0.00269886,OOS,mid
2023-03-02,0.00340917,0.00368964,0.00856398,OOS,low
2023-03-03,0.00558113,0.00576569,0.02414516,OOS,low
2023-03-06,-0.00207729,-0.00212154,-0.00230929,OOS,low
2023-03-07,-0.00669047,-0.00678386,-0.01050160,OOS,low
2023-03-08,0.00106307,0.00108625,0.00612482,OOS,low
2023-03-09,-0.00575415,-0.00586449,-0.02113177,OOS,mid
2023-03-10,-0.00731280,-0.00751669,-0.02736665,OOS,mid
2023-03-13,0.00172630,0.00178872,0.00890515,OOS,mid
2023-03-14,0.00555943,0.00570539,0.01348573,OOS,mid
2023-03-15,-0.00588382,-0.00606760,-0.01094075,OOS,mid
2023-03-16,0.00523239,0.00529715,0.01859780,OOS,mid
2023-03-17,-0.00560901,-0.00570369,-0.00960037,OOS,mid
2023-03-20,0.00479611,0.00468543,0.00877053,OOS,mid
2023-03-21,0.00215831,0.00211716,0.01504776,OOS,low
2023-03-22,-0.00602841,-0.00591268,-0.02158902,OOS,mid
2023-03-23,0.00271268,0.00261844,0.00306087,OOS,mid
2023-03-24,0.00226719,0.00216907,0.00722922,OOS,low
2023-03-27,-0.00251178,-0.00228433,-0.00163257,OOS,low
2023-03-28,-0.00097197,-0.00088052,-0.00357463,OOS,mid
2023-03-29,0.00443184,0.00399807,0.02140364,OOS,low
2023-03-30,0.00382387,0.00343307,0.00605352,OOS,low
2023-03-31,0.00956970,0.00859623,0.02330228,OOS,low
2023-04-03,-0.00069893,-0.00061452,-0.00055302,OOS,low
2023-04-04,-0.00874296,-0.00759618,-0.02312718,OOS,low
2023-04-05,-0.00332336,-0.00293420,-0.01019634,OOS,low
2023-04-06,0.00019782,0.00017475,0.00691085,OOS,low
2023-04-26,0.00688395,0.00607701,-0.00036532,OOS,low
2023-04-27,0.01438473,0.01277125,0.02664964,OOS,low
2023-04-28,-0.00105622,-0.00097193,0.00628540,OOS,low
2023-05-01,-0.00279966,-0.00257795,-0.00516625,OOS,low
2023-05-02,-0.00200394,-0.00185026,-0.00766414,OOS,low
2023-05-03,-0.00111608,-0.00103189,0.00248701,OOS,low
2023-05-04,-0.00207963,-0.00192388,-0.00160229,OOS,low
2023-05-05,0.00836308,0.00774162,0.02039109,OOS,low
2023-05-08,-0.00208417,-0.00194629,-0.00650339,OOS,low
2023-05-09,0.00013707,0.00012817,0.00074515,OOS,low
2023-05-10,0.00241187,0.00225133,0.00974490,OOS,low
2023-05-11,0.00160721,0.00144390,-0.00694960,OOS,low
2023-05-12,0.01369246,0.01228477,0.00341153,OOS,low
2023-05-15,0.00023699,0.00021029,0.01487836,OOS,low
2023-05-16,-0.00361608,-0.00316759,0.00258234,OOS,low
2023-05-17,0.00461048,0.00403746,0.01893073,OOS,low
2023-05-18,0.00619056,0.00498206,0.00724196,OOS,low
2023-05-19,-0.00304399,-0.00243021,-0.00164319,OOS,low
2023-05-22,-0.00050598,-0.00040175,0.00948642,OOS,low
2023-05-23,-0.00432128,-0.00337784,-0.00858274,OOS,low
2023-05-24,-0.00338703,-0.00264830,-0.00965175,OOS,low
2023-05-25,0.01125116,0.00882831,0.02172577,OOS,low
2023-05-26,0.01391923,0.01116660,0.02258741,OOS,low
2023-05-30,-0.00112384,-0.00090557,0.01404932,OOS,low
2023-05-31,-0.00211770,-0.00170782,-0.01380841,OOS,low
2023-06-01,-0.00033336,-0.00026878,0.00524902,OOS,low
2023-06-02,0.01211818,0.00971759,0.01394462,OOS,low
2023-06-05,0.00541865,0.00444437,-0.00216189,OOS,low
2023-06-06,0.00093474,0.00072358,0.01178929,OOS,low
2023-06-07,-0.00261248,-0.00202142,0.00453089,OOS,low
2023-06-08,0.00743070,0.00570374,0.00542726,OOS,low
2023-06-09,-0.01040954,-0.00804348,-0.00717046,OOS,low
2023-06-12,0.01419355,0.01120247,0.01574903,OOS,low
2023-06-13,-0.00452806,-0.00366428,0.00949767,OOS,low
2023-06-14,0.00461458,0.00376073,0.00280478,OOS,low
2023-06-15,-0.00090716,-0.00073939,0.00837734,OOS,low
2023-06-16,-0.00471401,-0.00381783,-0.00077407,OOS,low
2023-06-20,0.00069164,0.00056250,-0.00458689,OOS,low
2023-06-21,0.00297848,0.00237601,-0.00114897,OOS,low
2023-06-22,-0.00378829,-0.00302384,-0.00355583,OOS,low
2023-06-23,-0.01581915,-0.01249615,-0.01615743,OOS,low
2023-06-26,0.00391426,0.00320447,0.00344520,OOS,low
2023-06-27,0.01400346,0.01147924,0.01078947,OOS,low
2023-06-28,-0.00376738,-0.00317100,0.00204311,OOS,low
2023-06-29,0.00521723,0.00434765,0.00889786,OOS,low
2023-06-30,-0.00365053,-0.00303567,0.01245919,OOS,low
2023-07-03,0.00723428,0.00596153,0.01125103,OOS,low
2023-07-05,-0.01131866,-0.00935758,0.00230382,OOS,low
2023-07-06,-0.00834521,-0.00712629,-0.01246836,OOS,low
2023-07-07,0.00341177,0.00292874,0.01193442,OOS,low
2023-07-10,0.00878978,0.00754771,0.01391731,OOS,low
2023-07-11,0.00880753,0.00765055,0.00887496,OOS,low
2023-08-04,-0.01567264,-0.01372624,-0.00086047,OOS,low
2023-08-07,0.00107550,0.00099643,0.00302156,OOS,low
2023-08-08,-0.00011697,-0.00010813,0.00568005,OOS,low
2023-08-09,-0.00270573,-0.00249838,-0.00981195,OOS,low
2023-08-10,-0.00083903,-0.00076537,-0.00420643,OOS,low
2023-08-11,0.00145733,0.00132953,-0.00222080,OOS,low
2023-08-14,0.00485873,0.00435280,0.01024941,OOS,low
2023-08-15,-0.00747551,-0.00669055,-0.01626369,OOS,low
2023-08-16,-0.01272837,-0.01156387,-0.01335507,OOS,low
2023-08-17,-0.00270629,-0.00253495,-0.01340955,OOS,mid
2023-08-18,0.00297186,0.00268766,0.00401662,OOS,mid
2023-08-21,0.00085804,0.00077666,0.00628421,OOS,low
2023-08-22,0.00080145,0.00072375,-0.00202547,OOS,mid
2023-08-23,0.00673307,0.00607171,0.01988978,OOS,low
2023-08-24,-0.00715499,-0.00649791,-0.02140808,OOS,mid
2023-08-25,0.00555634,0.00510234,0.00489619,OOS,low
2023-08-28,0.00453361,0.00413087,0.00804926,OOS,low
2023-08-29,0.00965043,0.00880721,0.02167171,OOS,low
2023-08-30,-0.00028162,-0.00026122,0.00335921,OOS,low
2023-08-31,-0.00021582,-0.00020013,-0.00313043,OOS,low
2023-09-01,-0.00548971,-0.00509091,0.00053558,OOS,low
2023-09-05,-0.00748062,-0.00675561,-0.01019863,OOS,low
2023-09-08,0.01760667,0.01610555,0.00053127,OOS,low
2023-09-11,0.00391979,0.00378855,-0.00087579,OOS,low
2023-09-12,-0.00328834,-0.00317707,-0.00490538,OOS,low
2023-09-13,0.00242720,0.00234195,-0.00315752,OOS,low
2023-09-14,0.00626139,0.00603422,0.01491687,OOS,low
2023-09-15,-0.00354439,-0.00343770,-0.01376395,OOS,low
2023-09-18,-0.00239955,-0.00232758,-0.00430052,OOS,low
2023-09-19,-0.00219301,-0.00212627,-0.00552544,OOS,low
2023-09-20,0.00123753,0.00118344,-0.00743409,OOS,mid
2023-09-21,-0.01431591,-0.01332266,-0.02226188,OOS,mid
2023-09-22,0.00106646,0.00103532,-0.00253520,OOS,mid
2023-09-25,-0.00145103,-0.00140786,0.00512706,OOS,mid
2023-09-26,-0.00774504,-0.00751837,-0.01996581,OOS,mid
2023-09-27,-0.00197346,-0.00189932,0.00636292,OOS,mid
2023-09-28,0.00033729,0.00032323,0.00526350,OOS,mid
2023-09-29,0.00033227,0.00031838,-0.00307449,OOS,mid
2023-10-02,-0.00131421,-0.00125845,-0.01729143,OOS,mid
2023-10-03,-0.00763653,-0.00725386,-0.01672846,OOS,mid
2023-10-04,0.00750723,0.00711184,0.00935348,OOS,mid
2023-10-05,0.00043963,0.00040882,-0.00296210,OOS,mid
2023-10-06,0.00643973,0.00597334,0.02367124,OOS,mid
2023-10-09,0.00088848,0.00082873,0.00054569,OOS,mid
2023-10-10,0.00590776,0.00551181,0.01543113,OOS,mid
2023-10-11,-0.00098209,-0.00092053,0.00937304,OOS,mid
2023-10-12,0.00182955,0.00171493,-0.01269477,OOS,mid
2023-10-13,-0.00030295,-0.00028378,-0.01068667,OOS,mid
2023-10-16,-0.00694595,-0.00649323,0.01658594,OOS,mid
2023-10-17,0.00068532,0.00062295,0.00646776,OOS,mid
2023-10-18,0.00503869,0.00456850,-0.02758485,OOS,mid
2023-10-19,-0.00517084,-0.00455183,-0.01710673,OOS,mid
2023-10-20,0.00137281,0.00121180,-0.01661823,OOS,mid
2023-10-23,0.00010588,0.00009299,0.00185092,OOS,mid
2023-10-24,-0.00048151,-0.00042198,0.02071058,OOS,mid
2023-10-25,0.00008137,0.00007056,-0.01298554,OOS,mid
2023-10-26,0.00133827,0.00113301,0.00171876,OOS,mid
2023-10-27,0.00716835,0.00598210,-0.00720874,OOS,mid
2023-10-30,0.00195005,0.00164055,0.00369229,OOS,mid
2023-10-31,0.01073806,0.00888737,0.01490081,OOS,mid
2023-11-01,0.00031534,0.00026263,0.00805137,OOS,mid
2023-11-02,0.01771919,0.01387760,0.02645093,OOS,mid
2023-11-03,0.00865284,0.00718968,0.01428203,OOS,mid
2023-11-06,-0.00605748,-0.00510094,-0.00908660,OOS,mid
2023-11-07,0.00128346,0.00108797,-0.00506507,OOS,mid
2023-11-08,-0.00013251,-0.00011228,-0.00519538,OOS,mid
2023-11-09,-0.00443386,-0.00375680,-0.01499502,OOS,mid
2023-11-10,0.00669917,0.00568015,0.00622377,OOS,mid
2023-11-13,-0.00334331,-0.00281448,-0.00452728,OOS,mid
2023-11-14,0.03099934,0.02501188,0.04055065,OOS,mid
2023-11-15,-0.00050658,-0.00047761,0.00330757,OOS,low
2023-11-16,-0.00166786,-0.00157259,-0.00866967,OOS,mid
2023-11-17,0.00140717,0.00132902,0.00447837,OOS,mid
2023-11-20,0.00561941,0.00530721,0.00840282,OOS,low
2023-11-21,-0.00048032,-0.00045288,-0.00615947,OOS,mid
2023-11-22,0.00217581,0.00202428,0.00769192,OOS,low
2023-11-24,0.00133624,0.00123873,0.00640399,OOS,low
2023-11-27,0.00118059,0.00109201,-0.00119115,OOS,low
2023-11-28,-0.00112081,-0.00102122,-0.00071341,OOS,low
2023-11-29,0.00198139,0.00180644,0.00227886,OOS,low
2023-11-30,0.00272513,0.00248409,0.00433831,OOS,low
2023-12-01,0.00713382,0.00644393,0.02035246,OOS,low
2023-12-04,-0.00052312,-0.00046808,0.00187007,OOS,low
2023-12-05,-0.00143730,-0.00120976,-0.00795282,OOS,low
2023-12-06,-0.00149625,-0.00125835,-0.00359274,OOS,low
2023-12-07,-0.00139063,-0.00116525,0.00143512,OOS,low
2023-12-22,-0.02553277,-0.02141198,0.00360727,OOS,low
2023-12-26,0.00127693,0.00120945,0.01302916,OOS,low
2023-12-27,0.00129949,0.00122641,0.00947861,OOS,low
2023-12-28,0.00200611,0.00188964,0.00176717,OOS,low
2023-12-29,-0.00496068,-0.00466577,-0.01429449,OOS,low
2024-01-03,-0.00282113,-0.00267094,-0.01730423,OOS,low
2024-01-04,0.00007595,0.00006872,0.00042099,OOS,low
2024-01-05,-0.00179506,-0.00162435,-0.00275481,OOS,low
2024-01-08,0.00118234,0.00107018,0.02089450,OOS,low
2024-01-09,0.00011301,0.00010045,-0.00164824,OOS,low
2024-01-10,0.00119881,0.00106350,0.00220737,OOS,low
2024-01-11,0.00019309,0.00017128,-0.00993848,OOS,low
2024-01-12,0.00226823,0.00201214,-0.00211740,OOS,low
2024-01-16,0.00123700,0.00109620,-0.01760355,OOS,mid
2024-01-17,0.00523381,0.00455147,-0.01394607,OOS,mid
2024-01-18,0.00221430,0.00191265,-0.00107017,OOS,mid
2024-01-19,0.00017496,0.00015113,0.01850236,OOS,low
2024-01-22,-0.00061525,-0.00052798,0.00861494,OOS,low
2024-01-23,0.00100552,0.00086346,0.00385520,OOS,low
2024-01-24,0.00051213,0.00043717,-0.00946467,OOS,low
2024-01-25,-0.01103776,-0.00941358,0.01384339,OOS,low
2024-01-26,0.01078156,0.00946864,0.00571620,OOS,low
2024-01-29,-0.00210753,-0.00188743,0.01896893,OOS,low
2024-01-30,-0.01123963,-0.00994006,-0.00187430,OOS,low
2024-01-31,-0.00708570,-0.00646125,-0.01489851,OOS,low
2024-02-01,-0.00658313,-0.00605871,0.02319355,OOS,low
2024-02-02,0.01453099,0.01343254,0.00429971,OOS,low
2024-02-05,0.00569965,0.00547397,-0.01478229,OOS,low
2024-02-06,-0.00085169,-0.00082182,0.00791622,OOS,low
2024-02-07,0.00844560,0.00815158,0.00901471,OOS,low
2024-02-08,0.00698232,0.00681605,0.01671243,OOS,low
2024-02-09,0.00538112,0.00529094,0.01570046,OOS,low
2024-02-12,0.00506004,0.00496849,0.01591916,OOS,low
2024-02-13,-0.00705066,-0.00694475,-0.02690225,OOS,low
2024-02-14,0.00290969,0.00286731,0.02157534,OOS,low
2024-02-15,-0.00158941,-0.00156738,0.01238742,OOS,low
2024-02-16,-0.00008808,-0.00008371,-0.01420737,OOS,low
2024-02-20,-0.00768869,-0.00723487,-0.01360156,OOS,low
2024-02-21,-0.00547259,-0.00518450,-0.00627889,OOS,low
2024-02-22,0.00531256,0.00507017,0.02386232,OOS,low
2024-02-23,-0.00176976,-0.00169708,0.00005034,OOS,low
2024-02-26,-0.00295742,-0.00282725,0.01084901,OOS,low
2024-02-27,0.00294922,0.00280898,0.01674578,OOS,low
2024-02-28,0.00611605,0.00581823,0.00883064,OOS,low
2024-02-29,0.00033680,0.00027403,0.01241243,OOS,low
2024-03-01,0.00100911,0.00082094,0.01941909,OOS,low
2024-03-04,-0.00187150,-0.00152113,0.01397751,OOS,low
2024-03-05,-0.00367049,-0.00298500,-0.00964417,OOS,low
2024-03-06,0.00114869,0.00092903,0.01985034,OOS,low
2024-03-07,0.00122073,0.00098745,0.01019644,OOS,low
2024-03-15,-0.00725369,-0.00586189,0.00520392,OOS,low
2024-03-18,-0.00071231,-0.00058167,0.00863615,OOS,low
2024-03-19,0.00221874,0.00181120,-0.00525072,OOS,low
2024-03-20,0.00596362,0.00487221,0.01530818,OOS,low
2024-03-21,0.00150801,0.00123998,0.01232259,OOS,low
2024-03-22,-0.00096820,-0.00079497,-0.00458128,OOS,low
2024-03-25,-0.00238787,-0.00193484,0.00632145,OOS,low
2024-03-26,-0.00194763,-0.00157969,-0.00819371,OOS,low
2024-03-27,0.00697475,0.00565875,0.02442216,OOS,low
2024-03-28,-0.00164560,-0.00134863,0.00147531,OOS,low
2024-04-01,-0.00418801,-0.00343269,-0.00084268,OOS,low
2024-04-02,-0.00464802,-0.00322933,-0.00972871,OOS,low
2024-04-03,0.00477952,0.00333633,0.00944401,OOS,low
2024-04-04,-0.00789927,-0.00553498,-0.01586498,OOS,low
2024-04-05,0.00399918,0.00283706,0.00892317,OOS,low
2024-04-08,-0.00016340,-0.00011515,0.00430716,OOS,low
2024-04-09,0.00311641,0.00218832,-0.00802418,OOS,low
2024-04-10,-0.00599362,-0.00421518,-0.01437699,OOS,low
2024-04-11,0.01660682,0.01176082,0.00711522,OOS,low
2024-04-12,-0.01327931,-0.00990300,-0.01419526,OOS,low
2024-04-15,-0.00958270,-0.00742389,-0.02151548,OOS,mid
2024-04-26,-0.00135092,-0.00106731,0.01077869,OOS,low
2024-04-29,0.00351251,0.00277637,0.00597439,OOS,low
2024-04-30,-0.00758903,-0.00600561,-0.02295896,OOS,low
2024-05-01,0.00145655,0.00116631,-0.00437317,OOS,low
2024-05-02,0.00563127,0.00448009,0.01544535,OOS,low
2024-05-03,0.01158583,0.00926815,0.02517978,OOS,low
2024-05-06,0.00496354,0.00407977,0.01915303,OOS,low
2024-05-07,0.00090863,0.00075028,-0.00528628,OOS,low
2024-05-08,0.00156612,0.00129313,0.00616714,OOS,low
2024-05-09,0.00847263,0.00699820,0.01962692,OOS,low
2024-05-10,-0.00182196,-0.00148097,-0.01115253,OOS,low
2024-05-13,-0.00150563,-0.00119283,0.00394225,OOS,low
2024-05-14,0.00436890,0.00345825,0.01365319,OOS,low
2024-05-15,0.01161887,0.00888852,0.02235191,OOS,low
2024-05-16,-0.00293630,-0.00225967,-0.01388584,OOS,low
2024-05-17,0.00370439,0.00281218,-0.00141513,OOS,low
2024-05-20,0.00243848,0.00174270,0.01011074,OOS,low
2024-05-21,0.01074239,0.00760734,0.00407523,OOS,low
2024-05-22,0.00855470,0.00617247,0.00054450,OOS,low
2024-05-23,-0.00583817,-0.00416904,-0.00907265,OOS,low
2024-05-24,0.01818403,0.01290458,0.03230765,OOS,low
2024-05-28,0.00095618,0.00071419,0.00575058,OOS,low
2024-05-29,-0.00604413,-0.00448257,-0.00998682,OOS,low
2024-05-30,0.00440261,0.00322601,0.00530456,OOS,low
2024-05-31,-0.00189953,-0.00139282,-0.00268390,OOS,low
2024-06-03,-0.00499935,-0.00366467,-0.01227295,OOS,low
2024-06-04,-0.01178859,-0.00870160,0.00083417,OOS,low
2024-06-05,0.01110741,0.00827768,0.02315496,OOS,low
2024-06-06,-0.01028247,-0.00773008,-0.00648405,OOS,low
2024-06-07,-0.00266595,-0.00204228,-0.00520714,OOS,low
2024-06-10,0.01421036,0.01089259,0.01489880,OOS,low
2024-06-11,0.00082031,0.00064908,0.00511936,OOS,low
2024-06-12,0.00485990,0.00384019,0.01856219,OOS,low
2024-06-13,0.00141662,0.00111329,0.00903410,OOS,low
2024-06-14,-0.00534657,-0.00420165,-0.00958675,OOS,low
2024-06-17,-0.00493914,-0.00391311,0.00521758,OOS,low
2024-06-18,0.00534720,0.00425914,0.00952220,OOS,low
2024-06-20,-0.01100347,-0.00876243,-0.00399295,OOS,low
2024-06-21,-0.00742867,-0.00608718,-0.01026019,OOS,low
2024-06-24,-0.00974515,-0.00809327,-0.00046365,OOS,low
2024-06-25,0.00880302,0.00738423,0.00605755,OOS,low
2024-06-26,-0.00654698,-0.00556716,-0.00610911,OOS,low
2024-06-27,-0.00466828,-0.00400989,0.00174574,OOS,low
2024-06-28,-0.00928418,-0.00797209,-0.00995961,OOS,low
2024-07-01,-0.00307657,-0.00269095,-0.00121275,OOS,low
2024-07-02,-0.00078831,-0.00069084,0.00193918,OOS,low
2024-07-03,0.01611621,0.01410975,0.01854903,OOS,low
2024-07-05,-0.01240190,-0.01140491,0.00119202,OOS,low
2024-07-08,0.01106414,0.01044013,0.00775321,OOS,low
2024-07-09,-0.00604836,-0.00584348,-0.00939248,OOS,low
2024-08-05,0.00147728,0.00143483,-0.02726753,OOS,mid
2024-08-06,0.01185430,0.01148506,0.01642993,OOS,mid
2024-08-07,-0.00862735,-0.00856947,-0.01048932,OOS,mid
2024-08-08,0.01357917,0.01361811,0.03120818,OOS,mid
2024-08-09,-0.00024620,-0.00025534,-0.00078159,OOS,mid
2024-08-12,0.00513651,0.00532739,-0.00128483,OOS,mid
2024-08-13,0.01415891,0.01474135,0.01700739,OOS,mid
2024-08-14,0.00000285,0.00000306,0.00222679,OOS,mid
2024-08-15,0.00407433,0.00428361,0.02021452,OOS,mid
2024-08-16,-0.00011844,-0.00012202,0.00139652,OOS,mid
2024-08-19,0.00658747,0.00669066,0.01163317,OOS,mid
2024-08-20,-0.00640400,-0.00653744,-0.00833111,OOS,mid
2024-08-21,0.00393704,0.00406502,0.01032731,OOS,mid
2024-08-22,-0.00856276,-0.00876506,-0.01398528,OOS,mid
2024-08-23,0.01987693,0.02074667,0.02378736,OOS,low
2024-08-26,-0.00499845,-0.00557680,-0.00881105,OOS,mid
2024-08-27,0.00249457,0.00277495,-0.00325624,OOS,mid
2024-08-28,-0.01000791,-0.01112138,-0.01921841,OOS,mid
2024-08-29,0.00050714,0.00057749,0.00533039,OOS,mid
2024-08-30,0.00774399,0.00881815,0.01099201,OOS,mid
2024-09-03,-0.02459944,-0.02812686,-0.04411536,OOS,mid
2024-09-04,0.00282918,0.00363914,0.00430842,OOS,mid
2024-09-05,-0.00518996,-0.00668147,0.00708506,OOS,mid
2024-09-06,-0.00763797,-0.00988574,-0.02088412,OOS,mid
2024-09-09,0.01089525,0.01415058,0.02792788,OOS,mid
2024-09-10,0.00882092,0.01172139,0.01734161,OOS,mid
2024-09-11,0.00772154,0.01040807,0.02485680,OOS,low
2024-09-12,-0.00271126,-0.00369461,0.00949768,OOS,low
2024-09-13,0.00135104,0.00183444,0.01705526,OOS,low
2024-09-16,0.00135670,0.00183561,0.00085323,OOS,low
2024-09-17,-0.00008325,-0.00011238,0.00282768,OOS,low
2024-09-18,-0.00084420,-0.00111891,-0.00135709,OOS,low
2024-09-19,0.00907381,0.01202897,0.02082386,OOS,low
2024-09-20,0.00438504,0.00589050,0.02279748,OOS,low
2024-09-23,0.00108823,0.00146548,0.01339095,OOS,low
2024-09-24,-0.00052276,-0.00070372,0.00868394,OOS,low
2024-09-25,-0.00013603,-0.00018276,0.00691111,OOS,low
2024-09-26,0.00352499,0.00468725,0.00415841,OOS,low
2024-09-27,-0.00038427,-0.00050848,0.00364378,OOS,low
2024-09-30,0.00114705,0.00150481,-0.00334239,OOS,low
2024-10-01,0.00097059,0.00127204,-0.00816992,OOS,low
2024-10-02,0.00101933,0.00131934,0.01085328,OOS,low
2024-10-03,0.00068439,0.00088585,0.00111274,OOS,low
2024-10-04,0.00334371,0.00432281,0.01536744,OOS,low
2024-10-07,-0.00304007,-0.00393649,-0.00643231,OOS,low
2024-10-08,0.00894500,0.01157886,0.00108492,OOS,low
2024-10-09,0.00869906,0.01138763,-0.00292346,OOS,low
2024-10-31,0.00007590,0.00010052,-0.01551864,OOS,low
2024-11-01,-0.00080865,-0.00105822,-0.00520517,OOS,low
2024-11-04,0.00435816,0.00566852,-0.00868669,OOS,low
2024-11-05,0.01170512,0.01508258,0.02764119,OOS,low
2024-11-06,-0.00180044,-0.00236271,0.02616681,OOS,low
2024-11-07,0.00987956,0.01290662,0.02273470,OOS,low
2024-11-08,0.00654241,0.00863575,0.01311470,OOS,low
2024-11-11,-0.00319868,-0.00419011,-0.00083425,OOS,low
2024-11-12,-0.00624965,-0.00820409,-0.01508050,OOS,low
2024-11-13,0.00025819,0.00034308,-0.00997798,OOS,low
2024-11-14,-0.00347356,-0.00453735,-0.01191882,OOS,low
2024-11-15,-0.00614280,-0.00788715,-0.00978159,OOS,low
2024-11-18,0.01083979,0.01396099,0.02026185,OOS,low
2024-11-19,0.01310141,0.01705109,0.02673496,OOS,low
2024-11-20,-0.00331133,-0.00442478,-0.00743323,OOS,low
2024-11-21,0.00804570,0.01069931,0.02353831,OOS,low
2024-11-22,0.00757556,0.01001825,0.01182263,OOS,low
2024-11-25,0.00976077,0.01280256,0.00340817,OOS,low
2024-11-26,0.00057472,0.00076288,-0.00158234,OOS,low
2024-11-27,0.00145022,0.00192398,-0.00129383,OOS,low
2024-11-29,0.00582611,0.00758805,0.01144443,OOS,low
2024-12-02,-0.00847873,-0.01107251,-0.00777366,OOS,low
2024-12-03,-0.00819187,-0.01092586,-0.00696283,OOS,low
2024-12-20,0.01956047,0.02659002,0.01422224,OOS,mid
2024-12-23,-0.00057562,-0.00083216,-0.00008559,OOS,mid
2024-12-24,0.00454634,0.00652674,0.01622834,OOS,mid
2024-12-26,0.00422814,0.00607861,0.00103693,OOS,mid
2024-12-27,-0.00637272,-0.00905262,-0.01914193,OOS,mid
2024-12-30,-0.00014442,-0.00020080,-0.01202508,OOS,mid
2024-12-31,-0.00197465,-0.00272892,-0.00718797,OOS,mid
2025-01-03,0.00180127,0.00249603,0.04328171,OOS,low
2025-01-06,-0.01129859,-0.01534399,0.01849869,OOS,low
2025-01-07,-0.00683336,-0.00960040,-0.02057413,OOS,low
2025-01-08,-0.00238406,-0.00338089,-0.01330591,OOS,mid
2025-01-10,-0.00524096,-0.00671292,-0.01182125,OOS,mid
2025-01-13,0.00030112,0.00038949,-0.01522704,OOS,mid
2025-01-14,0.00117206,0.00150165,0.01722055,OOS,mid
2025-01-15,-0.00838712,-0.01053985,0.02562544,OOS,low
2025-01-16,0.01103148,0.01389926,0.01264466,OOS,low
2025-01-17,-0.00381773,-0.00484002,0.01146610,OOS,low
2025-01-21,0.00516860,0.00652973,0.02775391,OOS,low
2025-01-22,0.00338126,0.00426653,0.00529800,OOS,low
2025-01-23,-0.00155981,-0.00196955,0.00528004,OOS,low
2025-01-30,-0.00025753,-0.00032584,0.03068612,OOS,mid
2025-01-31,-0.00375172,-0.00474745,-0.00312274,OOS,mid
2025-02-03,0.00052927,0.00067281,-0.00471486,OOS,mid
2025-02-04,0.00550281,0.00689999,0.00285004,OOS,mid
2025-02-05,0.00307363,0.00385892,0.01959005,OOS,mid
2025-02-06,-0.00141242,-0.00177436,0.00997190,OOS,low
2025-02-07,-0.00434574,-0.00546397,0.00577542,OOS,low
2025-02-10,0.00293346,0.00371147,0.01530182,OOS,low
2025-02-11,-0.00366322,-0.00463171,-0.01698746,OOS,low
2025-02-12,-0.00148662,-0.00188808,-0.00609104,OOS,low
2025-02-13,0.00558557,0.00710462,0.00188760,OOS,low
2025-02-14,-0.00216252,-0.00276168,-0.00081848,OOS,low
2025-02-18,0.00215271,0.00275569,0.00829615,OOS,low
2025-02-19,-0.00088300,-0.00113049,-0.00254813,OOS,low
2025-02-20,-0.00012720,-0.00016283,-0.01053763,OOS,mid
2025-02-21,-0.00463143,-0.00590844,-0.03313732,OOS,mid
2025-02-24,-0.00234551,-0.00297240,-0.02836822,OOS,mid
2025-02-25,-0.00230311,-0.00288447,-0.01275499,OOS,mid
2025-02-26,0.00719614,0.00902955,0.02335120,OOS,mid
2025-02-27,-0.01132765,-0.01432664,-0.03437483,OOS,mid
2025-02-28,0.00042123,0.00054729,0.01668201,OOS,mid
2025-03-03,-0.01117523,-0.01413826,-0.03939265,OOS,high
2025-03-04,0.00107032,0.00138996,-0.00239160,OOS,high
2025-03-05,0.00202735,0.00258008,0.01471170,OOS,mid
2025-03-06,-0.00484269,-0.00610935,-0.04996140,OOS,high
2025-03-07,0.00636689,0.00805325,0.01278610,OOS,high
2025-03-10,-0.00803620,-0.01015519,-0.03846168,OOS,high
2025-03-11,0.00588908,0.00754594,0.01869979,OOS,high
2025-03-12,0.00119091,0.00153209,0.01718385,OOS,high
2025-03-13,-0.00855022,-0.01090564,-0.01796667,OOS,high
2025-03-14,0.01036555,0.01311262,0.03755706,OOS,high
2025-03-17,0.00061308,0.00076339,0.01146124,OOS,high
2025-03-18,-0.00887758,-0.01102515,-0.02299505,OOS,high
2025-03-19,0.00676850,0.00840840,0.02450143,OOS,high
2025-03-20,-0.00371536,-0.00459624,-0.00144978,OOS,high
2025-03-21,0.00589311,0.00712953,-0.00492187,OOS,high
2025-03-24,0.00332516,0.00405577,0.03026837,OOS,mid
2025-03-25,-0.00062888,-0.00076866,-0.01513161,OOS,mid
2025-03-26,-0.00967329,-0.01171320,-0.03596227,OOS,high
2025-03-27,-0.00511062,-0.00620058,-0.01819778,OOS,high
2025-03-28,-0.00965810,-0.01159109,-0.01654496,OOS,high
2025-03-31,-0.00211902,-0.00229434,-0.00488751,OOS,high
2025-04-01,0.00352644,0.00381895,0.02447126,OOS,high
2025-04-02,0.00711437,0.00765656,0.01947927,OOS,high
2025-04-03,-0.04398957,-0.04756090,-0.06376213,OOS,high
2025-04-04,-0.02323094,-0.03313803,-0.06298126,OOS,high
2025-04-07,0.00707195,0.01103975,0.01782454,OOS,high
2025-04-08,-0.00518942,-0.00822407,-0.02230808,OOS,high
2025-04-09,0.05539397,0.08788055,0.11222887,OOS,high
2025-04-10,-0.01657671,-0.03989305,-0.04508145,OOS,high
2025-04-24,0.01146011,0.02898891,0.03333728,OOS,high
2025-04-25,0.00254137,0.00661270,0.01277144,OOS,high
2025-04-28,0.00019621,0.00051072,0.00828113,OOS,high
2025-04-29,-0.00019652,-0.00051153,0.00187916,OOS,high
2025-04-30,-0.00189664,-0.00493640,-0.01088762,OOS,high
2025-05-01,0.00401872,0.01043271,0.03191202,OOS,mid
2025-05-02,0.00209719,0.00542961,0.02159280,OOS,mid
2025-05-05,-0.00102166,-0.00264609,-0.00610811,OOS,mid
2025-05-06,-0.00086685,-0.00224225,0.00633206,OOS,mid
2025-05-07,0.00190523,0.00492533,0.00220106,OOS,mid
2025-05-08,0.00161114,0.00416846,0.01246804,OOS,mid
2025-05-09,0.00052122,0.00134939,0.00024126,OOS,mid
2025-05-12,0.00753992,0.01950915,0.03523260,OOS,mid
2025-05-13,0.00851177,0.02228532,0.02689639,OOS,mid
2025-05-14,0.00122424,0.00324827,0.00890989,OOS,low
2025-05-15,-0.00136617,-0.00362445,-0.00198599,OOS,low
2025-05-16,0.00143564,0.00381004,0.02510340,OOS,low
2025-05-19,-0.00163337,-0.00433178,0.00105856,OOS,low
2025-05-20,-0.00008975,-0.00023811,-0.00166151,OOS,low
2025-05-21,-0.00325401,-0.00862646,-0.01162722,OOS,low
2025-05-22,-0.00052441,-0.00139338,0.00196935,OOS,low
2025-05-23,0.00311630,0.00826930,0.01374175,OOS,low
2025-05-27,0.00462194,0.01228451,0.03044102,OOS,low
2025-05-28,0.00085827,0.00229029,-0.00557636,OOS,low
2025-05-29,-0.00057425,-0.00153238,-0.00203110,OOS,low
2025-05-30,-0.00100385,-0.00267909,-0.00262329,OOS,low
2025-06-02,-0.00051440,-0.00137156,0.01302204,OOS,low
2025-06-03,0.00488301,0.01301620,0.02216185,OOS,low
2025-06-04,0.00164357,0.00439873,0.01269092,OOS,low
2025-06-05,-0.00147589,-0.00394369,-0.01057580,OOS,low
2025-06-06,0.00472182,0.01253929,0.02132799,OOS,low
2025-06-09,0.00235959,0.00629042,0.00456662,OOS,low
2025-06-10,0.00010244,0.00027134,-0.00438587,OOS,low
2025-06-11,0.01503604,0.03982875,0.01365765,OOS,low
2025-06-12,-0.00001210,-0.00003341,0.00503627,OOS,low
2025-06-13,-0.00521457,-0.01437128,-0.01297909,OOS,low
2025-06-16,0.00363321,0.01007777,0.01990430,OOS,low
2025-06-17,-0.00527770,-0.01460544,-0.01308932,OOS,low
2025-06-18,0.00365111,0.01017208,0.00634914,OOS,low
2025-06-20,-0.00184401,-0.00514689,-0.00298470,OOS,low
2025-06-23,0.00076102,0.00211747,0.00191407,OOS,low
2025-06-24,0.00766018,0.02124217,0.02743735,OOS,low
2025-06-25,-0.00156018,-0.00436945,-0.01452508,OOS,low
2025-06-26,0.00720147,0.02009654,0.02096128,OOS,low
2025-06-27,-0.00084240,-0.00236823,0.00457346,OOS,low
2025-06-30,0.00676497,0.01900468,0.01551166,OOS,low
2025-07-01,-0.00744023,-0.02103831,-0.01502457,OOS,low
2025-07-02,0.00186088,0.00533814,0.01101613,OOS,low
2025-07-03,0.00407470,0.01168821,0.01555162,OOS,low
2025-07-07,-0.00124113,-0.00354877,-0.01286524,OOS,low
2025-07-31,-0.00221653,-0.00633100,0.00438176,OOS,low
2025-08-01,-0.00269455,-0.00767150,-0.02197247,OOS,low
2025-08-04,0.00342493,0.00977244,0.02121477,OOS,low
2025-08-05,-0.00005027,-0.00014362,0.00833150,OOS,low
2025-08-06,-0.00050632,-0.00144592,-0.00552641,OOS,low
2025-08-07,0.00130277,0.00346644,0.00350655,OOS,low
2025-08-08,0.00164572,0.00419659,-0.00291223,OOS,low
2025-08-11,0.00093250,0.00237428,-0.00561705,OOS,low
2025-08-12,0.00217026,0.00549856,0.01775932,OOS,low
2025-08-13,0.00001712,0.00003176,-0.00842282,OOS,low
2025-08-14,-0.00094321,-0.00153862,-0.00089389,OOS,low
2025-08-15,-0.00011334,-0.00017539,-0.00464126,OOS,low
2025-08-18,-0.00019774,-0.00030595,0.00687839,OOS,low
2025-08-19,-0.00275440,-0.00426351,-0.01766781,OOS,low
2025-08-20,-0.00242490,-0.00376660,-0.00247271,OOS,low
2025-08-21,-0.00197698,-0.00306630,-0.00493508,OOS,low
2025-08-22,0.00895495,0.01386069,0.01780160,OOS,low
2025-08-25,-0.00254811,-0.00398389,-0.00450565,OOS,low
2025-08-26,0.00167220,0.00261813,0.01292778,OOS,low
2025-08-27,-0.00272475,-0.00425656,-0.00105131,OOS,low
2025-08-28,0.00024386,0.00038246,0.00978943,OOS,low
2025-08-29,-0.00459508,-0.00720862,-0.01841110,OOS,low
2025-09-02,-0.00729321,-0.01153365,-0.01016463,OOS,low
2025-09-03,-0.00652534,-0.01022728,-0.00313126,OOS,low
2025-09-04,0.00063095,0.00096513,0.00273274,OOS,low
2025-09-05,0.00326568,0.00499397,-0.00163714,OOS,low
2025-09-08,-0.00449176,-0.00686005,-0.00079385,OOS,low
2025-09-10,0.00130635,0.00200669,0.03622696,OOS,low
2025-09-11,0.00902647,0.01382444,0.00881525,OOS,low
2025-09-12,0.00064705,0.00100377,0.00342361,OOS,low
2025-09-15,0.01205548,0.01852356,0.01741375,OOS,low
2025-09-16,0.00078515,0.00123382,-0.00435665,OOS,low
2025-09-17,0.00544533,0.00853072,0.00417106,OOS,low
2025-09-18,0.01382595,0.02154394,0.01568879,OOS,low
2025-09-19,0.00156593,0.00251760,0.01669059,OOS,low
2025-09-22,0.01371088,0.02201553,0.02580340,OOS,low
2025-09-23,-0.00598656,-0.00987993,-0.00790020,OOS,low
2025-09-24,0.00016789,0.00028012,-0.00830243,OOS,low
2025-09-25,-0.00598698,-0.00991150,-0.01379521,OOS,low
2025-09-26,0.00171264,0.00286713,0.00408753,OOS,low
2025-09-29,0.00035175,0.00058714,0.00887696,OOS,low
2025-09-30,0.00270498,0.00448018,0.00749827,OOS,low
2025-10-01,0.01184068,0.01959392,0.01857629,OOS,low
2025-10-02,0.00489435,0.00827994,0.01092117,OOS,low
2025-10-03,0.01590055,0.02402614,0.00700619,OOS,low
2025-10-06,0.00864954,0.01362719,0.01612330,OOS,low
2025-10-07,-0.00822151,-0.01276998,-0.00577528,OOS,low
2025-10-08,0.00478821,0.00755394,0.02166326,OOS,low
2025-10-09,-0.00235196,-0.00362414,0.00198519,OOS,low
2025-10-10,0.00841500,0.01294834,-0.02490086,OOS,low
2025-10-13,0.00795556,0.01228733,0.03912230,OOS,low
2025-10-14,0.00209415,0.00325886,0.00250555,OOS,low
2025-10-15,0.00218725,0.00330298,0.01912222,OOS,low
2025-10-16,-0.00591686,-0.00889271,-0.01468608,OOS,low
2025-10-17,-0.00313713,-0.00463895,-0.01317906,OOS,low
2025-10-20,0.00311081,0.00461181,0.00901273,OOS,low
2025-10-21,-0.00542513,-0.00782822,-0.01773792,OOS,low
2025-10-22,-0.00763874,-0.01052165,-0.02910325,OOS,mid
2025-10-23,-0.00131154,-0.00183670,0.01952036,OOS,low
2025-10-24,0.00879372,0.01220857,0.03189042,OOS,low
2025-10-27,0.00104180,0.00145799,0.00780074,OOS,low
2025-10-28,-0.00430459,-0.00597766,-0.00454965,OOS,low
2025-10-29,-0.00077417,-0.00107146,0.00925999,OOS,low
2025-10-30,-0.00170272,-0.00234438,-0.01806699,OOS,low
2025-10-31,0.00290437,0.00400531,0.00802335,OOS,low
2025-11-03,-0.00095194,-0.00131150,0.00095108,OOS,low
2025-11-04,-0.00909549,-0.01254451,-0.02945863,OOS,low
2025-11-05,0.00655117,0.00923674,0.01648692,OOS,low
2025-11-06,-0.01030323,-0.01461020,-0.02813023,OOS,mid
2025-11-07,0.00016919,0.00024616,0.00235269,OOS,mid
2025-11-10,0.00042424,0.00061722,0.00912119,OOS,low
2025-11-11,-0.00325742,-0.00473504,-0.02192713,OOS,mid
2025-11-12,0.00170991,0.00249458,-0.00122209,OOS,mid
2025-11-13,-0.01037420,-0.01513110,-0.04443879,OOS,mid
2025-11-14,-0.00320679,-0.00478807,0.00198509,OOS,mid
2025-11-17,-0.00321160,-0.00480048,-0.01170931,OOS,mid
2025-11-18,-0.00219724,-0.00328994,-0.00052723,OOS,mid
2025-11-19,-0.00048035,-0.00070974,0.00525157,OOS,mid
2025-11-20,-0.00689914,-0.01017164,-0.03495321,OOS,mid
2025-11-21,0.00030886,0.00046071,0.00124503,OOS,mid
2025-11-24,0.00607960,0.00904577,0.03541212,OOS,mid
2025-11-25,0.00044186,0.00066139,-0.00021932,OOS,mid
2025-11-26,0.00469943,0.00698774,0.02069207,OOS,mid
2025-11-28,0.00407055,0.00597370,0.01421671,OOS,mid
2025-12-01,-0.00581965,-0.00843673,-0.02013329,OOS,mid
2025-12-02,0.00495365,0.00725500,-0.00139680,OOS,mid
2025-12-03,0.00036241,0.00053182,0.00922702,OOS,mid
2025-12-04,0.00480560,0.00700155,0.01760403,OOS,mid
2025-12-05,-0.00323544,-0.00472610,-0.00669697,OOS,mid
2025-12-08,-0.00091936,-0.00132922,0.00220182,OOS,mid
2025-12-09,-0.00131592,-0.00190414,0.00057835,OOS,mid
2025-12-19,-0.00204911,-0.00287993,0.02336459,OOS,mid
2025-12-22,0.00032755,0.00046117,0.00928715,OOS,mid
2025-12-23,-0.00133475,-0.00186829,-0.00231234,OOS,mid
2025-12-24,-0.00428157,-0.00571580,0.00250579,OOS,mid
2025-12-26,0.00068618,0.00091989,-0.00692493,OOS,mid
2025-12-29,-0.00629961,-0.00796780,-0.00454617,OOS,mid
2025-12-30,-0.00084022,-0.00105786,-0.00452190,OOS,mid
2025-12-31,-0.00210040,-0.00264498,-0.00764168,OOS,mid
2026-01-05,0.00276696,0.00344050,0.01296245,OOS,mid
2026-01-06,-0.01036933,-0.01289923,0.00613102,OOS,mid
2026-01-07,-0.00158935,-0.00202243,-0.01958492,OOS,mid
2026-01-08,0.00361112,0.00458569,-0.01062702,OOS,mid
2026-01-09,0.00461182,0.00556878,0.02134438,OOS,mid
2026-01-12,0.00171311,0.00205686,0.01001123,OOS,mid
2026-01-13,-0.00103350,-0.00112803,0.00485019,OOS,mid
2026-01-14,-0.00033457,-0.00035147,-0.00196934,OOS,mid
2026-01-15,-0.00314401,-0.00321240,0.01300203,OOS,mid
2026-01-16,-0.00087971,-0.00088708,0.01770858,OOS,low
2026-01-20,-0.00534912,-0.00538562,-0.02425191,OOS,mid
2026-01-21,-0.00769635,-0.00746031,0.01023885,OOS,mid
2026-01-29,-0.01445861,-0.01354197,-0.01148585,OOS,low
2026-01-30,-0.01058137,-0.01018497,-0.02580807,OOS,mid
2026-02-02,-0.00012509,-0.00012153,-0.00175529,OOS,mid
2026-02-03,-0.00156769,-0.00150776,0.01000397,OOS,mid
2026-02-04,0.00198712,0.00190781,-0.03124639,OOS,mid
2026-02-05,-0.00790660,-0.00754318,-0.02123650,OOS,mid
2026-02-06,0.01871341,0.01783959,0.05809001,OOS,mid
2026-02-09,0.00300739,0.00305897,0.02452007,OOS,low
2026-02-10,0.00019204,0.00019609,-0.00077429,OOS,low
2026-02-11,-0.00746549,-0.00733706,0.00609533,OOS,low
2026-02-12,-0.01925119,-0.01901831,-0.00884653,OOS,low
2026-02-13,0.00166302,0.00173910,0.01630574,OOS,low
2026-02-17,0.00312399,0.00327458,-0.00366627,OOS,low
2026-02-18,0.00455957,0.00480229,-0.00606635,OOS,low
2026-02-19,-0.00068103,-0.00071861,0.01190228,OOS,low
2026-02-20,0.00170059,0.00179470,-0.00199568,OOS,low
2026-02-23,-0.00802486,-0.00829358,-0.00915912,OOS,low
2026-02-24,0.00922209,0.00939305,0.02480036,OOS,low
2026-02-25,0.00328028,0.00330679,0.00234829,OOS,low
2026-02-26,0.00317326,0.00321147,-0.00906607,OOS,low
2026-02-27,-0.00628027,-0.00637747,-0.01349640,OOS,low
2026-03-02,0.00109483,0.00111495,0.00349704,OOS,low
2026-03-03,-0.00474627,-0.00482511,-0.01894283,OOS,low
2026-03-04,-0.00579769,-0.00567388,0.01668399,OOS,low
2026-03-05,-0.00499738,-0.00489840,-0.01806265,OOS,low
2026-03-06,-0.00667179,-0.00654069,-0.02233214,OOS,mid
2026-03-09,0.00459769,0.00453116,0.02266635,OOS,low
2026-03-12,-0.00504445,-0.00500604,-0.01369565,OOS,mid
2026-03-13,-0.00453070,-0.00443128,-0.00142599,OOS,mid
2026-03-16,0.00347835,0.00340863,0.02213364,OOS,low
2026-03-17,-0.00264020,-0.00253968,0.00335751,OOS,low
2026-03-18,-0.00576502,-0.00554308,-0.00999545,OOS,low
2026-03-19,0.00105712,0.00100423,0.00286109,OOS,low
2026-03-20,-0.00683922,-0.00642136,-0.04236160,OOS,mid
2026-03-23,0.00615360,0.00574488,0.02119419,OOS,mid
2026-03-24,-0.00182753,-0.00169613,0.00300307,OOS,mid
2026-03-25,-0.00018665,-0.00017305,0.01457678,OOS,low
2026-03-26,-0.00434077,-0.00395229,-0.03205396,OOS,mid
2026-03-27,-0.00575473,-0.00523429,-0.00439947,OOS,mid
2026-03-30,-0.00348488,-0.00317946,-0.02899389,OOS,mid
2026-03-31,0.01646130,0.01502610,0.04366932,OOS,mid
2026-04-01,0.00603571,0.00588016,0.01448278,OOS,low
2026-04-02,-0.00003850,-0.00003792,0.00949202,OOS,low
2026-04-06,0.00250075,0.00246391,0.00425726,OOS,low
2026-04-07,0.00373717,0.00367778,-0.00012708,OOS,low
2026-04-08,0.01400581,0.01384084,0.04019649,OOS,low
2026-04-09,0.00203254,0.00208140,0.00913289,OOS,low
2026-04-10,0.00357413,0.00366604,0.01046335,OOS,low
2026-04-23,0.01147033,0.01180147,0.00786152,OOS,low
2026-04-24,-0.00272550,-0.00287954,0.00298408,OOS,low
2026-04-27,-0.00041515,-0.00042611,0.00217590,OOS,low
2026-04-28,-0.00573675,-0.00588489,-0.02121331,OOS,low
2026-04-29,-0.00063209,-0.00064905,-0.00611292,OOS,low
2026-04-30,0.00609282,0.00620949,0.03420067,OOS,low
2026-05-01,0.00294041,0.00302028,0.00680945,OOS,low
2026-05-04,-0.00221121,-0.00227669,0.00688106,OOS,low
2026-05-05,0.00900930,0.00928199,0.03089724,OOS,low
2026-05-06,0.00584345,0.00612151,0.02174140,OOS,low
2026-05-07,-0.00687775,-0.00725986,-0.03145247,OOS,low
2026-05-08,0.00288678,0.00306034,0.00343647,OOS,low
2026-05-11,0.00702577,0.00738690,0.01625669,OOS,low
2026-05-12,-0.00334533,-0.00342595,-0.01372235,OOS,low
2026-05-13,-0.00154971,-0.00155590,0.00184546,OOS,low
2026-05-14,-0.00037648,-0.00037826,0.01107850,OOS,low
2026-05-15,-0.00632120,-0.00634715,-0.03107805,OOS,low
2026-05-18,-0.00706876,-0.00716044,-0.02075140,OOS,mid
2026-05-19,-0.00466436,-0.00471920,-0.00960589,OOS,mid
2026-05-20,0.01099092,0.01043499,0.02569772,OOS,low
2026-05-21,0.00754778,0.00733072,0.02517894,OOS,low
2026-05-22,0.00622854,0.00611936,0.00824516,OOS,low
2026-05-26,0.00630648,0.00616379,0.02306528,OOS,low
2026-05-27,-0.00153293,-0.00137681,0.00550889,OOS,low
2026-05-28,0.00782353,0.00703358,0.00858067,OOS,low
2026-05-29,0.00092400,0.00083776,0.00174582,OOS,low
2026-06-01,-0.00562902,-0.00508256,0.00169781,OOS,low
2026-06-02,0.01328541,0.01209279,0.02294048,OOS,low
2026-06-03,-0.00879910,-0.00826355,-0.01037543,OOS,low
2026-06-04,0.00216976,0.00203743,0.00223613,OOS,low
2026-06-05,-0.02559243,-0.02361321,-0.04605728,OOS,mid
2026-06-08,-0.00359487,-0.00375709,0.00185432,OOS,mid
2026-06-09,-0.01356011,-0.01419077,-0.01282794,OOS,mid
2026-06-10,-0.01101548,-0.01188100,-0.03724974,OOS,mid
2026-06-11,0.01746611,0.01930191,0.03350717,OOS,mid
2026-06-12,-0.00199968,-0.00233852,0.01278257,OOS,mid
2026-06-15,0.01695609,0.01974270,0.02768946,OOS,low
2026-06-16,-0.00843004,-0.01032258,-0.00669000,OOS,low
2026-06-17,0.00169939,0.00210084,-0.00411564,OOS,low
2026-06-18,0.01051666,0.01297740,0.02517355,OOS,low
2026-06-22,0.00649443,0.00814238,0.00831090,OOS,low
2026-06-23,-0.02132788,-0.02681782,-0.02742179,OOS,low
2026-06-24,0.00217564,0.00299856,-0.00777798,OOS,low
2026-06-25,0.00330883,0.00455810,0.00173719,OOS,low
2026-06-26,-0.00662532,-0.00910112,-0.01233179,OOS,mid
2026-06-29,0.01081015,0.01500960,0.00145620,OOS,mid
2026-06-30,0.00749485,0.01057205,0.00441995,OOS,low
2026-07-01,-0.01281968,-0.01821316,-0.02855528,OOS,mid
2026-07-02,-0.00967217,-0.01424844,-0.02148106,OOS,mid
2026-07-06,0.00398686,0.00599880,0.01442570,OOS,mid
2026-07-07,-0.01566448,-0.02358396,-0.02368406,OOS,mid
2026-07-30,0.01852146,0.02927556,0.06915768,OOS,mid
2026-07-31,0.00038287,0.00064454,-0.00176833,OOS,mid
2026-08-03,0.00529980,0.00878886,0.03054705,OOS,mid
2026-08-04,0.00519519,0.00864038,0.01376209,OOS,mid
2026-08-05,-0.00210413,-0.00351518,-0.01573316,OOS,mid
2026-08-06,-0.00100885,-0.00168757,-0.00816594,OOS,mid
2026-08-07,0.00766785,0.01282470,0.01406534,OOS,mid
2026-08-10,-0.00281247,-0.00469490,-0.01628981,OOS,mid
2026-08-11,0.00400916,0.00670626,0.01316176,OOS,mid
2026-08-12,-0.00074088,-0.00124185,0.01468138,OOS,mid
2026-08-13,0.00354315,0.00588432,0.00241344,OOS,mid
2026-08-14,-0.00116978,-0.00194519,0.00952685,OOS,mid
2026-08-17,-0.00260682,-0.00433661,-0.00119450,OOS,mid
2026-08-18,-0.00699338,-0.01161828,-0.03653012,OOS,mid
2026-08-19,0.00557869,0.00937056,-0.00030779,OOS,mid
2026-08-20,-0.00540832,-0.00911564,-0.00398246,OOS,mid
2026-08-21,0.00258413,0.00438230,-0.01117247,OOS,mid
2026-08-24,-0.00294517,-0.00499801,-0.01403808,OOS,mid
2026-08-25,0.00325551,0.00550321,0.01174300,OOS,mid
2026-08-26,-0.00280410,-0.00473769,-0.00082692,OOS,mid
2026-08-27,0.00159483,0.00268838,0.00751900,OOS,mid
2026-08-28,-0.00340955,-0.00574658,-0.02926500,OOS,mid
2026-08-31,-0.00673868,-0.01134126,-0.00959677,OOS,high
