source_page,url,issuer,series,in_register,largest_tenant_pct,top_tenants_pct,walt_years,data_centers,critical_load_mw,aanoi_musd,annualized_revenue_musd,classes_rated,blocker
Navigating the Data Center Landscape,https://www.kbra.com/publications/KkwgPQwB/navigating-the-data-center-landscape,Navigating the Data Center Landscape,,False,,,,,,,,0,"no SEC filing located and no register programme matched, so the deal is named by an agency only and its identity needs one document read to resolve"
Data Center Leases: Variations on Established Themes,https://www.kbra.com/publications/TvHQwDjt/data-center-leases-variations-on-established-themes,Data Center Leases: Variations on Established Themes,,False,,,,,,,,0,"no SEC filing located and no register programme matched, so the deal is named by an agency only and its identity needs one document read to resolve"
ABS: Data Center ABS Global Rating Methodology,https://www.kbra.com/publications/ywsVHsMw/abs-data-center-abs-global-rating-methodology,ABS: Data Center ABS Global Rating Methodology,,False,,,,,,,,0,"no SEC filing located and no register programme matched, so the deal is named by an agency only and its identity needs one document read to resolve"
Data Centers: Developments and Trends in Project Finance,https://www.kbra.com/publications/KDhtMmNY/data-centers-developments-and-trends-in-project-finance,Data Centers: Developments and Trends in Project Finance,,False,,,,,,,,0,"no SEC filing located and no register programme matched, so the deal is named by an agency only and its identity needs one document read to resolve"
Data Centers: Intersection With Project Finance,https://www.kbra.com/publications/CLSpJvnZ/data-centers-intersection-with-project-finance,Data Centers: Intersection With Project Finance,,False,,,,,,,,0,"no SEC filing located and no register programme matched, so the deal is named by an agency only and its identity needs one document read to resolve"
KBRA Releases Data Center ABS Global Rating Methodology,https://www.kbra.com/publications/DJRqYcWm/kbra-releases-data-center-abs-global-rating-methodology,Data Center ABS Global Rating Methodology,,False,,,,,,,,0,"no SEC filing located and no register programme matched, so the deal is named by an agency only and its identity needs one document read to resolve"
AI Credit: Data Centers in Focus—Credit Considerations Across Asset Classes Webinar Recap,https://www.kbra.com/publications/HWzDJKgs/ai-credit-data-centers-in-focuscredit-considerations-across-asset-classes-webinar-recap,AI Credit: Data Centers in Focus—Credit Considerations Across Asset Classes Webinar Recap,,False,,,,,,,,0,"no SEC filing located and no register programme matched, so the deal is named by an agency only and its identity needs one document read to resolve"
Data Centers: Credit Strengths and Challenges for Public Power,https://www.kbra.com/publications/CqbkKsjG/data-centers-credit-strengths-and-challenges-for-public-power,Data Centers: Credit Strengths and Challenges,,False,,,,,,,,0,"no SEC filing located and no register programme matched, so the deal is named by an agency only and its identity needs one document read to resolve"
Data Centers in U.S. Securitization: A Primer,https://www.kbra.com/publications/DmFMkyRh/data-centers-in-u.s.-securitization-a-primer,Data Centers in U.S. Securitization: A Primer,,False,,,,,,,,0,"no SEC filing located and no register programme matched, so the deal is named by an agency only and its identity needs one document read to resolve"
Data Centers: A Comparison of ABS and CMBS Structures,https://www.kbra.com/publications/TwFxLdRQ/data-centers-a-comparison-of-abs-and-cmbs-structures,Data Centers: A Comparison of ABS and CMBS Structures,,False,,,,,,,,0,"no SEC filing located and no register programme matched, so the deal is named by an agency only and its identity needs one document read to resolve"
KBRA Releases Research – Data Center Leases: Variations on Established Themes,https://www.kbra.com/publications/fCwRdVxR/kbra-releases-research-data-center-leases-variations-on-established-themes,Data Center Leases: Variations on Established Themes,,False,,,,,,,,0,"no SEC filing located and no register programme matched, so the deal is named by an agency only and its identity needs one document read to resolve"
Evolving Data Center Landscape: Insights & Implementation Breakfast—KBRA Event Recap,https://www.kbra.com/publications/KMVyknqF/evolving-data-center-landscape-insights-implementation-breakfastkbra-event-recap,Evolving Data Center Landscape: Insights & Implementation Breakfast—KBRA Event Recap,,False,,,,,,,,0,"no SEC filing located and no register programme matched, so the deal is named by an agency only and its identity needs one document read to resolve"
Data Center MEP: More Than Meets the Eye,https://www.kbra.com/publications/DwQpQwsK/data-center-mep-more-than-meets-the-eye,Data Center MEP: More Than Meets the Eye,,False,,,,,,,,0,"no SEC filing located and no register programme matched, so the deal is named by an agency only and its identity needs one document read to resolve"
Data Centers: A Deeper Dive Into Colocation Transactions,https://www.kbra.com/publications/MKXdpVTR/data-centers-a-deeper-dive-into-colocation-transactions,Data Centers: A Deeper Dive Into Colocation Transactions,,False,,,,,,,,0,"no SEC filing located and no register programme matched, so the deal is named by an agency only and its identity needs one document read to resolve"
KBRA Releases Research – Navigating the Data Center Landscape,https://www.kbra.com/publications/WTtFNMzM/kbra-releases-research-navigating-the-data-center-landscape,Navigating the Data Center Landscape,,False,,,,,,,,0,"no SEC filing located and no register programme matched, so the deal is named by an agency only and its identity needs one document read to resolve"
KBRA Releases Proposed Data Center ABS Global Rating Methodology,https://www.kbra.com/publications/SFXMrrxW/kbra-releases-proposed-data-center-abs-global-rating-methodology,Proposed Data Center ABS Global Rating Methodology,,False,,,,,,,,0,"no SEC filing located and no register programme matched, so the deal is named by an agency only and its identity needs one document read to resolve"
KBRA Releases Research – Data Centers: Developments and Trends in Project Finance,https://www.kbra.com/publications/wrRRvRmM/kbra-releases-research-data-centers-developments-and-trends-in-project-finance,Data Centers: Developments and Trends in Project Finance,,False,,,,,,,,0,"no SEC filing located and no register programme matched, so the deal is named by an agency only and its identity needs one document read to resolve"
KBRA Releases Research – AI Credit: Data Centers in Focus—Credit Considerations Across Asset Classes Webinar R,https://www.kbra.com/publications/QfSwvvgX/kbra-releases-research-ai-credit-data-centers-in-focuscredit-considerations-across-asset-classes-webinar-recap,AI Credit: Data Centers in Focus—Credit Considerations Across Asset Classes Webinar Recap,,False,,,,,,,,0,"no SEC filing located and no register programme matched, so the deal is named by an agency only and its identity needs one document read to resolve"
KBRA Releases Research – Data Centers: Intersection With Project Finance,https://www.kbra.com/publications/bZsJjQgR/kbra-releases-research-data-centers-intersection-with-project-finance,Data Centers: Intersection With Project Finance,,False,,,,,,,,0,"no SEC filing located and no register programme matched, so the deal is named by an agency only and its identity needs one document read to resolve"
KBRA Releases Research – Data Centers: Credit Strengths and Challenges for Public Power,https://www.kbra.com/publications/cWVRTxVd/kbra-releases-research-data-centers-credit-strengths-and-challenges-for-public-power,Data Centers: Credit Strengths and Challenges,,False,,,,,,,,0,"no SEC filing located and no register programme matched, so the deal is named by an agency only and its identity needs one document read to resolve"
KBRA Releases Research – Evolving Data Center Landscape: Insights & Implementation Breakfast—KBRA Event Recap,https://www.kbra.com/publications/WnQZXTWk/kbra-releases-research-evolving-data-center-landscape-insights-implementation-breakfastkbra-event-recap,Evolving Data Center Landscape: Insights & Implementation Breakfast—KBRA Event Recap,,False,,,,,,,,0,"no SEC filing located and no register programme matched, so the deal is named by an agency only and its identity needs one document read to resolve"
KBRA Releases Research – Data Centers: A Comparison of ABS and CMBS Structures,https://www.kbra.com/publications/wtXJZSZt/kbra-releases-research-data-centers-a-comparison-of-abs-and-cmbs-structures,Data Centers: A Comparison of ABS and CMBS Structures,,False,,,,,,,,0,"no SEC filing located and no register programme matched, so the deal is named by an agency only and its identity needs one document read to resolve"
KBRA Releases Research – Data Centers in U.S. Securitization: A Primer,https://www.kbra.com/publications/mbSVndwZ/kbra-releases-research-data-centers-in-u.s.-securitization-a-primer,Data Centers in U.S. Securitization: A Primer,,False,,,,,,,,0,"no SEC filing located and no register programme matched, so the deal is named by an agency only and its identity needs one document read to resolve"
KBRA Releases Research – Data Center MEP: More Than Meets the Eye,https://www.kbra.com/publications/FvwxZzbf/kbra-releases-research-data-center-mep-more-than-meets-the-eye,Data Center MEP: More Than Meets the Eye,,False,,,,,,,,0,"no SEC filing located and no register programme matched, so the deal is named by an agency only and its identity needs one document read to resolve"
KBRA Releases Research – Data Centers: A Deeper Dive Into Colocation Transactions,https://www.kbra.com/publications/XVdtBVNL/kbra-releases-research-data-centers-a-deeper-dive-into-colocation-transactions,Data Centers: A Deeper Dive Into Colocation Transactions,,False,,,,,,,,0,"no SEC filing located and no register programme matched, so the deal is named by an agency only and its identity needs one document read to resolve"
Fuel Cells as a Behind-the-Meter Power Solution: Project Finance Credit Considerations,https://www.kbra.com/publications/Fpfkhqxj/fuel-cells-as-a-behind-the-meter-power-solution-project-finance-credit-considerations,Fuel Cells as a Behind-the-Meter Power Solution: Project Finance Credit Considerations,,False,,,,,,,,0,"no SEC filing located and no register programme matched, so the deal is named by an agency only and its identity needs one document read to resolve"
"TierPoint Issuer LLC, Series 2026-1/2 New Issue Report",https://www.kbra.com/publications/PSvymKQs/tierpoint-issuer-llc-series-2026-12-new-issue-report,TierPoint Issuer LLC,2026-1/2,False,,,,,,,,0,"no ABS-15G in the register for this programme, so identity, covenants and the lease schedule have no free filing, while the agency states the deal's terms"
KBRA Releases Research – Fuel Cells as a Behind-the-Meter Power Solution: Project Finance Credit Consideration,https://www.kbra.com/publications/WPHMnKZF/kbra-releases-research-fuel-cells-as-a-behind-the-meter-power-solution-project-finance-credit-considerations,Fuel Cells as a Behind-the-Meter Power Solution: Project Finance Credit Considerations,,False,,,,,,,,0,"no SEC filing located and no register programme matched, so the deal is named by an agency only and its identity needs one document read to resolve"
"KBRA Assigns Ratings to TierPoint Issuer LLC, Series 2026-1 and Series 2026-2 and Takes Other Rating Actions",https://www.kbra.com/publications/VFcjrRFV/kbra-assigns-ratings-to-tierpoint-issuer-llc-series-2026-1-and-series-2026-2-and-takes-other-rating-actions,TierPoint Issuer LLC,2026-1,False,,,,34,104.8,241.4,,0,"no ABS-15G in the register for this programme, so identity, covenants and the lease schedule have no free filing, while the agency states the deal's terms"
"Cologix Canadian Issuer Limited Partnership, Series 2026-1/2 New Issue Report",https://www.kbra.com/publications/kcjmYxbk/cologix-canadian-issuer-limited-partnership-series-2026-12-new-issue-report,Cologix Canadian Issuer Limited Partnership,2026-1/2,True,,,,,,,,0,in the SEC register
"KBRA Assigns Ratings to Cologix Canadian Issuer Limited Partnership, Series 2026-1/2",https://www.kbra.com/publications/MXSWjdtd/kbra-assigns-ratings-to-cologix-canadian-issuer-limited-partnership-series-2026-12,Cologix Canadian Issuer Limited Partnership,2026-1/2,True,,,,,,,,0,in the SEC register
"TierPoint Issuer LLC, Series 2026-1/2 Representations and Warranties Disclosure",https://www.kbra.com/publications/vsNxbgvj/tierpoint-issuer-llc-series-2026-12-representations-and-warranties-disclosure,TierPoint Issuer LLC,2026-1/2,False,,,,,,,,0,"no ABS-15G in the register for this programme, so identity, covenants and the lease schedule have no free filing, while the agency states the deal's terms"
"TierPoint Issuer LLC, Series Comprehensive U.S. Information Disclosure Form",https://www.kbra.com/publications/mRLtbnGY/tierpoint-issuer-llc-series-comprehensive-u.s.-information-disclosure-form,TierPoint Issuer LLC,,False,,,,,,,,0,"no ABS-15G in the register for this programme, so identity, covenants and the lease schedule have no free filing, while the agency states the deal's terms"
"TierPoint Issuer LLC, Series 2026-1/2 U.S. Information Disclosure Form",https://www.kbra.com/publications/SdYzvwFq/tierpoint-issuer-llc-series-2026-12-u.s.-information-disclosure-form,TierPoint Issuer LLC,2026-1/2,False,,,,,,,,0,"no ABS-15G in the register for this programme, so identity, covenants and the lease schedule have no free filing, while the agency states the deal's terms"
KBRA Releases Platform Global 2026: Data Centre & Digital Infrastructure Conference Recap,https://www.kbra.com/publications/jKQvRVGp/kbra-releases-platform-global-2026-data-centre-digital-infrastructure-conference-recap,Platform Global 2026: Data Centre & Digital Infrastructure Conference Recap,,False,,,,,,,,0,"no SEC filing located and no register programme matched, so the deal is named by an agency only and its identity needs one document read to resolve"
"KBRA Publishes Preliminary Ratings to Cologix Canadian Issuer Limited Partnership, Series 2026-1/2",https://www.kbra.com/publications/hgCJJZwP/kbra-publishes-preliminary-ratings-to-cologix-canadian-issuer-limited-partnership-series-2026-12,Cologix Canadian Issuer Limited Partnership,2026-1/2,True,,,,,,,,3,in the SEC register
Cologix Canadian Issuer Limited Partnership Representations and Warranties Disclosure,https://www.kbra.com/publications/MtLKtRcp/cologix-canadian-issuer-limited-partnership-representations-and-warranties-disclosure,Cologix Canadian Issuer Limited Partnership Representations and Warranties Disclosure,,True,,,,,,,,0,in the SEC register
Cologix Canadian Issuer Limited Partnership U.S. Information Disclosure Form,https://www.kbra.com/publications/hYkpnzjM/cologix-canadian-issuer-limited-partnership-u.s.-information-disclosure-form,Cologix Canadian Issuer Limited Partnership U.S. Information Disclosure Form,,True,,,,,,,,0,in the SEC register
"Lohrasp Enterprise II LLC, Series 2026-1 New Issue Report",https://www.kbra.com/publications/WpGvHyXs/lohrasp-enterprise-ii-llc-series-2026-1-new-issue-report,Lohrasp Enterprise II LLC,2026-1,False,,,,,,,,0,"no ABS-15G in the register for this programme, so identity, covenants and the lease schedule have no free filing, while the agency states the deal's terms"
"KBRA Assigns Ratings to Lohrasp Enterprise II LLC, Series 2026-1",https://www.kbra.com/publications/xxFCBBNT/kbra-assigns-ratings-to-lohrasp-enterprise-ii-llc-series-2026-1,Lohrasp Enterprise II LLC,2026-1,False,,,,,80,,,0,"no ABS-15G in the register for this programme, so identity, covenants and the lease schedule have no free filing, while the agency states the deal's terms"
KBRA Releases Private Placements Industry Forum Europe: Conference Recap,https://www.kbra.com/publications/nbzZgNHx/kbra-releases-private-placements-industry-forum-europe-conference-recap,Private Placements Industry Forum Europe: Conference Recap,,False,,,,,,,,0,"no SEC filing located and no register programme matched, so the deal is named by an agency only and its identity needs one document read to resolve"
"QTS Thunder Managing Issuer, LLC $3.25 Billion Senior Secured Term Loans",https://www.kbra.com/publications/FjgkCFtt/qts-thunder-managing-issuer-llc-3.25-billion-senior-secured-term-loans,"QTS Thunder Managing Issuer, LLC $3.25 Billion Senior Secured Term Loans",,False,,,,,,,,0,"no ABS-15G in the register for this programme, so identity, covenants and the lease schedule have no free filing, while the agency states the deal's terms"
"KBRA Assigns A+ Rating to QTS Thunder Managing Issuer, LLC’s $3.25 Billion Senior Secured Term Loans",https://www.kbra.com/publications/kbXhHFHP/kbra-assigns-a-rating-to-qts-thunder-managing-issuer-llcs-3.25-billion-senior-secured-term-loans,"A+ Rating to QTS Thunder Managing Issuer, LLC’s $3.25 Billion Senior Secured Term Loans",,False,,,,,,,,0,"no ABS-15G in the register for this programme, so identity, covenants and the lease schedule have no free filing, while the agency states the deal's terms"
Platform Global 2026: Data Centre & Digital Infrastructure Conference Recap,https://www.kbra.com/publications/gNYwDcHd/platform-global-2026-data-centre-digital-infrastructure-conference-recap,Platform Global 2026: Data Centre & Digital Infrastructure Conference Recap,,False,,,,,,,,0,"no SEC filing located and no register programme matched, so the deal is named by an agency only and its identity needs one document read to resolve"
KBRA Releases Research – AI Credit: Off to the Races—AI Infrastructure Commitments Are Reshaping the Credit Pr,https://www.kbra.com/publications/FNftdPGC/kbra-releases-research-ai-credit-off-to-the-racesai-infrastructure-commitments-are-reshaping-the-credit-profiles-of-the-ai-7-companies,AI Credit: Off to the Races—AI Infrastructure Commitments Are Reshaping the Credit Profiles of the AI-7 Companies,,False,,,,,,,,0,"no SEC filing located and no register programme matched, so the deal is named by an agency only and its identity needs one document read to resolve"
"QTS Thunder Managing Issuer, LLC Up to $3.6 Billion of Senior Secured Debt Preliminary Rating Report",https://www.kbra.com/publications/zpFPRvbC/qts-thunder-managing-issuer-llc-up-to-3.6-billion-of-senior-secured-debt-preliminary-rating-report,"QTS Thunder Managing Issuer, LLC",,False,,,,,,,,0,"no ABS-15G in the register for this programme, so identity, covenants and the lease schedule have no free filing, while the agency states the deal's terms"
"KBRA Assigns Preliminary Ratings to Lohrasp Enterprise II LLC, Series 2026-1",https://www.kbra.com/publications/ZSCHQRWC/kbra-assigns-preliminary-ratings-to-lohrasp-enterprise-ii-llc-series-2026-1,Lohrasp Enterprise II LLC,2026-1,False,,,,,80,,,0,"no ABS-15G in the register for this programme, so identity, covenants and the lease schedule have no free filing, while the agency states the deal's terms"
"Lohrasp Enterprise II LLC, Series 2026-1 U.S. Information Disclosure Form",https://www.kbra.com/publications/BrkbfyCY/lohrasp-enterprise-ii-llc-series-2026-1-u.s.-information-disclosure-form,Lohrasp Enterprise II LLC,2026-1,False,,,,,,,,0,"no ABS-15G in the register for this programme, so identity, covenants and the lease schedule have no free filing, while the agency states the deal's terms"
"KBRA Assigns A+ Preliminary Rating to QTS Thunder Managing Issuer, LLC’s up to $3.6 Billion Senior Secured Deb",https://www.kbra.com/publications/kRbJnxVX/kbra-assigns-a-preliminary-rating-to-qts-thunder-managing-issuer-llcs-up-to-3.6-billion-senior-secured-debt,"A+ Preliminary Rating to QTS Thunder Managing Issuer, LLC’s",,False,,,,,,,,0,"no ABS-15G in the register for this programme, so identity, covenants and the lease schedule have no free filing, while the agency states the deal's terms"
AI Credit: Off to the Races—AI Infrastructure Commitments Are Reshaping the Credit Profiles of the AI-7 Compan,https://www.kbra.com/publications/HkwDnzGZ/ai-credit-off-to-the-racesai-infrastructure-commitments-are-reshaping-the-credit-profiles-of-the-ai-7-companies,AI Credit: Off to the Races—AI Infrastructure Commitments Are Reshaping the Credit Profiles of the AI-7 Companies,,False,,,,,,,,0,"no SEC filing located and no register programme matched, so the deal is named by an agency only and its identity needs one document read to resolve"
"QTS Thunder Managing Issuer, LLC U.S. Information Disclosure Form",https://www.kbra.com/publications/KrpYvWRB/qts-thunder-managing-issuer-llc-u.s.-information-disclosure-form,"QTS Thunder Managing Issuer, LLC U.S. Information Disclosure Form",,False,,,,,,,,0,"no ABS-15G in the register for this programme, so identity, covenants and the lease schedule have no free filing, while the agency states the deal's terms"
"Lohrasp Enterprise II LLC, Series 2026-1 Representations and Warranties Disclosure",https://www.kbra.com/publications/qHXRMLqQ/lohrasp-enterprise-ii-llc-series-2026-1-representations-and-warranties-disclosure,Lohrasp Enterprise II LLC,2026-1,False,,,,,,,,0,"no ABS-15G in the register for this programme, so identity, covenants and the lease schedule have no free filing, while the agency states the deal's terms"
Proximo Congress 2026: U.S. Energy & Infrastructure Finance Recap,https://www.kbra.com/publications/WZFvmTMR/proximo-congress-2026-u.s.-energy-infrastructure-finance-recap,Proximo Congress 2026: U.S. Energy & Infrastructure Finance Recap,,False,,,,,,,,0,"no SEC filing located and no register programme matched, so the deal is named by an agency only and its identity needs one document read to resolve"
KBRA Releases Research – European Data Centre Event—KBRA Event Recap,https://www.kbra.com/publications/yKVgJBGG/kbra-releases-research-european-data-centre-eventkbra-event-recap,European Data Centre Event—KBRA Event Recap,,False,,,,,,,,0,"no SEC filing located and no register programme matched, so the deal is named by an agency only and its identity needs one document read to resolve"
KBRA’s European Data Centre Event—KBRA Event Recap,https://www.kbra.com/publications/bDPhwMvK/kbras-european-data-centre-eventkbra-event-recap,KBRA’s European Data Centre Event—KBRA Event Recap,,False,,,,,,,,0,"no SEC filing located and no register programme matched, so the deal is named by an agency only and its identity needs one document read to resolve"
KBRA Releases Proximo Congress 2026: U.S. Energy & Infrastructure Finance Recap,https://www.kbra.com/publications/bfjpjvtx/kbra-releases-proximo-congress-2026-u.s.-energy-infrastructure-finance-recap,Proximo Congress 2026: U.S. Energy & Infrastructure Finance Recap,,False,,,,,,,,0,"no SEC filing located and no register programme matched, so the deal is named by an agency only and its identity needs one document read to resolve"
"Flexential Issuer, LLC and Flexential Co-Issuer, LLC, Series 2026-1/2/3/4 New Issue Report",https://www.kbra.com/publications/PyDbHcNw/flexential-issuer-llc-and-flexential-co-issuer-llc-series-2026-1234-new-issue-report,"Flexential Issuer, LLC and Flexential Co-Issuer, LLC",2026-1/2/3/4,True,,,,,,,,0,in the SEC register
Flexential 2021-1 and 2021-2 Surveillance Report,https://www.kbra.com/publications/sVgvKnVG/flexential-2021-1-and-2021-2-surveillance-report,Flexential 2021-1 and 2021-2 Surveillance Report,,True,,,,,,,,0,in the SEC register
KBRA Affirms Ratings on Flexential 2021-1 and 2021-2,https://www.kbra.com/publications/McZbmDXL/kbra-affirms-ratings-on-flexential-2021-1-and-2021-2,Flexential 2021-1 and 2021-2,,True,,,,,,,,0,in the SEC register
Flexential 2021-1 and 2021-2 U.S. Information Disclosure Form,https://www.kbra.com/publications/WFhJKMjX/flexential-2021-1-and-2021-2-u.s.-information-disclosure-form,Flexential 2021-1 and 2021-2 U.S. Information Disclosure Form,,True,,,,,,,,0,in the SEC register
"KBRA Assigns Ratings to Flexential Issuer, LLC and Flexential Co-Issuer, LLC, Series 2026-1/2/3/4 and Takes Ot",https://www.kbra.com/publications/HxrLsNRT/kbra-assigns-ratings-to-flexential-issuer-llc-and-flexential-co-issuer-llc-series-2026-1234-and-takes-other-rating-actions,"Flexential Issuer, LLC and Flexential Co-Issuer, LLC",2026-1/2/3/4,True,,,,28,199,353.2,663.3,0,in the SEC register
"KBRA Assigns Preliminary Ratings to Flexential Issuer, LLC and Flexential Co-Issuer, LLC, Series 2026-1/2/3/4",https://www.kbra.com/publications/WDpQNshZ/kbra-assigns-preliminary-ratings-to-flexential-issuer-llc-and-flexential-co-issuer-llc-series-2026-1234,"Flexential Issuer, LLC and Flexential Co-Issuer, LLC",2026-1/2/3/4,True,,,,28,199,353.2,663.3,0,in the SEC register
"KBRA Assigns Preliminary Ratings to Flexential Issuer, LLC and Flexential Co-Issuer, LLC, Series 2026-1/2",https://www.kbra.com/publications/PtCMQJLf/kbra-assigns-preliminary-ratings-to-flexential-issuer-llc-and-flexential-co-issuer-llc-series-2026-12,"Flexential Issuer, LLC and Flexential Co-Issuer, LLC",2026-1/2,True,,,,28,199,353.2,663.3,0,in the SEC register
"DataBank Issuer, LLC and DataBank Co-Issuer, LLC Series 2026-1 New Issue Report",https://www.kbra.com/publications/VpLrQKDS/databank-issuer-llc-and-databank-co-issuer-llc-series-2026-1-new-issue-report,"DataBank Issuer, LLC and DataBank Co-Issuer, LLC",2026-1,True,,,,,,,,0,in the SEC register
Flexential 2021-1 and 2021-2 Surveillance Report,https://www.kbra.com/publications/XCNcgtgR/flexential-2021-1-and-2021-2-surveillance-report,Flexential 2021-1 and 2021-2 Surveillance Report,,True,,,,,,,,0,in the SEC register
KBRA Affirms Ratings on Flexential 2021-1 and 2021-2,https://www.kbra.com/publications/RFffRHzp/kbra-affirms-ratings-on-flexential-2021-1-and-2021-2,Flexential 2021-1 and 2021-2,,True,,,,,,,,0,in the SEC register
Flexential 2021-1 and 2021-2 Surveillance Report,https://www.kbra.com/publications/YJMYDMng/flexential-2021-1-and-2021-2-surveillance-report,Flexential 2021-1 and 2021-2 Surveillance Report,,True,,,,,,,,0,in the SEC register
KBRA Assigns Ratings to DataBank Series 2026-1 and Takes Other Rating Actions,https://www.kbra.com/publications/BbKVzDjs/kbra-assigns-ratings-to-databank-series-2026-1-and-takes-other-rating-actions,DataBank,2026-1,True,,,,36,257.6,217.6,,0,in the SEC register
KBRA Affirms Ratings on Flexential 2021-1 and 2021-2,https://www.kbra.com/publications/sVSJZjQQ/kbra-affirms-ratings-on-flexential-2021-1-and-2021-2,Flexential 2021-1 and 2021-2,,True,,,,,,,,0,in the SEC register
KBRA Affirms Ratings on Flexential 2021-1 and 2021-2,https://www.kbra.com/publications/SctmPQhq/kbra-affirms-ratings-on-flexential-2021-1-and-2021-2,Flexential 2021-1 and 2021-2,,True,,,,,,,,0,in the SEC register
KBRA Assigns Preliminary Ratings to DataBank Series 2026-1,https://www.kbra.com/publications/tGrWrdbr/kbra-assigns-preliminary-ratings-to-databank-series-2026-1,DataBank,2026-1,True,,,,36,257.6,217.6,,0,in the SEC register
Flexential 2021-1 and 2021-2 New Issue Report,https://www.kbra.com/publications/yrgmgwnV/flexential-2021-1-and-2021-2-new-issue-report,Flexential 2021-1 and 2021-2 New Issue Report,,True,,,,,,,,0,in the SEC register
Centersquare Issuer LLC and Centersquare Co-Issuer LLC Series 2025-5/6/7 New Issue Report,https://www.kbra.com/publications/bkbRqGLD/centersquare-issuer-llc-and-centersquare-co-issuer-llc-series-2025-567-new-issue-report,Centersquare Issuer LLC and Centersquare Co-Issuer LLC,2025-5/6/7,True,,,,,,,,0,in the SEC register
KBRA Withdraws Ratings on Cologix 2021-1,https://www.kbra.com/publications/jrSbKjMy/kbra-withdraws-ratings-on-cologix-2021-1,Cologix 2021-1,,True,,,,,,,,0,in the SEC register
Flexential Comprehensive U.S. Information Disclosure Form,https://www.kbra.com/publications/ywvjvMMF/flexential-comprehensive-u.s.-information-disclosure-form,Flexential Comprehensive U.S. Information Disclosure Form,,True,,,,,,,,0,in the SEC register
"Flexential Issuer, LLC and Flexential Co-Issuer, LLC, Series 2026-1/2/3/4 U.S. Information Disclosure Form",https://www.kbra.com/publications/fVGLCVqM/flexential-issuer-llc-and-flexential-co-issuer-llc-series-2026-1234-u.s.-information-disclosure-form,"Flexential Issuer, LLC and Flexential Co-Issuer, LLC",2026-1/2/3/4,True,,,,,,,,0,in the SEC register
Flexential 2021-1 and 2021-2 Representations and Warranties Disclosure,https://www.kbra.com/publications/zJXHcfVJ/flexential-2021-1-and-2021-2-representations-and-warranties-disclosure,Flexential 2021-1 and 2021-2 Representations and Warranties Disclosure,,True,,,,,,,,0,in the SEC register
"Flexential Issuer, LLC and Flexential Co-Issuer, LLC, Series 2025-1/2 New Issue Report",https://www.kbra.com/publications/sFCfQKpY/flexential-issuer-llc-and-flexential-co-issuer-llc-series-2025-12-new-issue-report,"Flexential Issuer, LLC and Flexential Co-Issuer, LLC",2025-1/2,True,,,,,,,,0,in the SEC register
KBRA Assigns Ratings to Centersquare Series 2025-5/6/7 and Takes Other Rating Actions,https://www.kbra.com/publications/SDTNKhLS/kbra-assigns-ratings-to-centersquare-series-2025-567-and-takes-other-rating-actions,Centersquare,2025-5/6/7,True,,,,40,296.6,415.4,,0,in the SEC register
"TierPoint Issuer LLC, Series 2025-3/4 New Issue Report",https://www.kbra.com/publications/NPmJvRqq/tierpoint-issuer-llc-series-2025-34-new-issue-report,TierPoint Issuer LLC,2025-3/4,False,,,,,,,,0,"no ABS-15G in the register for this programme, so identity, covenants and the lease schedule have no free filing, while the agency states the deal's terms"
"KBRA Assigns Ratings to Flexential Issuer, LLC and Flexential Co-Issuer, LLC, Series 2025-1/2",https://www.kbra.com/publications/CqFBvMHV/kbra-assigns-ratings-to-flexential-issuer-llc-and-flexential-co-issuer-llc-series-2025-12,"Flexential Issuer, LLC and Flexential Co-Issuer, LLC",2025-1/2,True,,,,26,158,292.4,583.3,0,in the SEC register
"Flexential Issuer, LLC and Flexential Co-Issuer, LLC, Series 2026-1/2/3/4 Representations and Warranties Discl",https://www.kbra.com/publications/MRwXFkrF/flexential-issuer-llc-and-flexential-co-issuer-llc-series-2026-1234-representations-and-warranties-disclosure,"Flexential Issuer, LLC and Flexential Co-Issuer, LLC",2026-1/2/3/4,True,,,,,,,,0,in the SEC register
KBRA Assigns Preliminary Ratings to Centersquare Series 2025-5/6/7,https://www.kbra.com/publications/VnNyrVVh/kbra-assigns-preliminary-ratings-to-centersquare-series-2025-567,Centersquare,2025-5/6/7,True,,,,40,296.6,415.4,,0,in the SEC register
"KBRA Assigns Preliminary Ratings to Flexential Issuer, LLC and Flexential Co-Issuer, LLC, Series 2025-1/2",https://www.kbra.com/publications/LKMkBdVY/kbra-assigns-preliminary-ratings-to-flexential-issuer-llc-and-flexential-co-issuer-llc-series-2025-12,"Flexential Issuer, LLC and Flexential Co-Issuer, LLC",2025-1/2,True,,,,26,158,292.4,583.3,0,in the SEC register
Centersquare Issuer LLC and Centersquare Co-Issuer LLC Series 2025-3/4 New Issue Report,https://www.kbra.com/publications/XyrLXshg/centersquare-issuer-llc-and-centersquare-co-issuer-llc-series-2025-34-new-issue-report,Centersquare Issuer LLC and Centersquare Co-Issuer LLC,2025-3/4,True,,,,,,,,0,in the SEC register
"KBRA Assigns Ratings to TierPoint Issuer LLC, Series 2025-3 and Series 2025-4 and Takes Other Rating Actions",https://www.kbra.com/publications/NWSCDPYs/kbra-assigns-ratings-to-tierpoint-issuer-llc-series-2025-3-and-series-2025-4-and-takes-other-rating-actions,TierPoint Issuer LLC,2025-3,False,,,,33,96.0,240.3,,0,"no ABS-15G in the register for this programme, so identity, covenants and the lease schedule have no free filing, while the agency states the deal's terms"
KBRA Assigns Ratings to Centersquare Series 2025-3/4 and Takes Other Rating Actions,https://www.kbra.com/publications/yvpFTSML/kbra-assigns-ratings-to-centersquare-series-2025-34-and-takes-other-rating-actions,Centersquare,2025-3/4,True,,,,32,228.8,300.4,,0,in the SEC register
"Flexential Issuer, LLC and Flexential Co-Issuer, LLC Comprehensive Surveillance Report",https://www.kbra.com/publications/vpnnjxjp/flexential-issuer-llc-and-flexential-co-issuer-llc-comprehensive-surveillance-report,"Flexential Issuer, LLC and Flexential Co-Issuer, LLC Comprehensive Surveillance Report",,True,,,,,,,,0,in the SEC register
KBRA Assigns Preliminary Ratings to Centersquare Series 2025-3/4,https://www.kbra.com/publications/tLgQxXjb/kbra-assigns-preliminary-ratings-to-centersquare-series-2025-34,Centersquare,2025-3/4,True,,,,32,,300.4,,0,in the SEC register
Centersquare Issuer LLC and Centersquare Co-Issuer LLC Series 2025-1 and Series 2025-2 New Issue Report,https://www.kbra.com/publications/fCxyJKgZ/centersquare-issuer-llc-and-centersquare-co-issuer-llc-series-2025-1-and-series-2025-2-new-issue-report,Centersquare Issuer LLC and Centersquare Co-Issuer LLC,2025-1,True,,,,,,,,0,in the SEC register
"TierPoint Issuer LLC, Series 2025-1/2 New Issue Report",https://www.kbra.com/publications/LhnFNjVg/tierpoint-issuer-llc-series-2025-12-new-issue-report,TierPoint Issuer LLC,2025-1/2,False,,,,,,,,0,"no ABS-15G in the register for this programme, so identity, covenants and the lease schedule have no free filing, while the agency states the deal's terms"
Centersquare Issuer LLC and Centersquare Co-Issuer LLC Series 2024-1/2 New Issue Report,https://www.kbra.com/publications/dCpNyyjk/centersquare-issuer-llc-and-centersquare-co-issuer-llc-series-2024-12-new-issue-report,Centersquare Issuer LLC and Centersquare Co-Issuer LLC,2024-1/2,True,,,,,,,,0,in the SEC register
"DataBank Issuer, LLC Series Comprehensive U.S. Information Disclosure Form",https://www.kbra.com/publications/zkgWBGHb/databank-issuer-llc-series-comprehensive-u.s.-information-disclosure-form,"DataBank Issuer, LLC",,True,,,,,,,,0,in the SEC register
"DataBank Issuer, LLC and DataBank Co-Issuer, LLC Series 2026-1 U.S. Information Disclosure Form",https://www.kbra.com/publications/NjzVywLk/databank-issuer-llc-and-databank-co-issuer-llc-series-2026-1-u.s.-information-disclosure-form,"DataBank Issuer, LLC and DataBank Co-Issuer, LLC",2026-1,True,,,,,,,,0,in the SEC register
"KBRA Assigns Ratings to TierPoint Issuer LLC, Series 2025-1 and Series 2025-2 and Takes Other Rating Actions",https://www.kbra.com/publications/fqWGvgRD/kbra-assigns-ratings-to-tierpoint-issuer-llc-series-2025-1-and-series-2025-2-and-takes-other-rating-actions,TierPoint Issuer LLC,2025-1,False,,,,33,95.7,237.4,,0,"no ABS-15G in the register for this programme, so identity, covenants and the lease schedule have no free filing, while the agency states the deal's terms"
"KBRA Assigns Preliminary Ratings to TierPoint LLC, Series 2025-1 and Series 2025-2",https://www.kbra.com/publications/pcSbZKrS/kbra-assigns-preliminary-ratings-to-tierpoint-llc-series-2025-1-and-series-2025-2,TierPoint LLC,2025-1,False,,,,33,95.7,237.4,,0,"no ABS-15G in the register for this programme, so identity, covenants and the lease schedule have no free filing, while the agency states the deal's terms"
KBRA Assigns Ratings to Centersquare Series 2025-1 and Series 2025-2,https://www.kbra.com/publications/ZhYNKpVp/kbra-assigns-ratings-to-centersquare-series-2025-1-and-series-2025-2,Centersquare,2025-1,True,,,,26,150.0,208.9,,0,in the SEC register
KBRA Assigns Preliminary Ratings to Centersquare Series 2025-1 and Series 2025-2,https://www.kbra.com/publications/rnrKqqXt/kbra-assigns-preliminary-ratings-to-centersquare-series-2025-1-and-series-2025-2,Centersquare,2025-1,True,,,,26,150.0,208.9,,0,in the SEC register
"DataBank Issuer, LLC and DataBank Co-Issuer, LLC Series 2026-1 Representations and Warranties Disclosure",https://www.kbra.com/publications/BDXvnCjG/databank-issuer-llc-and-databank-co-issuer-llc-series-2026-1-representations-and-warranties-disclosure,"DataBank Issuer, LLC and DataBank Co-Issuer, LLC",2026-1,True,,,,,,,,0,in the SEC register
KBRA Assigns Ratings to Centersquare Series 2024-1 and Series 2024-2,https://www.kbra.com/publications/VFCXDqmk/kbra-assigns-ratings-to-centersquare-series-2024-1-and-series-2024-2,Centersquare,2024-1,True,,,,21,106.2,114.0,,0,in the SEC register
KBRA Assigns Preliminary Ratings to Centersquare Series 2024-1 and Series 2024-2,https://www.kbra.com/publications/NhYSFkyn/kbra-assigns-preliminary-ratings-to-centersquare-series-2024-1-and-series-2024-2,Centersquare,2024-1,True,,,,21,106.2,114.0,,0,in the SEC register
"DataBank Issuer, LLC Series 2024-1 New Issue Report",https://www.kbra.com/publications/HhkLccjM/databank-issuer-llc-series-2024-1-new-issue-report,"DataBank Issuer, LLC",2024-1,True,,,,,,,,0,in the SEC register
Centersquare Issuer LLC and Centersquare Co-Issuer LLC Comprehensive U.S. Information Disclosure Form,https://www.kbra.com/publications/pTLYfLXW/centersquare-issuer-llc-and-centersquare-co-issuer-llc-comprehensive-u.s.-information-disclosure-form,Centersquare Issuer LLC and Centersquare Co-Issuer LLC Comprehensive U.S. Information Disclosure Form,,True,,,,,,,,0,in the SEC register
Centersquare Issuer LLC and Centersquare Co-Issuer LLC Series 2025-5/6/7 U.S. Information Disclosure Form,https://www.kbra.com/publications/gfWNPhVV/centersquare-issuer-llc-and-centersquare-co-issuer-llc-series-2025-567-u.s.-information-disclosure-form,Centersquare Issuer LLC and Centersquare Co-Issuer LLC,2025-5/6/7,True,,,,,,,,0,in the SEC register
"DataBank Issuer, LLC and DataBank Co-Issuer, LLC Comprehensive Surveillance Report",https://www.kbra.com/publications/qkHDwbgQ/databank-issuer-llc-and-databank-co-issuer-llc-comprehensive-surveillance-report,"DataBank Issuer, LLC and DataBank Co-Issuer, LLC Comprehensive Surveillance Report",,True,,,,,,,,0,in the SEC register
Centersquare Issuer LLC and Centersquare Co-Issuer LLC Series 2025-5/6/7 Representations and Warranties Disclo,https://www.kbra.com/publications/CSSfnLwC/centersquare-issuer-llc-and-centersquare-co-issuer-llc-series-2025-567-representations-and-warranties-disclosure,Centersquare Issuer LLC and Centersquare Co-Issuer LLC,2025-5/6/7,True,,,,,,,,0,in the SEC register
TierPoint 2024-1 New Issue Report,https://www.kbra.com/publications/fyJztbhB/tierpoint-2024-1-new-issue-report,TierPoint 2024-1 New Issue Report,,False,,,,,,,,0,"no ABS-15G in the register for this programme, so identity, covenants and the lease schedule have no free filing, while the agency states the deal's terms"
"Flexential Issuer, LLC and Flexential Co-Issuer, LLC, Series 2025-1/2 U.S. Information Disclosure Form",https://www.kbra.com/publications/VhqnjvnV/flexential-issuer-llc-and-flexential-co-issuer-llc-series-2025-12-u.s.-information-disclosure-form,"Flexential Issuer, LLC and Flexential Co-Issuer, LLC",2025-1/2,True,,,,,,,,0,in the SEC register
"DataBank Issuer, LLC Series 2023-1 New Issue Report",https://www.kbra.com/publications/PXqJJFGP/databank-issuer-llc-series-2023-1-new-issue-report,"DataBank Issuer, LLC",2023-1,True,,,,,,,,0,in the SEC register
KBRA Assigns Ratings to DataBank Series 2024-1 And Takes Other Rating Actions,https://www.kbra.com/publications/yQRHWpgg/kbra-assigns-ratings-to-databank-series-2024-1-and-takes-other-rating-actions,DataBank,2024-1,True,,,,35,243,,,0,in the SEC register
"Flexential Issuer, LLC and Flexential Co-Issuer, LLC, Series 2025-1/2 Representations and Warranties Disclosur",https://www.kbra.com/publications/kPMgNjQq/flexential-issuer-llc-and-flexential-co-issuer-llc-series-2025-12-representations-and-warranties-disclosure,"Flexential Issuer, LLC and Flexential Co-Issuer, LLC",2025-1/2,True,,,,,,,,0,in the SEC register
"Flexential Issuer, LLC and Flexential Co-Issuer, LLC, Series 2025-1/2 U.S. Information Disclosure Form",https://www.kbra.com/publications/rffRJhHD/flexential-issuer-llc-and-flexential-co-issuer-llc-series-2025-12-u.s.-information-disclosure-form,"Flexential Issuer, LLC and Flexential Co-Issuer, LLC",2025-1/2,True,,,,,,,,0,in the SEC register
"KBRA Affirms Ratings on Flexential Issuer, LLC and Flexential Co-Issuer, LLC",https://www.kbra.com/publications/DPRzsSbL/kbra-affirms-ratings-on-flexential-issuer-llc-and-flexential-co-issuer-llc,"Flexential Issuer, LLC and Flexential Co-Issuer, LLC",,True,,,,,,,,0,in the SEC register
KBRA Assigns Preliminary Ratings to DataBank Series 2024-1,https://www.kbra.com/publications/HTcQwQyg/kbra-assigns-preliminary-ratings-to-databank-series-2024-1,DataBank,2024-1,True,,,,35,243,,,0,in the SEC register
KBRA Assigns Ratings to TierPoint Series 2023-1 and Series 2023-2,https://www.kbra.com/publications/DhLTTPQx/kbra-assigns-ratings-to-tierpoint-series-2023-1-and-series-2023-2,TierPoint,2023-1,False,,,,,,,,0,"no ABS-15G in the register for this programme, so identity, covenants and the lease schedule have no free filing, while the agency states the deal's terms"
KBRA Assigns Preliminary Ratings to TierPoint Series 2023-1 and Series 2023-2,https://www.kbra.com/publications/fRSyzyXy/kbra-assigns-preliminary-ratings-to-tierpoint-series-2023-1-and-series-2023-2,TierPoint,2023-1,False,,,,,,,,0,"no ABS-15G in the register for this programme, so identity, covenants and the lease schedule have no free filing, while the agency states the deal's terms"
"TierPoint Issuer LLC, Series 2025-3/4 Representations and Warranties Disclosure",https://www.kbra.com/publications/sDqgJdqK/tierpoint-issuer-llc-series-2025-34-representations-and-warranties-disclosure,TierPoint Issuer LLC,2025-3/4,False,,,,,,,,0,"no ABS-15G in the register for this programme, so identity, covenants and the lease schedule have no free filing, while the agency states the deal's terms"
TierPoint Issuer LLC Comprehensive U.S. Information Disclosure Form,https://www.kbra.com/publications/QWywQnGH/tierpoint-issuer-llc-comprehensive-u.s.-information-disclosure-form,TierPoint Issuer LLC Comprehensive U.S. Information Disclosure Form,,False,,,,,,,,0,"no ABS-15G in the register for this programme, so identity, covenants and the lease schedule have no free filing, while the agency states the deal's terms"
"TierPoint Issuer LLC, Series 2025-3/4 U.S. Information Disclosure Form",https://www.kbra.com/publications/xcFzpzBF/tierpoint-issuer-llc-series-2025-34-u.s.-information-disclosure-form,TierPoint Issuer LLC,2025-3/4,False,,,,,,,,0,"no ABS-15G in the register for this programme, so identity, covenants and the lease schedule have no free filing, while the agency states the deal's terms"
DataBank 2021-2 New Issue Report,https://www.kbra.com/publications/qWCRmXFT/databank-2021-2-new-issue-report,DataBank 2021-2 New Issue Report,,True,,,,,,,,0,in the SEC register
TierPoint 2023-1 and 2023-2 New Issue Report,https://www.kbra.com/publications/jtVWQpxQ/tierpoint-2023-1-and-2023-2-new-issue-report,TierPoint 2023-1 and 2023-2 New Issue Report,,False,,,,,,,,0,"no ABS-15G in the register for this programme, so identity, covenants and the lease schedule have no free filing, while the agency states the deal's terms"
"DataBank Issuer, LLC and DataBank Co-Issuer, LLC Series 2021-1 and 2021-2 Surveillance Report",https://www.kbra.com/publications/qMwLmGyy/databank-issuer-llc-and-databank-co-issuer-llc-series-2021-1-and-2021-2-surveillance-report,"DataBank Issuer, LLC and DataBank Co-Issuer, LLC",2021-1,True,,,,,,,,0,in the SEC register
KBRA Assigns Ratings to TierPoint Series 2024-1 and Takes Other Rating Actions,https://www.kbra.com/publications/gpCPjbsZ/kbra-assigns-ratings-to-tierpoint-series-2024-1-and-takes-other-rating-actions,TierPoint,2024-1,False,,,,31,64.6,206.3,,0,"no ABS-15G in the register for this programme, so identity, covenants and the lease schedule have no free filing, while the agency states the deal's terms"
KBRA Assigns Preliminary Ratings to TierPoint Series 2024-1,https://www.kbra.com/publications/sYkMNLsd/kbra-assigns-preliminary-ratings-to-tierpoint-series-2024-1,TierPoint,2024-1,False,,,,31,64.6,206.3,,0,"no ABS-15G in the register for this programme, so identity, covenants and the lease schedule have no free filing, while the agency states the deal's terms"
DataBank Series 2021-1 New Issue Report,https://www.kbra.com/publications/mQDnwWnw/databank-series-2021-1-new-issue-report,DataBank,2021-1,True,,,,,,,,0,in the SEC register
KBRA Assigns Ratings to DataBank Series 2023-1,https://www.kbra.com/publications/XbTTZcsy/kbra-assigns-ratings-to-databank-series-2023-1,DataBank,2023-1,True,,,,,,,,0,in the SEC register
"Centersquare Issuer LLC and Centersquare Co-Issuer LLC Series 2024-1/2, Series 2025-1 and Series 2025-2 U.S. I",https://www.kbra.com/publications/ncDfZNGp/centersquare-issuer-llc-and-centersquare-co-issuer-llc-series-2024-12-series-2025-1-and-series-2025-2-u.s.-information-disclosure-form,Centersquare Issuer LLC and Centersquare Co-Issuer LLC,2024-1/2,True,,,,,,,,0,in the SEC register
Centersquare Issuer LLC and Centersquare Co-Issuer LLC Series 2025-3/4 U.S. Information Disclosure Form,https://www.kbra.com/publications/NWJwnmKD/centersquare-issuer-llc-and-centersquare-co-issuer-llc-series-2025-34-u.s.-information-disclosure-form,Centersquare Issuer LLC and Centersquare Co-Issuer LLC,2025-3/4,True,,,,,,,,0,in the SEC register
KBRA Assigns Preliminary Ratings to DataBank Series 2023-1,https://www.kbra.com/publications/bWSghDCc/kbra-assigns-preliminary-ratings-to-databank-series-2023-1,DataBank,2023-1,True,,,,,,,,0,in the SEC register
Centersquare Issuer LLC and Centersquare Co-Issuer LLC Series 2025-3/4 Representations and Warranties Disclosu,https://www.kbra.com/publications/tCbwwLHh/centersquare-issuer-llc-and-centersquare-co-issuer-llc-series-2025-34-representations-and-warranties-disclosure,Centersquare Issuer LLC and Centersquare Co-Issuer LLC,2025-3/4,True,,,,,,,,0,in the SEC register
"TierPoint Issuer, LLC - Series 2023-1/2 and Series 2024-1 Surveillance Report",https://www.kbra.com/publications/hrrbzDCM/tierpoint-issuer-llc-series-2023-12-and-series-2024-1-surveillance-report,"TierPoint Issuer, LLC -",2023-1/2,False,,,,,,,,0,"no ABS-15G in the register for this programme, so identity, covenants and the lease schedule have no free filing, while the agency states the deal's terms"
KBRA Assigns Ratings to DataBank Series 2021-2,https://www.kbra.com/publications/bnHjsdvy/kbra-assigns-ratings-to-databank-series-2021-2,DataBank,2021-2,True,,,,,,,,0,in the SEC register
KBRA Assigns Preliminary Ratings to DataBank Series 2021-2,https://www.kbra.com/publications/hdFrFMGq/kbra-assigns-preliminary-ratings-to-databank-series-2021-2,DataBank,2021-2,True,,,,,,,,0,in the SEC register
KBRA Assigns Ratings to Flexential Series 2021-1 and 2021-2,https://www.kbra.com/publications/KhwXmxdj/kbra-assigns-ratings-to-flexential-series-2021-1-and-2021-2,Flexential,2021-1,True,,,,,,,,0,in the SEC register
KBRA Assigns Preliminary Ratings to Flexential Series 2021-1 and 2021-2,https://www.kbra.com/publications/qLhjRpCV/kbra-assigns-preliminary-ratings-to-flexential-series-2021-1-and-2021-2,Flexential,2021-1,True,,,,,,,,0,in the SEC register
KBRA Assigns Ratings to DataBank Series 2021-1,https://www.kbra.com/publications/pHvTSBLq/kbra-assigns-ratings-to-databank-series-2021-1,DataBank,2021-1,True,,,,,,,,0,in the SEC register
KBRA Assigns Preliminary Ratings to DataBank Series 2021-1,https://www.kbra.com/publications/sRHwGJvN/kbra-assigns-preliminary-ratings-to-databank-series-2021-1,DataBank,2021-1,True,,,,,,,,0,in the SEC register
TierPoint 2023-1/2 and 2024-1 U.S. Information Disclosure Form,https://www.kbra.com/publications/fJwpbMQP/tierpoint-2023-12-and-2024-1-u.s.-information-disclosure-form,TierPoint 2023-1/2 and 2024-1 U.S. Information Disclosure Form,,False,,,,,,,,0,"no ABS-15G in the register for this programme, so identity, covenants and the lease schedule have no free filing, while the agency states the deal's terms"
"TierPoint Issuer LLC, Series 2025-1/2 U.S. Information Disclosure Form",https://www.kbra.com/publications/cqzspRch/tierpoint-issuer-llc-series-2025-12-u.s.-information-disclosure-form,TierPoint Issuer LLC,2025-1/2,False,,,,,,,,0,"no ABS-15G in the register for this programme, so identity, covenants and the lease schedule have no free filing, while the agency states the deal's terms"
"TierPoint Issuer LLC, Series 2025-1/2 Representations and Warranties Disclosure",https://www.kbra.com/publications/gBjrvRhH/tierpoint-issuer-llc-series-2025-12-representations-and-warranties-disclosure,TierPoint Issuer LLC,2025-1/2,False,,,,,,,,0,"no ABS-15G in the register for this programme, so identity, covenants and the lease schedule have no free filing, while the agency states the deal's terms"
Centersquare Issuer LLC and Centersquare Co-Issuer LLC Series 2024-1/2 U.S. Information Disclosure Form,https://www.kbra.com/publications/NDqdrHYS/centersquare-issuer-llc-and-centersquare-co-issuer-llc-series-2024-12-u.s.-information-disclosure-form,Centersquare Issuer LLC and Centersquare Co-Issuer LLC,2024-1/2,True,,,,,,,,0,in the SEC register
Centersquare Issuer LLC and Centersquare Co-Issuer LLC Series 2025-1 and Series 2025-2 U.S. Information Disclo,https://www.kbra.com/publications/zbmYSMvP/centersquare-issuer-llc-and-centersquare-co-issuer-llc-series-2025-1-and-series-2025-2-u.s.-information-disclosure-form,Centersquare Issuer LLC and Centersquare Co-Issuer LLC,2025-1,True,,,,,,,,0,in the SEC register
Centersquare Issuer LLC and Centersquare Co-Issuer LLC Series 2025-1 and Series 2025-2 Representations and War,https://www.kbra.com/publications/KMwxSfps/centersquare-issuer-llc-and-centersquare-co-issuer-llc-series-2025-1-and-series-2025-2-representations-and-warranties-disclosure,Centersquare Issuer LLC and Centersquare Co-Issuer LLC,2025-1,True,,,,,,,,0,in the SEC register
Private Placements Industry Forum Europe: Conference Recap,https://www.kbra.com/publications/xmjhJVrW/private-placements-industry-forum-europe-conference-recap,Private Placements Industry Forum Europe: Conference Recap,,False,,,,,,,,0,"no SEC filing located and no register programme matched, so the deal is named by an agency only and its identity needs one document read to resolve"
"KBRA Affirms Ratings on DataBank Issuer, LLC and DataBank Co-Issuer, LLC",https://www.kbra.com/publications/HnWrTWRV/kbra-affirms-ratings-on-databank-issuer-llc-and-databank-co-issuer-llc,"DataBank Issuer, LLC and DataBank Co-Issuer, LLC",,True,,,,,,,,0,in the SEC register
KBRA Affirms Ratings for TierPoint Series 2023-1/2 and 2024-1,https://www.kbra.com/publications/XjxhGVdD/kbra-affirms-ratings-for-tierpoint-series-2023-12-and-2024-1,Ratings,2023-1/2,False,,,,,,,,0,"no ABS-15G in the register for this programme, so identity, covenants and the lease schedule have no free filing, while the agency states the deal's terms"
Centersquare Issuer LLC and Centersquare Co-Issuer LLC Series 2024-1/2 Representations and Warranties Disclosu,https://www.kbra.com/publications/hnJfdtPm/centersquare-issuer-llc-and-centersquare-co-issuer-llc-series-2024-12-representations-and-warranties-disclosure,Centersquare Issuer LLC and Centersquare Co-Issuer LLC,2024-1/2,True,,,,,,,,0,in the SEC register
TierPoint 2024-1 Representations and Warranties Disclosure,https://www.kbra.com/publications/WLJtkjKB/tierpoint-2024-1-representations-and-warranties-disclosure,TierPoint 2024-1 Representations and Warranties Disclosure,,False,,,,,,,,0,"no ABS-15G in the register for this programme, so identity, covenants and the lease schedule have no free filing, while the agency states the deal's terms"
"DataBank Issuer, LLC Comprehensive U.S. Information Disclosure Form",https://www.kbra.com/publications/PKHJKLcK/databank-issuer-llc-comprehensive-u.s.-information-disclosure-form,"DataBank Issuer, LLC Comprehensive U.S. Information Disclosure Form",,True,,,,,,,,0,in the SEC register
"DataBank Issuer, LLC Series 2024-1 U.S. Information Disclosure Form",https://www.kbra.com/publications/TjVTpDwB/databank-issuer-llc-series-2024-1-u.s.-information-disclosure-form,"DataBank Issuer, LLC",2024-1,True,,,,,,,,0,in the SEC register
"DataBank Issuer, LLC Series 2024-1 Representations and Warranties Disclosure",https://www.kbra.com/publications/FDphJMdw/databank-issuer-llc-series-2024-1-representations-and-warranties-disclosure,"DataBank Issuer, LLC",2024-1,True,,,,,,,,0,in the SEC register
TierPoint 2023-1 and 2023-2 Representations and Warranties Disclosure,https://www.kbra.com/publications/wTPvdygY/tierpoint-2023-1-and-2023-2-representations-and-warranties-disclosure,TierPoint 2023-1 and 2023-2 Representations and Warranties Disclosure,,False,,,,,,,,0,"no ABS-15G in the register for this programme, so identity, covenants and the lease schedule have no free filing, while the agency states the deal's terms"
"DataBank Issuer, LLC Series 2021-2 U.S. Information Disclosure Form",https://www.kbra.com/publications/PSwNBzmc/databank-issuer-llc-series-2021-2-u.s.-information-disclosure-form,"DataBank Issuer, LLC",2021-2,True,,,,,,,,0,in the SEC register
"DataBank Issuer, LLC Series 2021-1 U.S. Information Disclosure Form",https://www.kbra.com/publications/PgNSTjFb/databank-issuer-llc-series-2021-1-u.s.-information-disclosure-form,"DataBank Issuer, LLC",2021-1,True,,,,,,,,0,in the SEC register
"DataBank Issuer, LLC Series 2023-1 U.S. Information Disclosure Form",https://www.kbra.com/publications/xLsXzxZz/databank-issuer-llc-series-2023-1-u.s.-information-disclosure-form,"DataBank Issuer, LLC",2023-1,True,,,,,,,,0,in the SEC register
"DataBank Issuer, LLC Series 2023-1 Representations and Warranties Disclosure",https://www.kbra.com/publications/FvfCnqxS/databank-issuer-llc-series-2023-1-representations-and-warranties-disclosure,"DataBank Issuer, LLC",2023-1,True,,,,,,,,0,in the SEC register
"Flexential Issuer, LLC – Series 2021-1 and 2021-2 Surveillance Report",https://www.kbra.com/publications/nCDBDqMP/flexential-issuer-llc-series-2021-1-and-2021-2-surveillance-report,"Flexential Issuer, LLC –",2021-1,True,,,,,,,,0,in the SEC register
KBRA Affirms Ratings on DataBank Series 2021-1 and Series 2021-2,https://www.kbra.com/publications/cwnhCfQn/kbra-affirms-ratings-on-databank-series-2021-1-and-series-2021-2,DataBank,2021-1,True,,,,,,,,0,in the SEC register
KBRA Releases Research – CMBS Loan Performance Trends: June 2026,https://www.kbra.com/publications/tLkyJdZP/kbra-releases-research-cmbs-loan-performance-trends-june-2026,CMBS Loan Performance Trends: June 2026,,False,,,,,,,,0,"no SEC filing located and no register programme matched, so the deal is named by an agency only and its identity needs one document read to resolve"
Flexential Series 2021-1 and 2021-2 Surveillance Report,https://www.kbra.com/publications/YVGWjFHT/flexential-series-2021-1-and-2021-2-surveillance-report,Flexential,2021-1,True,,,,,,,,0,in the SEC register
KBRA Affirms Ratings on Flexential Series 2021-1 and 2021-2,https://www.kbra.com/publications/vVFZfPrH/kbra-affirms-ratings-on-flexential-series-2021-1-and-2021-2,Flexential,2021-1,True,,,,,,,,0,in the SEC register
DataBank 2021-2 Representations and Warranties Disclosure,https://www.kbra.com/publications/GyJJsCYh/databank-2021-2-representations-and-warranties-disclosure,DataBank 2021-2 Representations and Warranties Disclosure,,True,,,,,,,,0,in the SEC register
DataBank Series 2021-1 Representations and Warranties Disclosure,https://www.kbra.com/publications/TfJqFsjF/databank-series-2021-1-representations-and-warranties-disclosure,DataBank,2021-1,True,,,,,,,,0,in the SEC register
KBRA-Rated ABS Exposure to Los Angeles Wildfires,https://www.kbra.com/publications/hdNVpXDp/kbra-rated-abs-exposure-to-los-angeles-wildfires,KBRA-Rated ABS Exposure to Los Angeles Wildfires,,False,,,,,,,,0,"no SEC filing located and no register programme matched, so the deal is named by an agency only and its identity needs one document read to resolve"
