date,type,categories,title,issuer_guess,series_guess,url,in_edgar_register,matched_register_issuer
8 Oct 2024,Research Report,"ABS, Project Finance and Infrastructure, Data Centers",Navigating the Data Center Landscape,Navigating the Data Center Landscape,,https://www.kbra.com/publications/KkwgPQwB/navigating-the-data-center-landscape,False,
10 Mar 2026,Research Report,"ABS, CMBS, Data Center, Other, Single-Borrower, Data Centers",Data Center Leases: Variations on Established Themes,Data Center Leases: Variations on Established Themes,,https://www.kbra.com/publications/TvHQwDjt/data-center-leases-variations-on-established-themes,False,
9 Jan 2026,Methodology,"ABS, Data Center, Data Centers",ABS: Data Center ABS Global Rating Methodology,ABS: Data Center ABS Global Rating Methodology,,https://www.kbra.com/publications/ywsVHsMw/abs-data-center-abs-global-rating-methodology,False,
13 Jan 2026,Research Report,"Project Finance and Infrastructure, Communication and Technology Infrastructure, Data Centers",Data Centers: Developments and Trends in Project Finance,Data Centers: Developments and Trends in Project Finance,,https://www.kbra.com/publications/KDhtMmNY/data-centers-developments-and-trends-in-project-finance,False,
2 May 2024,Research Report,"Project Finance and Infrastructure, Data Centers",Data Centers: Intersection With Project Finance,Data Centers: Intersection With Project Finance,,https://www.kbra.com/publications/CLSpJvnZ/data-centers-intersection-with-project-finance,False,
9 Jan 2026,Methodology Press Release,"ABS, Data Center, Data Centers",KBRA Releases Data Center ABS Global Rating Methodology,Data Center ABS Global Rating Methodology,,https://www.kbra.com/publications/DJRqYcWm/kbra-releases-data-center-abs-global-rating-methodology,False,
21 Jul 2026,Research Report,"ABS, CMBS, Corporates, Project Finance and Infrastructure, Data Centers, Data Centers, Data Centers, Private Credit",AI Credit: Data Centers in Focus—Credit Considerations Across Asset Classes Webinar Recap,AI Credit: Data Centers in Focus—Credit Considerations Across Asset Classes Webinar Recap,,https://www.kbra.com/publications/HWzDJKgs/ai-credit-data-centers-in-focuscredit-considerations-across-asset-classes-webinar-recap,False,
16 Dec 2025,Research Report,"Public Finance, Local Government, Municipal Retail Utility, Data Centers",Data Centers: Credit Strengths and Challenges for Public Power,Data Centers: Credit Strengths and Challenges,,https://www.kbra.com/publications/CqbkKsjG/data-centers-credit-strengths-and-challenges-for-public-power,False,
12 May 2023,Research Report,"ABS, CMBS, Data Centers",Data Centers in U.S. Securitization: A Primer,Data Centers in U.S. Securitization: A Primer,,https://www.kbra.com/publications/DmFMkyRh/data-centers-in-u.s.-securitization-a-primer,False,
30 May 2025,Research Report,"ABS, CMBS, Data Center, Large Loan, Single-Borrower, Data Centers",Data Centers: A Comparison of ABS and CMBS Structures,Data Centers: A Comparison of ABS and CMBS Structures,,https://www.kbra.com/publications/TwFxLdRQ/data-centers-a-comparison-of-abs-and-cmbs-structures,False,
10 Mar 2026,Research Press Release,"ABS, CMBS, Data Center, Other, Single-Borrower, Data Centers",KBRA Releases Research – Data Center Leases: Variations on Established Themes,Data Center Leases: Variations on Established Themes,,https://www.kbra.com/publications/fCwRdVxR/kbra-releases-research-data-center-leases-variations-on-established-themes,False,
13 Mar 2026,Research Report,"ABS, CMBS, Project Finance and Infrastructure, Data Center, Conference Recaps, Data Centers",Evolving Data Center Landscape: Insights & Implementation Breakfast—KBRA Event Recap,Evolving Data Center Landscape: Insights & Implementation Breakfast—KBRA Event Recap,,https://www.kbra.com/publications/KMVyknqF/evolving-data-center-landscape-insights-implementation-breakfastkbra-event-recap,False,
2 Oct 2024,Research Report,"CMBS, Data Centers",Data Center MEP: More Than Meets the Eye,Data Center MEP: More Than Meets the Eye,,https://www.kbra.com/publications/DwQpQwsK/data-center-mep-more-than-meets-the-eye,False,
19 Mar 2024,Research Report,"ABS, Data Center, Data Centers",Data Centers: A Deeper Dive Into Colocation Transactions,Data Centers: A Deeper Dive Into Colocation Transactions,,https://www.kbra.com/publications/MKXdpVTR/data-centers-a-deeper-dive-into-colocation-transactions,False,
8 Oct 2024,Research Press Release,"ABS, Project Finance and Infrastructure, Data Center, Data Centers",KBRA Releases Research – Navigating the Data Center Landscape,Navigating the Data Center Landscape,,https://www.kbra.com/publications/WTtFNMzM/kbra-releases-research-navigating-the-data-center-landscape,False,
4 Dec 2025,Methodology Press Release,"ABS, Data Center",KBRA Releases Proposed Data Center ABS Global Rating Methodology,Proposed Data Center ABS Global Rating Methodology,,https://www.kbra.com/publications/SFXMrrxW/kbra-releases-proposed-data-center-abs-global-rating-methodology,False,
13 Jan 2026,Research Press Release,"Project Finance and Infrastructure, Communication and Technology Infrastructure, Data Centers",KBRA Releases Research – Data Centers: Developments and Trends in Project Finance,Data Centers: Developments and Trends in Project Finance,,https://www.kbra.com/publications/wrRRvRmM/kbra-releases-research-data-centers-developments-and-trends-in-project-finance,False,
21 Jul 2026,Research Press Release,"ABS, CMBS, Corporates, Project Finance and Infrastructure, Data Centers, Data Centers, Data Centers, Private Credit",KBRA Releases Research – AI Credit: Data Centers in Focus—Credit Considerations Across Asset Classes Webinar Recap,AI Credit: Data Centers in Focus—Credit Considerations Across Asset Classes Webinar Recap,,https://www.kbra.com/publications/QfSwvvgX/kbra-releases-research-ai-credit-data-centers-in-focuscredit-considerations-across-asset-classes-webinar-recap,False,
2 May 2024,Research Press Release,"Project Finance and Infrastructure, Data Centers",KBRA Releases Research – Data Centers: Intersection With Project Finance,Data Centers: Intersection With Project Finance,,https://www.kbra.com/publications/bZsJjQgR/kbra-releases-research-data-centers-intersection-with-project-finance,False,
16 Dec 2025,Research Press Release,"Public Finance, Local Government, Municipal Retail Utility, Data Centers",KBRA Releases Research – Data Centers: Credit Strengths and Challenges for Public Power,Data Centers: Credit Strengths and Challenges,,https://www.kbra.com/publications/cWVRTxVd/kbra-releases-research-data-centers-credit-strengths-and-challenges-for-public-power,False,
13 Mar 2026,Research Press Release,"ABS, CMBS, Project Finance and Infrastructure, Data Center, Conference Recaps, Data Centers",KBRA Releases Research – Evolving Data Center Landscape: Insights & Implementation Breakfast—KBRA Event Recap,Evolving Data Center Landscape: Insights & Implementation Breakfast—KBRA Event Recap,,https://www.kbra.com/publications/WnQZXTWk/kbra-releases-research-evolving-data-center-landscape-insights-implementation-breakfastkbra-event-recap,False,
30 May 2025,Research Press Release,"ABS, CMBS, Data Center, Large Loan, Single-Borrower, Data Centers",KBRA Releases Research – Data Centers: A Comparison of ABS and CMBS Structures,Data Centers: A Comparison of ABS and CMBS Structures,,https://www.kbra.com/publications/wtXJZSZt/kbra-releases-research-data-centers-a-comparison-of-abs-and-cmbs-structures,False,
12 May 2023,Research Press Release,"ABS, CMBS, Data Centers",KBRA Releases Research – Data Centers in U.S. Securitization: A Primer,Data Centers in U.S. Securitization: A Primer,,https://www.kbra.com/publications/mbSVndwZ/kbra-releases-research-data-centers-in-u.s.-securitization-a-primer,False,
2 Oct 2024,Research Press Release,"CMBS, Data Centers",KBRA Releases Research – Data Center MEP: More Than Meets the Eye,Data Center MEP: More Than Meets the Eye,,https://www.kbra.com/publications/FvwxZzbf/kbra-releases-research-data-center-mep-more-than-meets-the-eye,False,
19 Mar 2024,Research Press Release,"ABS, Data Center, Data Centers",KBRA Releases Research – Data Centers: A Deeper Dive Into Colocation Transactions,Data Centers: A Deeper Dive Into Colocation Transactions,,https://www.kbra.com/publications/XVdtBVNL/kbra-releases-research-data-centers-a-deeper-dive-into-colocation-transactions,False,
24 Sep 2026,Research Report,"Project Finance and Infrastructure, Data Centers, Power and Energy",Fuel Cells as a Behind-the-Meter Power Solution: Project Finance Credit Considerations,Fuel Cells as a Behind-the-Meter Power Solution: Project Finance Credit Considerations,,https://www.kbra.com/publications/Fpfkhqxj/fuel-cells-as-a-behind-the-meter-power-solution-project-finance-credit-considerations,False,
3 Sep 2026,New Issue Report,"ABS, Data Centers","TierPoint Issuer LLC, Series 2026-1/2 New Issue Report",TierPoint Issuer LLC,2026-1/2,https://www.kbra.com/publications/PSvymKQs/tierpoint-issuer-llc-series-2026-12-new-issue-report,False,
24 Sep 2026,Research Press Release,"Project Finance and Infrastructure, Data Centers, Power and Energy",KBRA Releases Research – Fuel Cells as a Behind-the-Meter Power Solution: Project Finance Credit Considerations,Fuel Cells as a Behind-the-Meter Power Solution: Project Finance Credit Considerations,,https://www.kbra.com/publications/WPHMnKZF/kbra-releases-research-fuel-cells-as-a-behind-the-meter-power-solution-project-finance-credit-considerations,False,
3 Sep 2026,Rating Action Press Release,"ABS, Data Centers","KBRA Assigns Ratings to TierPoint Issuer LLC, Series 2026-1 and Series 2026-2 and Takes Other Rating Actions",TierPoint Issuer LLC,2026-1,https://www.kbra.com/publications/VFcjrRFV/kbra-assigns-ratings-to-tierpoint-issuer-llc-series-2026-1-and-series-2026-2-and-takes-other-rating-actions,False,
25 Aug 2026,New Issue Report,"ABS, Data Centers","Cologix Canadian Issuer Limited Partnership, Series 2026-1/2 New Issue Report",Cologix Canadian Issuer Limited Partnership,2026-1/2,https://www.kbra.com/publications/kcjmYxbk/cologix-canadian-issuer-limited-partnership-series-2026-12-new-issue-report,True,Cologix Canadian Issuer Limited Partnership
25 Aug 2026,Rating Action Press Release,"ABS, Data Centers","KBRA Assigns Ratings to Cologix Canadian Issuer Limited Partnership, Series 2026-1/2",Cologix Canadian Issuer Limited Partnership,2026-1/2,https://www.kbra.com/publications/MXSWjdtd/kbra-assigns-ratings-to-cologix-canadian-issuer-limited-partnership-series-2026-12,True,Cologix Canadian Issuer Limited Partnership
3 Sep 2026,Representations and Warranties Disclosure,"ABS, Data Centers","TierPoint Issuer LLC, Series 2026-1/2 Representations and Warranties Disclosure",TierPoint Issuer LLC,2026-1/2,https://www.kbra.com/publications/vsNxbgvj/tierpoint-issuer-llc-series-2026-12-representations-and-warranties-disclosure,False,
3 Sep 2026,Information Disclosure Form - U.S.,"ABS, Data Centers","TierPoint Issuer LLC, Series Comprehensive U.S. Information Disclosure Form",TierPoint Issuer LLC,,https://www.kbra.com/publications/mRLtbnGY/tierpoint-issuer-llc-series-comprehensive-u.s.-information-disclosure-form,False,
3 Sep 2026,Information Disclosure Form - U.S.,"ABS, Data Centers","TierPoint Issuer LLC, Series 2026-1/2 U.S. Information Disclosure Form",TierPoint Issuer LLC,2026-1/2,https://www.kbra.com/publications/SdYzvwFq/tierpoint-issuer-llc-series-2026-12-u.s.-information-disclosure-form,False,
14 Sep 2026,Research Press Release,"Project Finance and Infrastructure, Communication and Technology Infrastructure, Data Centers, Conference Recaps, Data Centers",KBRA Releases Platform Global 2026: Data Centre & Digital Infrastructure Conference Recap,Platform Global 2026: Data Centre & Digital Infrastructure Conference Recap,,https://www.kbra.com/publications/jKQvRVGp/kbra-releases-platform-global-2026-data-centre-digital-infrastructure-conference-recap,False,
11 Aug 2026,Rating Action Press Release,"ABS, Data Centers","KBRA Publishes Preliminary Ratings to Cologix Canadian Issuer Limited Partnership, Series 2026-1/2",Cologix Canadian Issuer Limited Partnership,2026-1/2,https://www.kbra.com/publications/hgCJJZwP/kbra-publishes-preliminary-ratings-to-cologix-canadian-issuer-limited-partnership-series-2026-12,True,Cologix Canadian Issuer Limited Partnership
25 Aug 2026,Representations and Warranties Disclosure,"ABS, Data Centers",Cologix Canadian Issuer Limited Partnership Representations and Warranties Disclosure,Cologix Canadian Issuer Limited Partnership Representations and Warranties Disclosure,,https://www.kbra.com/publications/MtLKtRcp/cologix-canadian-issuer-limited-partnership-representations-and-warranties-disclosure,True,Cologix Canadian Issuer Limited Partnership
25 Aug 2026,Information Disclosure Form - U.S.,"ABS, Data Centers",Cologix Canadian Issuer Limited Partnership U.S. Information Disclosure Form,Cologix Canadian Issuer Limited Partnership U.S. Information Disclosure Form,,https://www.kbra.com/publications/hYkpnzjM/cologix-canadian-issuer-limited-partnership-u.s.-information-disclosure-form,True,Cologix Canadian Issuer Limited Partnership
29 Jul 2026,New Issue Report,"ABS, Data Centers","Lohrasp Enterprise II LLC, Series 2026-1 New Issue Report",Lohrasp Enterprise II LLC,2026-1,https://www.kbra.com/publications/WpGvHyXs/lohrasp-enterprise-ii-llc-series-2026-1-new-issue-report,False,
29 Jul 2026,Rating Action Press Release,"ABS, Data Centers","KBRA Assigns Ratings to Lohrasp Enterprise II LLC, Series 2026-1",Lohrasp Enterprise II LLC,2026-1,https://www.kbra.com/publications/xxFCBBNT/kbra-assigns-ratings-to-lohrasp-enterprise-ii-llc-series-2026-1,False,
18 Sep 2026,Research Press Release,"Corporates, Project Finance and Infrastructure, Communication and Technology Infrastructure, Data Centers, Other, Ports and Airports, Power and Energy, Roads and Bridges, Semiconductors, Shipping, Conference Recaps",KBRA Releases Private Placements Industry Forum Europe: Conference Recap,Private Placements Industry Forum Europe: Conference Recap,,https://www.kbra.com/publications/nbzZgNHx/kbra-releases-private-placements-industry-forum-europe-conference-recap,False,
24 Jul 2026,Rating Report,"Project Finance and Infrastructure, Data Centers","QTS Thunder Managing Issuer, LLC $3.25 Billion Senior Secured Term Loans","QTS Thunder Managing Issuer, LLC $3.25 Billion Senior Secured Term Loans",,https://www.kbra.com/publications/FjgkCFtt/qts-thunder-managing-issuer-llc-3.25-billion-senior-secured-term-loans,False,
23 Jul 2026,Rating Action Press Release,"Project Finance and Infrastructure, Data Centers","KBRA Assigns A+ Rating to QTS Thunder Managing Issuer, LLC’s $3.25 Billion Senior Secured Term Loans","A+ Rating to QTS Thunder Managing Issuer, LLC’s $3.25 Billion Senior Secured Term Loans",,https://www.kbra.com/publications/kbXhHFHP/kbra-assigns-a-rating-to-qts-thunder-managing-issuer-llcs-3.25-billion-senior-secured-term-loans,False,
14 Sep 2026,Research Report,"Project Finance and Infrastructure, Communication and Technology Infrastructure, Data Centers, Conference Recaps, Data Centers",Platform Global 2026: Data Centre & Digital Infrastructure Conference Recap,Platform Global 2026: Data Centre & Digital Infrastructure Conference Recap,,https://www.kbra.com/publications/gNYwDcHd/platform-global-2026-data-centre-digital-infrastructure-conference-recap,False,
26 Aug 2026,Research Press Release,"ABS, CMBS, Corporates, Project Finance and Infrastructure, Internet and Data Services, Semiconductors and Technology Hardware, Software, Data Centers, Macro Credit, Private Credit",KBRA Releases Research – AI Credit: Off to the Races—AI Infrastructure Commitments Are Reshaping the Credit Profiles of the AI-7 Companies,AI Credit: Off to the Races—AI Infrastructure Commitments Are Reshaping the Credit Profiles of the AI-7 Companies,,https://www.kbra.com/publications/FNftdPGC/kbra-releases-research-ai-credit-off-to-the-racesai-infrastructure-commitments-are-reshaping-the-credit-profiles-of-the-ai-7-companies,False,
8 Jul 2026,Preliminary Rating Report,"Project Finance and Infrastructure, Data Centers","QTS Thunder Managing Issuer, LLC Up to $3.6 Billion of Senior Secured Debt Preliminary Rating Report","QTS Thunder Managing Issuer, LLC",,https://www.kbra.com/publications/zpFPRvbC/qts-thunder-managing-issuer-llc-up-to-3.6-billion-of-senior-secured-debt-preliminary-rating-report,False,
7 Jul 2026,Rating Action Press Release,"ABS, Data Centers","KBRA Assigns Preliminary Ratings to Lohrasp Enterprise II LLC, Series 2026-1",Lohrasp Enterprise II LLC,2026-1,https://www.kbra.com/publications/ZSCHQRWC/kbra-assigns-preliminary-ratings-to-lohrasp-enterprise-ii-llc-series-2026-1,False,
29 Jul 2026,Information Disclosure Form - U.S.,"ABS, Data Centers","Lohrasp Enterprise II LLC, Series 2026-1 U.S. Information Disclosure Form",Lohrasp Enterprise II LLC,2026-1,https://www.kbra.com/publications/BrkbfyCY/lohrasp-enterprise-ii-llc-series-2026-1-u.s.-information-disclosure-form,False,
8 Jul 2026,Rating Action Press Release,"Project Finance and Infrastructure, Data Centers","KBRA Assigns A+ Preliminary Rating to QTS Thunder Managing Issuer, LLC’s up to $3.6 Billion Senior Secured Debt","A+ Preliminary Rating to QTS Thunder Managing Issuer, LLC’s",,https://www.kbra.com/publications/kRbJnxVX/kbra-assigns-a-preliminary-rating-to-qts-thunder-managing-issuer-llcs-up-to-3.6-billion-senior-secured-debt,False,
26 Aug 2026,Research Report,"ABS, CMBS, Corporates, Project Finance and Infrastructure, Internet and Data Services, Semiconductors and Technology Hardware, Software, Data Centers, Macro Credit, Private Credit",AI Credit: Off to the Races—AI Infrastructure Commitments Are Reshaping the Credit Profiles of the AI-7 Companies,AI Credit: Off to the Races—AI Infrastructure Commitments Are Reshaping the Credit Profiles of the AI-7 Companies,,https://www.kbra.com/publications/HkwDnzGZ/ai-credit-off-to-the-racesai-infrastructure-commitments-are-reshaping-the-credit-profiles-of-the-ai-7-companies,False,
24 Jul 2026,Information Disclosure Form - U.S.,"Project Finance and Infrastructure, Data Centers","QTS Thunder Managing Issuer, LLC U.S. Information Disclosure Form","QTS Thunder Managing Issuer, LLC U.S. Information Disclosure Form",,https://www.kbra.com/publications/KrpYvWRB/qts-thunder-managing-issuer-llc-u.s.-information-disclosure-form,False,
7 Jul 2026,Representations and Warranties Disclosure,"ABS, Data Centers","Lohrasp Enterprise II LLC, Series 2026-1 Representations and Warranties Disclosure",Lohrasp Enterprise II LLC,2026-1,https://www.kbra.com/publications/qHXRMLqQ/lohrasp-enterprise-ii-llc-series-2026-1-representations-and-warranties-disclosure,False,
29 Jun 2026,Research Report,"Project Finance and Infrastructure, Communication and Technology Infrastructure, Data Centers, Conference Recaps, Data Centers",Proximo Congress 2026: U.S. Energy & Infrastructure Finance Recap,Proximo Congress 2026: U.S. Energy & Infrastructure Finance Recap,,https://www.kbra.com/publications/WZFvmTMR/proximo-congress-2026-u.s.-energy-infrastructure-finance-recap,False,
21 May 2026,Research Press Release,"ABS, CMBS, Public Finance, Data Center, Conference Recaps, Data Centers",KBRA Releases Research – European Data Centre Event—KBRA Event Recap,European Data Centre Event—KBRA Event Recap,,https://www.kbra.com/publications/yKVgJBGG/kbra-releases-research-european-data-centre-eventkbra-event-recap,False,
21 May 2026,Research Report,"ABS, CMBS, Public Finance, Data Center, Conference Recaps, Data Centers",KBRA’s European Data Centre Event—KBRA Event Recap,KBRA’s European Data Centre Event—KBRA Event Recap,,https://www.kbra.com/publications/bDPhwMvK/kbras-european-data-centre-eventkbra-event-recap,False,
29 Jun 2026,Research Press Release,"Project Finance and Infrastructure, Communication and Technology Infrastructure, Data Centers, Conference Recaps, Data Centers",KBRA Releases Proximo Congress 2026: U.S. Energy & Infrastructure Finance Recap,Proximo Congress 2026: U.S. Energy & Infrastructure Finance Recap,,https://www.kbra.com/publications/bfjpjvtx/kbra-releases-proximo-congress-2026-u.s.-energy-infrastructure-finance-recap,False,
31 Mar 2026,New Issue Report,"ABS, Data Center","Flexential Issuer, LLC and Flexential Co-Issuer, LLC, Series 2026-1/2/3/4 New Issue Report","Flexential Issuer, LLC and Flexential Co-Issuer, LLC",2026-1/2/3/4,https://www.kbra.com/publications/PyDbHcNw/flexential-issuer-llc-and-flexential-co-issuer-llc-series-2026-1234-new-issue-report,True,"Flexential Co-Issuer, LLC"
26 Dec 2024,Surveillance Report,"ABS, Data Center",Flexential 2021-1 and 2021-2 Surveillance Report,Flexential 2021-1 and 2021-2 Surveillance Report,,https://www.kbra.com/publications/sVgvKnVG/flexential-2021-1-and-2021-2-surveillance-report,True,"Flexential Co-Issuer, LLC"
26 Dec 2024,Rating Action Press Release,"ABS, CMBS, Data Center",KBRA Affirms Ratings on Flexential 2021-1 and 2021-2,Flexential 2021-1 and 2021-2,,https://www.kbra.com/publications/McZbmDXL/kbra-affirms-ratings-on-flexential-2021-1-and-2021-2,True,"Flexential Co-Issuer, LLC"
26 Dec 2024,Information Disclosure Form - U.S.,"ABS, Data Center",Flexential 2021-1 and 2021-2 U.S. Information Disclosure Form,Flexential 2021-1 and 2021-2 U.S. Information Disclosure Form,,https://www.kbra.com/publications/WFhJKMjX/flexential-2021-1-and-2021-2-u.s.-information-disclosure-form,True,"Flexential Co-Issuer, LLC"
31 Mar 2026,Rating Action Press Release,"ABS, Data Center","KBRA Assigns Ratings to Flexential Issuer, LLC and Flexential Co-Issuer, LLC, Series 2026-1/2/3/4 and Takes Other Rating Actions","Flexential Issuer, LLC and Flexential Co-Issuer, LLC",2026-1/2/3/4,https://www.kbra.com/publications/HxrLsNRT/kbra-assigns-ratings-to-flexential-issuer-llc-and-flexential-co-issuer-llc-series-2026-1234-and-takes-other-rating-actions,True,"Flexential Co-Issuer, LLC"
12 Mar 2026,Rating Action Press Release,"ABS, Data Center","KBRA Assigns Preliminary Ratings to Flexential Issuer, LLC and Flexential Co-Issuer, LLC, Series 2026-1/2/3/4","Flexential Issuer, LLC and Flexential Co-Issuer, LLC",2026-1/2/3/4,https://www.kbra.com/publications/WDpQNshZ/kbra-assigns-preliminary-ratings-to-flexential-issuer-llc-and-flexential-co-issuer-llc-series-2026-1234,True,"Flexential Co-Issuer, LLC"
5 Mar 2026,Rating Action Press Release,"ABS, Data Center","KBRA Assigns Preliminary Ratings to Flexential Issuer, LLC and Flexential Co-Issuer, LLC, Series 2026-1/2","Flexential Issuer, LLC and Flexential Co-Issuer, LLC",2026-1/2,https://www.kbra.com/publications/PtCMQJLf/kbra-assigns-preliminary-ratings-to-flexential-issuer-llc-and-flexential-co-issuer-llc-series-2026-12,True,"Flexential Co-Issuer, LLC"
9 Feb 2026,New Issue Report,"ABS, Data Center","DataBank Issuer, LLC and DataBank Co-Issuer, LLC Series 2026-1 New Issue Report","DataBank Issuer, LLC and DataBank Co-Issuer, LLC",2026-1,https://www.kbra.com/publications/VpLrQKDS/databank-issuer-llc-and-databank-co-issuer-llc-series-2026-1-new-issue-report,True,"DataBank Co-Issuer II, LLC"
26 Dec 2023,Surveillance Report,"ABS, Data Center",Flexential 2021-1 and 2021-2 Surveillance Report,Flexential 2021-1 and 2021-2 Surveillance Report,,https://www.kbra.com/publications/XCNcgtgR/flexential-2021-1-and-2021-2-surveillance-report,True,"Flexential Co-Issuer, LLC"
26 Dec 2023,Rating Action Press Release,"ABS, Data Center",KBRA Affirms Ratings on Flexential 2021-1 and 2021-2,Flexential 2021-1 and 2021-2,,https://www.kbra.com/publications/RFffRHzp/kbra-affirms-ratings-on-flexential-2021-1-and-2021-2,True,"Flexential Co-Issuer, LLC"
26 Oct 2023,Surveillance Report,"ABS, Data Center",Flexential 2021-1 and 2021-2 Surveillance Report,Flexential 2021-1 and 2021-2 Surveillance Report,,https://www.kbra.com/publications/YJMYDMng/flexential-2021-1-and-2021-2-surveillance-report,True,"Flexential Co-Issuer, LLC"
9 Feb 2026,Rating Action Press Release,"ABS, Data Center",KBRA Assigns Ratings to DataBank Series 2026-1 and Takes Other Rating Actions,DataBank,2026-1,https://www.kbra.com/publications/BbKVzDjs/kbra-assigns-ratings-to-databank-series-2026-1-and-takes-other-rating-actions,True,"DataBank Co-Issuer II, LLC"
26 Oct 2023,Rating Action Press Release,"ABS, Data Center",KBRA Affirms Ratings on Flexential 2021-1 and 2021-2,Flexential 2021-1 and 2021-2,,https://www.kbra.com/publications/sVSJZjQQ/kbra-affirms-ratings-on-flexential-2021-1-and-2021-2,True,"Flexential Co-Issuer, LLC"
20 Dec 2022,Rating Action Press Release,"ABS, Data Center",KBRA Affirms Ratings on Flexential 2021-1 and 2021-2,Flexential 2021-1 and 2021-2,,https://www.kbra.com/publications/SctmPQhq/kbra-affirms-ratings-on-flexential-2021-1-and-2021-2,True,"Flexential Co-Issuer, LLC"
11 Jan 2026,Rating Action Press Release,"ABS, Data Center",KBRA Assigns Preliminary Ratings to DataBank Series 2026-1,DataBank,2026-1,https://www.kbra.com/publications/tGrWrdbr/kbra-assigns-preliminary-ratings-to-databank-series-2026-1,True,"DataBank Co-Issuer II, LLC"
2 Dec 2021,New Issue Report,"ABS, Data Center",Flexential 2021-1 and 2021-2 New Issue Report,Flexential 2021-1 and 2021-2 New Issue Report,,https://www.kbra.com/publications/yrgmgwnV/flexential-2021-1-and-2021-2-new-issue-report,True,"Flexential Co-Issuer, LLC"
4 Dec 2025,New Issue Report,"ABS, Data Center",Centersquare Issuer LLC and Centersquare Co-Issuer LLC Series 2025-5/6/7 New Issue Report,Centersquare Issuer LLC and Centersquare Co-Issuer LLC,2025-5/6/7,https://www.kbra.com/publications/bkbRqGLD/centersquare-issuer-llc-and-centersquare-co-issuer-llc-series-2025-567-new-issue-report,True,Centersquare Co-Issuer LLC
27 Feb 2026,Rating Action Press Release,"ABS, Data Center",KBRA Withdraws Ratings on Cologix 2021-1,Cologix 2021-1,,https://www.kbra.com/publications/jrSbKjMy/kbra-withdraws-ratings-on-cologix-2021-1,True,Cologix Canadian Issuer Limited Partnership
31 Mar 2026,Information Disclosure Form - U.S.,"ABS, Data Center",Flexential Comprehensive U.S. Information Disclosure Form,Flexential Comprehensive U.S. Information Disclosure Form,,https://www.kbra.com/publications/ywvjvMMF/flexential-comprehensive-u.s.-information-disclosure-form,True,"Flexential Co-Issuer, LLC"
31 Mar 2026,Information Disclosure Form - U.S.,"ABS, Data Center","Flexential Issuer, LLC and Flexential Co-Issuer, LLC, Series 2026-1/2/3/4 U.S. Information Disclosure Form","Flexential Issuer, LLC and Flexential Co-Issuer, LLC",2026-1/2/3/4,https://www.kbra.com/publications/fVGLCVqM/flexential-issuer-llc-and-flexential-co-issuer-llc-series-2026-1234-u.s.-information-disclosure-form,True,"Flexential Co-Issuer, LLC"
10 Nov 2021,Representations and Warranties Disclosure,"ABS, Data Center",Flexential 2021-1 and 2021-2 Representations and Warranties Disclosure,Flexential 2021-1 and 2021-2 Representations and Warranties Disclosure,,https://www.kbra.com/publications/zJXHcfVJ/flexential-2021-1-and-2021-2-representations-and-warranties-disclosure,True,"Flexential Co-Issuer, LLC"
12 Nov 2025,New Issue Report,"ABS, Data Center","Flexential Issuer, LLC and Flexential Co-Issuer, LLC, Series 2025-1/2 New Issue Report","Flexential Issuer, LLC and Flexential Co-Issuer, LLC",2025-1/2,https://www.kbra.com/publications/sFCfQKpY/flexential-issuer-llc-and-flexential-co-issuer-llc-series-2025-12-new-issue-report,True,"Flexential Co-Issuer, LLC"
4 Dec 2025,Rating Action Press Release,"ABS, CMBS, Data Center",KBRA Assigns Ratings to Centersquare Series 2025-5/6/7 and Takes Other Rating Actions,Centersquare,2025-5/6/7,https://www.kbra.com/publications/SDTNKhLS/kbra-assigns-ratings-to-centersquare-series-2025-567-and-takes-other-rating-actions,True,Centersquare Co-Issuer LLC
22 Oct 2025,New Issue Report,"ABS, Data Center","TierPoint Issuer LLC, Series 2025-3/4 New Issue Report",TierPoint Issuer LLC,2025-3/4,https://www.kbra.com/publications/NPmJvRqq/tierpoint-issuer-llc-series-2025-34-new-issue-report,False,
11 Nov 2025,Rating Action Press Release,"ABS, Data Center","KBRA Assigns Ratings to Flexential Issuer, LLC and Flexential Co-Issuer, LLC, Series 2025-1/2","Flexential Issuer, LLC and Flexential Co-Issuer, LLC",2025-1/2,https://www.kbra.com/publications/CqFBvMHV/kbra-assigns-ratings-to-flexential-issuer-llc-and-flexential-co-issuer-llc-series-2025-12,True,"Flexential Co-Issuer, LLC"
5 Mar 2026,Representations and Warranties Disclosure,"ABS, Data Center","Flexential Issuer, LLC and Flexential Co-Issuer, LLC, Series 2026-1/2/3/4 Representations and Warranties Disclosure","Flexential Issuer, LLC and Flexential Co-Issuer, LLC",2026-1/2/3/4,https://www.kbra.com/publications/MRwXFkrF/flexential-issuer-llc-and-flexential-co-issuer-llc-series-2026-1234-representations-and-warranties-disclosure,True,"Flexential Co-Issuer, LLC"
17 Nov 2025,Rating Action Press Release,"ABS, CMBS, Data Center",KBRA Assigns Preliminary Ratings to Centersquare Series 2025-5/6/7,Centersquare,2025-5/6/7,https://www.kbra.com/publications/VnNyrVVh/kbra-assigns-preliminary-ratings-to-centersquare-series-2025-567,True,Centersquare Co-Issuer LLC
29 Oct 2025,Rating Action Press Release,"ABS, Data Center","KBRA Assigns Preliminary Ratings to Flexential Issuer, LLC and Flexential Co-Issuer, LLC, Series 2025-1/2","Flexential Issuer, LLC and Flexential Co-Issuer, LLC",2025-1/2,https://www.kbra.com/publications/LKMkBdVY/kbra-assigns-preliminary-ratings-to-flexential-issuer-llc-and-flexential-co-issuer-llc-series-2025-12,True,"Flexential Co-Issuer, LLC"
21 Aug 2025,New Issue Report,"ABS, Data Center",Centersquare Issuer LLC and Centersquare Co-Issuer LLC Series 2025-3/4 New Issue Report,Centersquare Issuer LLC and Centersquare Co-Issuer LLC,2025-3/4,https://www.kbra.com/publications/XyrLXshg/centersquare-issuer-llc-and-centersquare-co-issuer-llc-series-2025-34-new-issue-report,True,Centersquare Co-Issuer LLC
21 Oct 2025,Rating Action Press Release,"ABS, Data Center","KBRA Assigns Ratings to TierPoint Issuer LLC, Series 2025-3 and Series 2025-4 and Takes Other Rating Actions",TierPoint Issuer LLC,2025-3,https://www.kbra.com/publications/NWSCDPYs/kbra-assigns-ratings-to-tierpoint-issuer-llc-series-2025-3-and-series-2025-4-and-takes-other-rating-actions,False,
21 Aug 2025,Rating Action Press Release,"ABS, Data Center",KBRA Assigns Ratings to Centersquare Series 2025-3/4 and Takes Other Rating Actions,Centersquare,2025-3/4,https://www.kbra.com/publications/yvpFTSML/kbra-assigns-ratings-to-centersquare-series-2025-34-and-takes-other-rating-actions,True,Centersquare Co-Issuer LLC
29 Oct 2025,Surveillance Report,"ABS, Data Center","Flexential Issuer, LLC and Flexential Co-Issuer, LLC Comprehensive Surveillance Report","Flexential Issuer, LLC and Flexential Co-Issuer, LLC Comprehensive Surveillance Report",,https://www.kbra.com/publications/vpnnjxjp/flexential-issuer-llc-and-flexential-co-issuer-llc-comprehensive-surveillance-report,True,"Flexential Co-Issuer, LLC"
8 Aug 2025,Rating Action Press Release,"ABS, Data Center",KBRA Assigns Preliminary Ratings to Centersquare Series 2025-3/4,Centersquare,2025-3/4,https://www.kbra.com/publications/tLgQxXjb/kbra-assigns-preliminary-ratings-to-centersquare-series-2025-34,True,Centersquare Co-Issuer LLC
21 Mar 2025,New Issue Report,"ABS, Data Center",Centersquare Issuer LLC and Centersquare Co-Issuer LLC Series 2025-1 and Series 2025-2 New Issue Report,Centersquare Issuer LLC and Centersquare Co-Issuer LLC,2025-1,https://www.kbra.com/publications/fCxyJKgZ/centersquare-issuer-llc-and-centersquare-co-issuer-llc-series-2025-1-and-series-2025-2-new-issue-report,True,Centersquare Co-Issuer LLC
8 Apr 2025,New Issue Report,"ABS, Data Center","TierPoint Issuer LLC, Series 2025-1/2 New Issue Report",TierPoint Issuer LLC,2025-1/2,https://www.kbra.com/publications/LhnFNjVg/tierpoint-issuer-llc-series-2025-12-new-issue-report,False,
17 Oct 2024,New Issue Report,"ABS, Data Center",Centersquare Issuer LLC and Centersquare Co-Issuer LLC Series 2024-1/2 New Issue Report,Centersquare Issuer LLC and Centersquare Co-Issuer LLC,2024-1/2,https://www.kbra.com/publications/dCpNyyjk/centersquare-issuer-llc-and-centersquare-co-issuer-llc-series-2024-12-new-issue-report,True,Centersquare Co-Issuer LLC
9 Feb 2026,Information Disclosure Form - U.S.,"ABS, Data Center","DataBank Issuer, LLC Series Comprehensive U.S. Information Disclosure Form","DataBank Issuer, LLC",,https://www.kbra.com/publications/zkgWBGHb/databank-issuer-llc-series-comprehensive-u.s.-information-disclosure-form,True,"DataBank Co-Issuer II, LLC"
9 Feb 2026,Information Disclosure Form - U.S.,"ABS, Data Center","DataBank Issuer, LLC and DataBank Co-Issuer, LLC Series 2026-1 U.S. Information Disclosure Form","DataBank Issuer, LLC and DataBank Co-Issuer, LLC",2026-1,https://www.kbra.com/publications/NjzVywLk/databank-issuer-llc-and-databank-co-issuer-llc-series-2026-1-u.s.-information-disclosure-form,True,"DataBank Co-Issuer II, LLC"
8 Apr 2025,Rating Action Press Release,"ABS, Data Center","KBRA Assigns Ratings to TierPoint Issuer LLC, Series 2025-1 and Series 2025-2 and Takes Other Rating Actions",TierPoint Issuer LLC,2025-1,https://www.kbra.com/publications/fqWGvgRD/kbra-assigns-ratings-to-tierpoint-issuer-llc-series-2025-1-and-series-2025-2-and-takes-other-rating-actions,False,
25 Mar 2025,Rating Action Press Release,"ABS, Data Center","KBRA Assigns Preliminary Ratings to TierPoint LLC, Series 2025-1 and Series 2025-2",TierPoint LLC,2025-1,https://www.kbra.com/publications/pcSbZKrS/kbra-assigns-preliminary-ratings-to-tierpoint-llc-series-2025-1-and-series-2025-2,False,
21 Mar 2025,Rating Action Press Release,"ABS, CMBS, Data Center",KBRA Assigns Ratings to Centersquare Series 2025-1 and Series 2025-2,Centersquare,2025-1,https://www.kbra.com/publications/ZhYNKpVp/kbra-assigns-ratings-to-centersquare-series-2025-1-and-series-2025-2,True,Centersquare Co-Issuer LLC
28 Feb 2025,Rating Action Press Release,"ABS, CMBS, Data Center",KBRA Assigns Preliminary Ratings to Centersquare Series 2025-1 and Series 2025-2,Centersquare,2025-1,https://www.kbra.com/publications/rnrKqqXt/kbra-assigns-preliminary-ratings-to-centersquare-series-2025-1-and-series-2025-2,True,Centersquare Co-Issuer LLC
12 Jan 2026,Representations and Warranties Disclosure,"ABS, Data Center","DataBank Issuer, LLC and DataBank Co-Issuer, LLC Series 2026-1 Representations and Warranties Disclosure","DataBank Issuer, LLC and DataBank Co-Issuer, LLC",2026-1,https://www.kbra.com/publications/BDXvnCjG/databank-issuer-llc-and-databank-co-issuer-llc-series-2026-1-representations-and-warranties-disclosure,True,"DataBank Co-Issuer II, LLC"
17 Oct 2024,Rating Action Press Release,"ABS, CMBS, Data Center",KBRA Assigns Ratings to Centersquare Series 2024-1 and Series 2024-2,Centersquare,2024-1,https://www.kbra.com/publications/VFCXDqmk/kbra-assigns-ratings-to-centersquare-series-2024-1-and-series-2024-2,True,Centersquare Co-Issuer LLC
30 Sep 2024,Rating Action Press Release,"ABS, CMBS, Data Center",KBRA Assigns Preliminary Ratings to Centersquare Series 2024-1 and Series 2024-2,Centersquare,2024-1,https://www.kbra.com/publications/NhYSFkyn/kbra-assigns-preliminary-ratings-to-centersquare-series-2024-1-and-series-2024-2,True,Centersquare Co-Issuer LLC
15 Feb 2024,New Issue Report,"ABS, Data Center","DataBank Issuer, LLC Series 2024-1 New Issue Report","DataBank Issuer, LLC",2024-1,https://www.kbra.com/publications/HhkLccjM/databank-issuer-llc-series-2024-1-new-issue-report,True,"DataBank Co-Issuer II, LLC"
4 Dec 2025,Information Disclosure Form - U.S.,"ABS, Data Center",Centersquare Issuer LLC and Centersquare Co-Issuer LLC Comprehensive U.S. Information Disclosure Form,Centersquare Issuer LLC and Centersquare Co-Issuer LLC Comprehensive U.S. Information Disclosure Form,,https://www.kbra.com/publications/pTLYfLXW/centersquare-issuer-llc-and-centersquare-co-issuer-llc-comprehensive-u.s.-information-disclosure-form,True,Centersquare Co-Issuer LLC
4 Dec 2025,Information Disclosure Form - U.S.,"ABS, Data Center",Centersquare Issuer LLC and Centersquare Co-Issuer LLC Series 2025-5/6/7 U.S. Information Disclosure Form,Centersquare Issuer LLC and Centersquare Co-Issuer LLC,2025-5/6/7,https://www.kbra.com/publications/gfWNPhVV/centersquare-issuer-llc-and-centersquare-co-issuer-llc-series-2025-567-u.s.-information-disclosure-form,True,Centersquare Co-Issuer LLC
13 Feb 2025,Surveillance Report,"ABS, Data Center","DataBank Issuer, LLC and DataBank Co-Issuer, LLC Comprehensive Surveillance Report","DataBank Issuer, LLC and DataBank Co-Issuer, LLC Comprehensive Surveillance Report",,https://www.kbra.com/publications/qkHDwbgQ/databank-issuer-llc-and-databank-co-issuer-llc-comprehensive-surveillance-report,True,"DataBank Co-Issuer II, LLC"
17 Nov 2025,Representations and Warranties Disclosure,"ABS, Data Center",Centersquare Issuer LLC and Centersquare Co-Issuer LLC Series 2025-5/6/7 Representations and Warranties Disclosure,Centersquare Issuer LLC and Centersquare Co-Issuer LLC,2025-5/6/7,https://www.kbra.com/publications/CSSfnLwC/centersquare-issuer-llc-and-centersquare-co-issuer-llc-series-2025-567-representations-and-warranties-disclosure,True,Centersquare Co-Issuer LLC
7 May 2024,New Issue Report,"ABS, Data Center",TierPoint 2024-1 New Issue Report,TierPoint 2024-1 New Issue Report,,https://www.kbra.com/publications/fyJztbhB/tierpoint-2024-1-new-issue-report,False,
12 Nov 2025,Information Disclosure Form - U.S.,"ABS, Data Center","Flexential Issuer, LLC and Flexential Co-Issuer, LLC, Series 2025-1/2 U.S. Information Disclosure Form","Flexential Issuer, LLC and Flexential Co-Issuer, LLC",2025-1/2,https://www.kbra.com/publications/VhqnjvnV/flexential-issuer-llc-and-flexential-co-issuer-llc-series-2025-12-u.s.-information-disclosure-form,True,"Flexential Co-Issuer, LLC"
28 Feb 2023,New Issue Report,"ABS, Data Center","DataBank Issuer, LLC Series 2023-1 New Issue Report","DataBank Issuer, LLC",2023-1,https://www.kbra.com/publications/PXqJJFGP/databank-issuer-llc-series-2023-1-new-issue-report,True,"DataBank Co-Issuer II, LLC"
15 Feb 2024,Rating Action Press Release,"ABS, CMBS, Data Center",KBRA Assigns Ratings to DataBank Series 2024-1 And Takes Other Rating Actions,DataBank,2024-1,https://www.kbra.com/publications/yQRHWpgg/kbra-assigns-ratings-to-databank-series-2024-1-and-takes-other-rating-actions,True,"DataBank Co-Issuer II, LLC"
29 Oct 2025,Representations and Warranties Disclosure,"ABS, Data Center","Flexential Issuer, LLC and Flexential Co-Issuer, LLC, Series 2025-1/2 Representations and Warranties Disclosure","Flexential Issuer, LLC and Flexential Co-Issuer, LLC",2025-1/2,https://www.kbra.com/publications/kPMgNjQq/flexential-issuer-llc-and-flexential-co-issuer-llc-series-2025-12-representations-and-warranties-disclosure,True,"Flexential Co-Issuer, LLC"
29 Oct 2025,Information Disclosure Form - U.S.,"ABS, Data Center","Flexential Issuer, LLC and Flexential Co-Issuer, LLC, Series 2025-1/2 U.S. Information Disclosure Form","Flexential Issuer, LLC and Flexential Co-Issuer, LLC",2025-1/2,https://www.kbra.com/publications/rffRJhHD/flexential-issuer-llc-and-flexential-co-issuer-llc-series-2025-12-u.s.-information-disclosure-form,True,"Flexential Co-Issuer, LLC"
28 Oct 2025,Rating Action Press Release,"ABS, CMBS, Data Center","KBRA Affirms Ratings on Flexential Issuer, LLC and Flexential Co-Issuer, LLC","Flexential Issuer, LLC and Flexential Co-Issuer, LLC",,https://www.kbra.com/publications/DPRzsSbL/kbra-affirms-ratings-on-flexential-issuer-llc-and-flexential-co-issuer-llc,True,"Flexential Co-Issuer, LLC"
2 Feb 2024,Rating Action Press Release,"ABS, CMBS, Data Center",KBRA Assigns Preliminary Ratings to DataBank Series 2024-1,DataBank,2024-1,https://www.kbra.com/publications/HTcQwQyg/kbra-assigns-preliminary-ratings-to-databank-series-2024-1,True,"DataBank Co-Issuer II, LLC"
7 Jul 2023,Rating Action Press Release,"ABS, Data Center",KBRA Assigns Ratings to TierPoint Series 2023-1 and Series 2023-2,TierPoint,2023-1,https://www.kbra.com/publications/DhLTTPQx/kbra-assigns-ratings-to-tierpoint-series-2023-1-and-series-2023-2,False,
22 Jun 2023,Rating Action Press Release,"ABS, Data Center",KBRA Assigns Preliminary Ratings to TierPoint Series 2023-1 and Series 2023-2,TierPoint,2023-1,https://www.kbra.com/publications/fRSyzyXy/kbra-assigns-preliminary-ratings-to-tierpoint-series-2023-1-and-series-2023-2,False,
22 Oct 2025,Representations and Warranties Disclosure,"ABS, Data Center","TierPoint Issuer LLC, Series 2025-3/4 Representations and Warranties Disclosure",TierPoint Issuer LLC,2025-3/4,https://www.kbra.com/publications/sDqgJdqK/tierpoint-issuer-llc-series-2025-34-representations-and-warranties-disclosure,False,
22 Oct 2025,Information Disclosure Form - U.S.,"ABS, Data Center",TierPoint Issuer LLC Comprehensive U.S. Information Disclosure Form,TierPoint Issuer LLC Comprehensive U.S. Information Disclosure Form,,https://www.kbra.com/publications/QWywQnGH/tierpoint-issuer-llc-comprehensive-u.s.-information-disclosure-form,False,
22 Oct 2025,Information Disclosure Form - U.S.,"ABS, Data Center","TierPoint Issuer LLC, Series 2025-3/4 U.S. Information Disclosure Form",TierPoint Issuer LLC,2025-3/4,https://www.kbra.com/publications/xcFzpzBF/tierpoint-issuer-llc-series-2025-34-u.s.-information-disclosure-form,False,
27 Oct 2021,New Issue Report,"ABS, Data Center",DataBank 2021-2 New Issue Report,DataBank 2021-2 New Issue Report,,https://www.kbra.com/publications/qWCRmXFT/databank-2021-2-new-issue-report,True,"DataBank Co-Issuer II, LLC"
7 Jul 2023,New Issue Report,"ABS, Data Center",TierPoint 2023-1 and 2023-2 New Issue Report,TierPoint 2023-1 and 2023-2 New Issue Report,,https://www.kbra.com/publications/jtVWQpxQ/tierpoint-2023-1-and-2023-2-new-issue-report,False,
28 Oct 2022,Surveillance Report,"ABS, Data Center","DataBank Issuer, LLC and DataBank Co-Issuer, LLC Series 2021-1 and 2021-2 Surveillance Report","DataBank Issuer, LLC and DataBank Co-Issuer, LLC",2021-1,https://www.kbra.com/publications/qMwLmGyy/databank-issuer-llc-and-databank-co-issuer-llc-series-2021-1-and-2021-2-surveillance-report,True,"DataBank Co-Issuer II, LLC"
7 May 2024,Rating Action Press Release,"ABS, Data Center",KBRA Assigns Ratings to TierPoint Series 2024-1 and Takes Other Rating Actions,TierPoint,2024-1,https://www.kbra.com/publications/gpCPjbsZ/kbra-assigns-ratings-to-tierpoint-series-2024-1-and-takes-other-rating-actions,False,
25 Apr 2024,   Rating Action Press Release,"ABS, Data Center",KBRA Assigns Preliminary Ratings to TierPoint Series 2024-1,TierPoint,2024-1,https://www.kbra.com/publications/sYkMNLsd/kbra-assigns-preliminary-ratings-to-tierpoint-series-2024-1,False,
11 Mar 2021,New Issue Report,"ABS, Data Center",DataBank Series 2021-1 New Issue Report,DataBank,2021-1,https://www.kbra.com/publications/mQDnwWnw/databank-series-2021-1-new-issue-report,True,"DataBank Co-Issuer II, LLC"
28 Feb 2023,Rating Action Press Release,"ABS, Data Center",KBRA Assigns Ratings to DataBank Series 2023-1,DataBank,2023-1,https://www.kbra.com/publications/XbTTZcsy/kbra-assigns-ratings-to-databank-series-2023-1,True,"DataBank Co-Issuer II, LLC"
21 Aug 2025,Information Disclosure Form - U.S.,"ABS, Data Center","Centersquare Issuer LLC and Centersquare Co-Issuer LLC Series 2024-1/2, Series 2025-1 and Series 2025-2 U.S. Information Disclosure Form",Centersquare Issuer LLC and Centersquare Co-Issuer LLC,2024-1/2,https://www.kbra.com/publications/ncDfZNGp/centersquare-issuer-llc-and-centersquare-co-issuer-llc-series-2024-12-series-2025-1-and-series-2025-2-u.s.-information-disclosure-form,True,Centersquare Co-Issuer LLC
21 Aug 2025,Information Disclosure Form - U.S.,"ABS, Data Center",Centersquare Issuer LLC and Centersquare Co-Issuer LLC Series 2025-3/4 U.S. Information Disclosure Form,Centersquare Issuer LLC and Centersquare Co-Issuer LLC,2025-3/4,https://www.kbra.com/publications/NWJwnmKD/centersquare-issuer-llc-and-centersquare-co-issuer-llc-series-2025-34-u.s.-information-disclosure-form,True,Centersquare Co-Issuer LLC
17 Feb 2023,Rating Action Press Release,"ABS, Data Center",KBRA Assigns Preliminary Ratings to DataBank Series 2023-1,DataBank,2023-1,https://www.kbra.com/publications/bWSghDCc/kbra-assigns-preliminary-ratings-to-databank-series-2023-1,True,"DataBank Co-Issuer II, LLC"
8 Aug 2025,Representations and Warranties Disclosure,"ABS, Data Center",Centersquare Issuer LLC and Centersquare Co-Issuer LLC Series 2025-3/4 Representations and Warranties Disclosure,Centersquare Issuer LLC and Centersquare Co-Issuer LLC,2025-3/4,https://www.kbra.com/publications/tCbwwLHh/centersquare-issuer-llc-and-centersquare-co-issuer-llc-series-2025-34-representations-and-warranties-disclosure,True,Centersquare Co-Issuer LLC
3 Oct 2024,Surveillance Report,"ABS, Data Center","TierPoint Issuer, LLC - Series 2023-1/2 and Series 2024-1 Surveillance Report","TierPoint Issuer, LLC -",2023-1/2,https://www.kbra.com/publications/hrrbzDCM/tierpoint-issuer-llc-series-2023-12-and-series-2024-1-surveillance-report,False,
27 Oct 2021,Rating Action Press Release,"ABS, Data Center",KBRA Assigns Ratings to DataBank Series 2021-2,DataBank,2021-2,https://www.kbra.com/publications/bnHjsdvy/kbra-assigns-ratings-to-databank-series-2021-2,True,"DataBank Co-Issuer II, LLC"
14 Oct 2021,Rating Action Press Release,"ABS, Data Center",KBRA Assigns Preliminary Ratings to DataBank Series 2021-2,DataBank,2021-2,https://www.kbra.com/publications/hdFrFMGq/kbra-assigns-preliminary-ratings-to-databank-series-2021-2,True,"DataBank Co-Issuer II, LLC"
2 Dec 2021,Rating Action Press Release,"ABS, Data Center",KBRA Assigns Ratings to Flexential Series 2021-1 and 2021-2,Flexential,2021-1,https://www.kbra.com/publications/KhwXmxdj/kbra-assigns-ratings-to-flexential-series-2021-1-and-2021-2,True,"Flexential Co-Issuer, LLC"
10 Nov 2021,Rating Action Press Release,"ABS, Data Center",KBRA Assigns Preliminary Ratings to Flexential Series 2021-1 and 2021-2,Flexential,2021-1,https://www.kbra.com/publications/qLhjRpCV/kbra-assigns-preliminary-ratings-to-flexential-series-2021-1-and-2021-2,True,"Flexential Co-Issuer, LLC"
11 Mar 2021,Rating Action Press Release,"ABS, Data Center",KBRA Assigns Ratings to DataBank Series 2021-1,DataBank,2021-1,https://www.kbra.com/publications/pHvTSBLq/kbra-assigns-ratings-to-databank-series-2021-1,True,"DataBank Co-Issuer II, LLC"
18 Feb 2021,Rating Action Press Release,"ABS, Data Center",KBRA Assigns Preliminary Ratings to DataBank Series 2021-1,DataBank,2021-1,https://www.kbra.com/publications/sRHwGJvN/kbra-assigns-preliminary-ratings-to-databank-series-2021-1,True,"DataBank Co-Issuer II, LLC"
8 Apr 2025,Information Disclosure Form - U.S.,"ABS, Data Center",TierPoint 2023-1/2 and 2024-1 U.S. Information Disclosure Form,TierPoint 2023-1/2 and 2024-1 U.S. Information Disclosure Form,,https://www.kbra.com/publications/fJwpbMQP/tierpoint-2023-12-and-2024-1-u.s.-information-disclosure-form,False,
8 Apr 2025,Information Disclosure Form - U.S.,"ABS, Data Center","TierPoint Issuer LLC, Series 2025-1/2 U.S. Information Disclosure Form",TierPoint Issuer LLC,2025-1/2,https://www.kbra.com/publications/cqzspRch/tierpoint-issuer-llc-series-2025-12-u.s.-information-disclosure-form,False,
25 Mar 2025,Representations and Warranties Disclosure,"ABS, Data Center","TierPoint Issuer LLC, Series 2025-1/2 Representations and Warranties Disclosure",TierPoint Issuer LLC,2025-1/2,https://www.kbra.com/publications/gBjrvRhH/tierpoint-issuer-llc-series-2025-12-representations-and-warranties-disclosure,False,
21 Mar 2025,Information Disclosure Form - U.S.,"ABS, Data Center",Centersquare Issuer LLC and Centersquare Co-Issuer LLC Series 2024-1/2 U.S. Information Disclosure Form,Centersquare Issuer LLC and Centersquare Co-Issuer LLC,2024-1/2,https://www.kbra.com/publications/NDqdrHYS/centersquare-issuer-llc-and-centersquare-co-issuer-llc-series-2024-12-u.s.-information-disclosure-form,True,Centersquare Co-Issuer LLC
21 Mar 2025,Information Disclosure Form - U.S.,"ABS, Data Center",Centersquare Issuer LLC and Centersquare Co-Issuer LLC Series 2025-1 and Series 2025-2 U.S. Information Disclosure Form,Centersquare Issuer LLC and Centersquare Co-Issuer LLC,2025-1,https://www.kbra.com/publications/zbmYSMvP/centersquare-issuer-llc-and-centersquare-co-issuer-llc-series-2025-1-and-series-2025-2-u.s.-information-disclosure-form,True,Centersquare Co-Issuer LLC
28 Feb 2025,Representations and Warranties Disclosure,"ABS, Data Center",Centersquare Issuer LLC and Centersquare Co-Issuer LLC Series 2025-1 and Series 2025-2 Representations and Warranties Disclosure,Centersquare Issuer LLC and Centersquare Co-Issuer LLC,2025-1,https://www.kbra.com/publications/KMwxSfps/centersquare-issuer-llc-and-centersquare-co-issuer-llc-series-2025-1-and-series-2025-2-representations-and-warranties-disclosure,True,Centersquare Co-Issuer LLC
18 Sep 2026,Research Report,"Corporates, Project Finance and Infrastructure, Communication and Technology Infrastructure, Data Centers, Other, Ports and Airports, Power and Energy, Roads and Bridges, Semiconductors, Shipping, Conference Recaps",Private Placements Industry Forum Europe: Conference Recap,Private Placements Industry Forum Europe: Conference Recap,,https://www.kbra.com/publications/xmjhJVrW/private-placements-industry-forum-europe-conference-recap,False,
13 Feb 2025,Rating Action Press Release,"ABS, CMBS, Data Center","KBRA Affirms Ratings on DataBank Issuer, LLC and DataBank Co-Issuer, LLC","DataBank Issuer, LLC and DataBank Co-Issuer, LLC",,https://www.kbra.com/publications/HnWrTWRV/kbra-affirms-ratings-on-databank-issuer-llc-and-databank-co-issuer-llc,True,"DataBank Co-Issuer II, LLC"
3 Oct 2024,Rating Action Press Release,"ABS, CMBS, Data Center",KBRA Affirms Ratings for TierPoint Series 2023-1/2 and 2024-1,Ratings,2023-1/2,https://www.kbra.com/publications/XjxhGVdD/kbra-affirms-ratings-for-tierpoint-series-2023-12-and-2024-1,False,
30 Sep 2024,Representations and Warranties Disclosure,"ABS, Data Center",Centersquare Issuer LLC and Centersquare Co-Issuer LLC Series 2024-1/2 Representations and Warranties Disclosure,Centersquare Issuer LLC and Centersquare Co-Issuer LLC,2024-1/2,https://www.kbra.com/publications/hnJfdtPm/centersquare-issuer-llc-and-centersquare-co-issuer-llc-series-2024-12-representations-and-warranties-disclosure,True,Centersquare Co-Issuer LLC
25 Apr 2024,Representations and Warranties Disclosure,"ABS, Data Center",TierPoint 2024-1 Representations and Warranties Disclosure,TierPoint 2024-1 Representations and Warranties Disclosure,,https://www.kbra.com/publications/WLJtkjKB/tierpoint-2024-1-representations-and-warranties-disclosure,False,
15 Feb 2024,Information Disclosure Form - U.S.,"ABS, Data Center","DataBank Issuer, LLC Comprehensive U.S. Information Disclosure Form","DataBank Issuer, LLC Comprehensive U.S. Information Disclosure Form",,https://www.kbra.com/publications/PKHJKLcK/databank-issuer-llc-comprehensive-u.s.-information-disclosure-form,True,"DataBank Co-Issuer II, LLC"
15 Feb 2024,Information Disclosure Form - U.S.,"ABS, Data Center","DataBank Issuer, LLC Series 2024-1 U.S. Information Disclosure Form","DataBank Issuer, LLC",2024-1,https://www.kbra.com/publications/TjVTpDwB/databank-issuer-llc-series-2024-1-u.s.-information-disclosure-form,True,"DataBank Co-Issuer II, LLC"
2 Feb 2024,Representations and Warranties Disclosure,"ABS, Data Center","DataBank Issuer, LLC Series 2024-1 Representations and Warranties Disclosure","DataBank Issuer, LLC",2024-1,https://www.kbra.com/publications/FDphJMdw/databank-issuer-llc-series-2024-1-representations-and-warranties-disclosure,True,"DataBank Co-Issuer II, LLC"
22 Jun 2023,Representations and Warranties Disclosure,"ABS, Data Center",TierPoint 2023-1 and 2023-2 Representations and Warranties Disclosure,TierPoint 2023-1 and 2023-2 Representations and Warranties Disclosure,,https://www.kbra.com/publications/wTPvdygY/tierpoint-2023-1-and-2023-2-representations-and-warranties-disclosure,False,
28 Feb 2023,Information Disclosure Form - U.S.,"ABS, Data Center","DataBank Issuer, LLC Series 2021-2 U.S. Information Disclosure Form","DataBank Issuer, LLC",2021-2,https://www.kbra.com/publications/PSwNBzmc/databank-issuer-llc-series-2021-2-u.s.-information-disclosure-form,True,"DataBank Co-Issuer II, LLC"
28 Feb 2023,Information Disclosure Form - U.S.,"ABS, Data Center","DataBank Issuer, LLC Series 2021-1 U.S. Information Disclosure Form","DataBank Issuer, LLC",2021-1,https://www.kbra.com/publications/PgNSTjFb/databank-issuer-llc-series-2021-1-u.s.-information-disclosure-form,True,"DataBank Co-Issuer II, LLC"
28 Feb 2023,Information Disclosure Form - U.S.,"ABS, Data Center","DataBank Issuer, LLC Series 2023-1 U.S. Information Disclosure Form","DataBank Issuer, LLC",2023-1,https://www.kbra.com/publications/xLsXzxZz/databank-issuer-llc-series-2023-1-u.s.-information-disclosure-form,True,"DataBank Co-Issuer II, LLC"
17 Feb 2023,Representations and Warranties Disclosure,"ABS, Data Center","DataBank Issuer, LLC Series 2023-1 Representations and Warranties Disclosure","DataBank Issuer, LLC",2023-1,https://www.kbra.com/publications/FvfCnqxS/databank-issuer-llc-series-2023-1-representations-and-warranties-disclosure,True,"DataBank Co-Issuer II, LLC"
20 Dec 2022,Surveillance Report,"ABS, Data Center","Flexential Issuer, LLC – Series 2021-1 and 2021-2 Surveillance Report","Flexential Issuer, LLC –",2021-1,https://www.kbra.com/publications/nCDBDqMP/flexential-issuer-llc-series-2021-1-and-2021-2-surveillance-report,True,"Flexential Co-Issuer, LLC"
28 Oct 2022,Rating Action Press Release,"ABS, Data Center",KBRA Affirms Ratings on DataBank Series 2021-1 and Series 2021-2,DataBank,2021-1,https://www.kbra.com/publications/cwnhCfQn/kbra-affirms-ratings-on-databank-series-2021-1-and-series-2021-2,True,"DataBank Co-Issuer II, LLC"
1 Jul 2026,Research Press Release,"CMBS, Agency, CRE CLO, Conduit, Data Centers, Large Loan, Other, Re-Securitization, Seasoned, Single-Borrower, Small Balance CMBS",KBRA Releases Research – CMBS Loan Performance Trends: June 2026,CMBS Loan Performance Trends: June 2026,,https://www.kbra.com/publications/tLkyJdZP/kbra-releases-research-cmbs-loan-performance-trends-june-2026,False,
19 Apr 2022,Surveillance Report,"ABS, Data Center",Flexential Series 2021-1 and 2021-2 Surveillance Report,Flexential,2021-1,https://www.kbra.com/publications/YVGWjFHT/flexential-series-2021-1-and-2021-2-surveillance-report,True,"Flexential Co-Issuer, LLC"
19 Apr 2022,Rating Action Press Release,"ABS, Data Center",KBRA Affirms Ratings on Flexential Series 2021-1 and 2021-2,Flexential,2021-1,https://www.kbra.com/publications/vVFZfPrH/kbra-affirms-ratings-on-flexential-series-2021-1-and-2021-2,True,"Flexential Co-Issuer, LLC"
14 Oct 2021,Representations and Warranties Disclosure,"ABS, Data Center",DataBank 2021-2 Representations and Warranties Disclosure,DataBank 2021-2 Representations and Warranties Disclosure,,https://www.kbra.com/publications/GyJJsCYh/databank-2021-2-representations-and-warranties-disclosure,True,"DataBank Co-Issuer II, LLC"
18 Feb 2021,Representations and Warranties Disclosure,"ABS, Data Center",DataBank Series 2021-1 Representations and Warranties Disclosure,DataBank,2021-1,https://www.kbra.com/publications/TfJqFsjF/databank-series-2021-1-representations-and-warranties-disclosure,True,"DataBank Co-Issuer II, LLC"
21 Jan 2025,Research Report,"ABS, Auto, Credit Card, Data Center, Home Improvement, PACE",KBRA-Rated ABS Exposure to Los Angeles Wildfires,KBRA-Rated ABS Exposure to Los Angeles Wildfires,,https://www.kbra.com/publications/hdNVpXDp/kbra-rated-abs-exposure-to-los-angeles-wildfires,False,
