month,dc_construction_musd,power_construction_musd,equipment_construction_musd,gscpi,delivery_times,ten_year,sources
2014-01,124.0,8535.0,578.0,-0.6522763866969363,11.2,,census_c30;nyfed_gscpi;philly_delivery_times;fred_rates
2014-02,131.0,8691.0,552.0,-0.28955761823288567,14.0,,census_c30;nyfed_gscpi;philly_delivery_times;fred_rates
2014-03,134.0,8759.0,538.0,-0.6255426708225991,16.2,,census_c30;nyfed_gscpi;philly_delivery_times;fred_rates
2014-04,146.0,8661.0,501.0,-0.8105002569896473,18.4,,census_c30;nyfed_gscpi;philly_delivery_times;fred_rates
2014-05,154.0,8683.0,495.0,-0.8226838760038495,10.4,,census_c30;nyfed_gscpi;philly_delivery_times;fred_rates
2014-06,151.0,8543.0,446.0,-0.7091683184279939,9.3,,census_c30;nyfed_gscpi;philly_delivery_times;fred_rates
2014-07,154.0,8199.0,357.0,-0.8307570303542249,9.5,,census_c30;nyfed_gscpi;philly_delivery_times;fred_rates
2014-08,170.0,7865.0,359.0,-0.6494812668689439,10.1,,census_c30;nyfed_gscpi;philly_delivery_times;fred_rates
2014-09,171.0,7679.0,357.0,-0.8515791864513693,9.0,,census_c30;nyfed_gscpi;philly_delivery_times;fred_rates
2014-10,162.0,7811.0,366.0,-0.620916088233909,12.1,,census_c30;nyfed_gscpi;philly_delivery_times;fred_rates
2014-11,166.0,7663.0,297.0,-1.0285348760427455,14.3,,census_c30;nyfed_gscpi;philly_delivery_times;fred_rates
2014-12,134.0,7118.0,287.0,-0.44595344706484663,11.4,,census_c30;nyfed_gscpi;philly_delivery_times;fred_rates
2015-01,146.0,6526.0,244.0,-0.5361908369370988,17.4,,census_c30;nyfed_gscpi;philly_delivery_times;fred_rates
2015-02,146.0,6829.0,252.0,-0.3599863266966839,14.2,,census_c30;nyfed_gscpi;philly_delivery_times;fred_rates
2015-03,170.0,7550.0,272.0,-0.4311792522149802,20.3,,census_c30;nyfed_gscpi;philly_delivery_times;fred_rates
2015-04,189.0,8040.0,253.0,-0.37030259575230506,7.2,,census_c30;nyfed_gscpi;philly_delivery_times;fred_rates
2015-05,283.0,8388.0,282.0,-0.5867178901659157,13.9,,census_c30;nyfed_gscpi;philly_delivery_times;fred_rates
2015-06,341.0,8477.0,208.0,-0.8995067964939364,15.3,,census_c30;nyfed_gscpi;philly_delivery_times;fred_rates
2015-07,231.0,8349.0,337.0,-0.43957665302970605,13.7,,census_c30;nyfed_gscpi;philly_delivery_times;fred_rates
2015-08,246.0,7891.0,333.0,-0.7192023528860605,12.1,,census_c30;nyfed_gscpi;philly_delivery_times;fred_rates
2015-09,249.0,7561.0,306.0,-0.4224080800562094,12.2,,census_c30;nyfed_gscpi;philly_delivery_times;fred_rates
2015-10,243.0,7376.0,330.0,-0.2571874516241924,12.8,,census_c30;nyfed_gscpi;philly_delivery_times;fred_rates
2015-11,252.0,7360.0,330.0,-0.6823550892254429,9.8,,census_c30;nyfed_gscpi;philly_delivery_times;fred_rates
2015-12,249.0,7156.0,365.0,-0.6413623769151201,14.7,,census_c30;nyfed_gscpi;philly_delivery_times;fred_rates
2016-01,241.0,6451.0,198.0,-0.8342090777670749,14.1,,census_c30;nyfed_gscpi;philly_delivery_times;fred_rates
2016-02,288.0,6499.0,198.0,-0.7707055755938916,21.3,,census_c30;nyfed_gscpi;philly_delivery_times;fred_rates
2016-03,328.0,6938.0,152.0,-0.6570869320833955,13.1,,census_c30;nyfed_gscpi;philly_delivery_times;fred_rates
2016-04,363.0,7147.0,150.0,-0.26808526170192626,14.7,,census_c30;nyfed_gscpi;philly_delivery_times;fred_rates
2016-05,352.0,7513.0,161.0,-0.7467708388201484,17.5,,census_c30;nyfed_gscpi;philly_delivery_times;fred_rates
2016-06,395.0,7782.0,181.0,-0.30626590150759575,17.2,,census_c30;nyfed_gscpi;philly_delivery_times;fred_rates
2016-07,367.0,7873.0,156.0,-0.19138436116031696,8.6,,census_c30;nyfed_gscpi;philly_delivery_times;fred_rates
2016-08,397.0,8012.0,177.0,0.08606766661287257,16.4,,census_c30;nyfed_gscpi;philly_delivery_times;fred_rates
2016-09,373.0,8196.0,172.0,-0.30763781104292554,14.2,,census_c30;nyfed_gscpi;philly_delivery_times;fred_rates
2016-10,325.0,8327.0,146.0,-0.0864538510544977,10.7,,census_c30;nyfed_gscpi;philly_delivery_times;fred_rates
2016-11,335.0,8597.0,154.0,-0.33870790094776454,5.2,,census_c30;nyfed_gscpi;philly_delivery_times;fred_rates
2016-12,357.0,8401.0,154.0,-0.2541623906577076,9.5,,census_c30;nyfed_gscpi;philly_delivery_times;fred_rates
2017-01,303.0,8221.0,122.0,0.16030341080395724,8.4,,census_c30;nyfed_gscpi;philly_delivery_times;fred_rates
2017-02,322.0,7912.0,100.0,0.16826079426512458,4.9,,census_c30;nyfed_gscpi;philly_delivery_times;fred_rates
2017-03,316.0,7776.0,126.0,0.07832140718012029,7.1,,census_c30;nyfed_gscpi;philly_delivery_times;fred_rates
2017-04,354.0,7672.0,139.0,-0.0002759875601189945,7.0,,census_c30;nyfed_gscpi;philly_delivery_times;fred_rates
2017-05,441.0,7605.0,154.0,-0.1656439569682294,7.5,,census_c30;nyfed_gscpi;philly_delivery_times;fred_rates
2017-06,410.0,7378.0,155.0,0.0743968124627188,7.0,,census_c30;nyfed_gscpi;philly_delivery_times;fred_rates
2017-07,409.0,7148.0,157.0,0.07435134196285038,8.1,,census_c30;nyfed_gscpi;philly_delivery_times;fred_rates
2017-08,387.0,7131.0,208.0,0.37933686431200114,4.9,,census_c30;nyfed_gscpi;philly_delivery_times;fred_rates
2017-09,416.0,7127.0,216.0,0.525686240579803,7.9,,census_c30;nyfed_gscpi;philly_delivery_times;fred_rates
2017-10,407.0,7360.0,240.0,0.7626204369491685,3.9,,census_c30;nyfed_gscpi;philly_delivery_times;fred_rates
2017-11,441.0,7277.0,248.0,0.806224794218841,7.9,,census_c30;nyfed_gscpi;philly_delivery_times;fred_rates
2017-12,461.0,7166.0,275.0,0.663028481463247,2.8,,census_c30;nyfed_gscpi;philly_delivery_times;fred_rates
2018-01,462.0,8347.0,297.0,0.5666738490225074,7.6,,census_c30;nyfed_gscpi;philly_delivery_times;fred_rates
2018-02,476.0,8162.0,351.0,0.042092871205108046,9.8,,census_c30;nyfed_gscpi;philly_delivery_times;fred_rates
2018-03,515.0,8142.0,358.0,0.4202687117811749,8.5,,census_c30;nyfed_gscpi;philly_delivery_times;fred_rates
2018-04,541.0,8239.0,354.0,0.4942592554331016,3.3,,census_c30;nyfed_gscpi;philly_delivery_times;fred_rates
2018-05,620.0,8075.0,484.0,0.35100013239323197,7.3,,census_c30;nyfed_gscpi;philly_delivery_times;fred_rates
2018-06,639.0,7989.0,444.0,0.4059007826000529,8.3,,census_c30;nyfed_gscpi;philly_delivery_times;fred_rates
2018-07,654.0,7786.0,445.0,0.41060045325556493,7.1,,census_c30;nyfed_gscpi;philly_delivery_times;fred_rates
2018-08,604.0,7660.0,520.0,0.5187556065647584,9.1,,census_c30;nyfed_gscpi;philly_delivery_times;fred_rates
2018-09,553.0,7534.0,542.0,0.4495795424202794,7.9,,census_c30;nyfed_gscpi;philly_delivery_times;fred_rates
2018-10,648.0,7544.0,544.0,0.5107229116072696,9.9,,census_c30;nyfed_gscpi;philly_delivery_times;fred_rates
2018-11,574.0,7490.0,550.0,0.43589794626757855,9.0,,census_c30;nyfed_gscpi;philly_delivery_times;fred_rates
2018-12,647.0,7424.0,597.0,0.44610832087208313,7.2,,census_c30;nyfed_gscpi;philly_delivery_times;fred_rates
2019-01,631.0,6660.0,511.0,0.49531312328939364,9.5,,census_c30;nyfed_gscpi;philly_delivery_times;fred_rates
2019-02,614.0,6881.0,542.0,0.11688106899803855,3.6,,census_c30;nyfed_gscpi;philly_delivery_times;fred_rates
2019-03,613.0,7448.0,611.0,0.19475443488317098,8.0,,census_c30;nyfed_gscpi;philly_delivery_times;fred_rates
2019-04,645.0,8187.0,640.0,-0.0075064359789418856,11.6,,census_c30;nyfed_gscpi;philly_delivery_times;fred_rates
2019-05,769.0,8920.0,653.0,-0.6410990176735388,10.6,,census_c30;nyfed_gscpi;philly_delivery_times;fred_rates
2019-06,794.0,9490.0,716.0,-0.4748601001502597,7.5,,census_c30;nyfed_gscpi;philly_delivery_times;fred_rates
2019-07,773.0,9687.0,708.0,-0.4630172519388437,6.3,,census_c30;nyfed_gscpi;philly_delivery_times;fred_rates
2019-08,763.0,10093.0,818.0,-0.3109392322308492,7.6,,census_c30;nyfed_gscpi;philly_delivery_times;fred_rates
2019-09,711.0,10507.0,772.0,0.11679491613991888,5.1,,census_c30;nyfed_gscpi;philly_delivery_times;fred_rates
2019-10,757.0,10882.0,831.0,0.06687536853683938,6.8,,census_c30;nyfed_gscpi;philly_delivery_times;fred_rates
2019-11,774.0,10918.0,703.0,0.13492115529897458,6.3,,census_c30;nyfed_gscpi;philly_delivery_times;fred_rates
2019-12,639.0,10756.0,801.0,0.02007465636060211,9.0,,census_c30;nyfed_gscpi;philly_delivery_times;fred_rates
2020-01,747.0,9713.0,738.0,0.05656601984109483,10.1,,census_c30;nyfed_gscpi;philly_delivery_times;fred_rates
2020-02,743.0,9260.0,721.0,1.2092427448007548,7.2,,census_c30;nyfed_gscpi;philly_delivery_times;fred_rates
2020-03,759.0,9196.0,800.0,2.59721148522206,14.5,,census_c30;nyfed_gscpi;philly_delivery_times;fred_rates
2020-04,735.0,9180.0,785.0,3.339877258806522,18.3,,census_c30;nyfed_gscpi;philly_delivery_times;fred_rates
2020-05,757.0,9106.0,719.0,2.568726923912654,25.0,,census_c30;nyfed_gscpi;philly_delivery_times;fred_rates
2020-06,788.0,9139.0,828.0,2.3032805833352885,14.2,,census_c30;nyfed_gscpi;philly_delivery_times;fred_rates
2020-07,765.0,9097.0,814.0,2.9535761500863,16.5,,census_c30;nyfed_gscpi;philly_delivery_times;fred_rates
2020-08,792.0,9018.0,732.0,1.4739309393485975,13.1,,census_c30;nyfed_gscpi;philly_delivery_times;fred_rates
2020-09,883.0,9130.0,786.0,0.6297042186335959,5.0,,census_c30;nyfed_gscpi;philly_delivery_times;fred_rates
2020-10,775.0,9327.0,837.0,0.10774594369259739,3.4,,census_c30;nyfed_gscpi;philly_delivery_times;fred_rates
2020-11,743.0,9227.0,713.0,0.7573539590540824,2.4,,census_c30;nyfed_gscpi;philly_delivery_times;fred_rates
2020-12,744.0,9201.0,694.0,1.694970691692934,5.9,,census_c30;nyfed_gscpi;philly_delivery_times;fred_rates
2021-01,739.0,8859.0,569.0,1.3302607204033265,2.0,,census_c30;nyfed_gscpi;philly_delivery_times;fred_rates
2021-02,695.0,8900.0,616.0,1.9626438204478887,3.3,,census_c30;nyfed_gscpi;philly_delivery_times;fred_rates
2021-03,827.0,9162.0,671.0,2.274813314155322,3.9,,census_c30;nyfed_gscpi;philly_delivery_times;fred_rates
2021-04,780.0,9201.0,609.0,2.769524243455533,4.0,,census_c30;nyfed_gscpi;philly_delivery_times;fred_rates
2021-05,800.0,9294.0,624.0,3.0489150646430327,6.1,,census_c30;nyfed_gscpi;philly_delivery_times;fred_rates
2021-06,806.0,9619.0,910.0,2.752509470873811,11.8,,census_c30;nyfed_gscpi;philly_delivery_times;fred_rates
2021-07,851.0,9530.0,953.0,2.958837704615834,3.1,,census_c30;nyfed_gscpi;philly_delivery_times;fred_rates
2021-08,923.0,9407.0,952.0,3.3191091917530513,8.7,,census_c30;nyfed_gscpi;philly_delivery_times;fred_rates
2021-09,947.0,9362.0,959.0,3.3779836341061653,5.4,,census_c30;nyfed_gscpi;philly_delivery_times;fred_rates
2021-10,812.0,9264.0,1561.0,3.9185421767148214,8.4,,census_c30;nyfed_gscpi;philly_delivery_times;fred_rates
2021-11,851.0,9094.0,1795.0,4.3469253892512825,3.3,,census_c30;nyfed_gscpi;philly_delivery_times;fred_rates
2021-12,918.0,8781.0,1875.0,4.430888199192099,4.9,,census_c30;nyfed_gscpi;philly_delivery_times;fred_rates
2022-01,877.0,8708.0,2084.0,3.7068689003490487,5.2,,census_c30;nyfed_gscpi;philly_delivery_times;fred_rates
2022-02,810.0,8801.0,2164.0,2.803848595282345,6.8,,census_c30;nyfed_gscpi;philly_delivery_times;fred_rates
2022-03,912.0,9022.0,2300.0,2.848588382877451,6.6,,census_c30;nyfed_gscpi;philly_delivery_times;fred_rates
2022-04,1017.0,9137.0,2404.0,3.5165812788756137,8.8,,census_c30;nyfed_gscpi;philly_delivery_times;fred_rates
2022-05,1030.0,9159.0,2758.0,2.7282449141124183,10.2,,census_c30;nyfed_gscpi;philly_delivery_times;fred_rates
2022-06,1043.0,9518.0,2840.0,2.403607876459831,13.5,,census_c30;nyfed_gscpi;philly_delivery_times;fred_rates
2022-07,1109.0,9576.0,3571.0,1.8175016244296047,29.2,,census_c30;nyfed_gscpi;philly_delivery_times;fred_rates
2022-08,1162.0,9607.0,3907.0,1.5017887765636246,16.6,,census_c30;nyfed_gscpi;philly_delivery_times;fred_rates
2022-09,1274.0,9516.0,4412.0,0.9816786687744956,22.7,,census_c30;nyfed_gscpi;philly_delivery_times;fred_rates
