month,family,quotes,median_usd_per_instance_hour,zones
2022-05,g3,9,1.368,6
2022-05,g3s,3,0.225,3
2022-05,g4ad,23,0.3923,7
2022-05,g4dn,27,1.2692,8
2022-05,g5,57,1.2288,8
2022-05,g5g,20,0.1668,7
2022-05,p3,12,1.9889999999999999,7
2022-05,p3dn,2,14.747,2
2022-05,p4d,2,11.917549999999999,2
2022-06,g3,1124,0.8509,7
2022-06,g3s,7,0.225,7
2022-06,g4ad,3464,0.3719,7
2022-06,g4dn,2357,1.3297,8
2022-06,g5,3881,1.5282,8
2022-06,g5g,1285,0.2091,7
2022-06,p3,678,9.435649999999999,7
2022-06,p3dn,62,19.563499999999998,4
2022-06,p4d,175,14.3116,6
2022-07,g3,1031,0.7705,7
2022-07,g3s,7,0.225,7
2022-07,g4ad,3309,0.3227,7
2022-07,g4dn,1762,1.3332,8
2022-07,g5,3667,1.4396,8
2022-07,g5g,1064,0.23465,7
2022-07,p3,706,9.545449999999999,7
2022-07,p3dn,114,14.021999999999998,4
2022-07,p4d,106,15.5129,6
2022-08,g3,1056,0.83415,7
2022-08,g3s,7,0.225,7
2022-08,g4ad,3547,0.3717,7
2022-08,g4dn,1197,1.9611,8
2022-08,g5,4000,1.2514500000000002,8
2022-08,g5g,1603,0.177,7
2022-08,p3,525,10.0336,7
2022-08,p3dn,211,17.9179,4
2022-08,p4d,200,17.77975,6
2022-09,g3,710,1.391,7
2022-09,g3s,55,0.2718,7
2022-09,g4ad,3361,0.3663,7
2022-09,g4dn,1286,1.2835,8
2022-09,g5,4294,1.32385,8
2022-09,g5g,1697,0.1866,7
2022-09,p3,701,9.2229,7
2022-09,p3dn,108,13.108149999999998,4
2022-09,p4d,31,11.5024,6
2022-10,g3,1400,0.71965,7
2022-10,g3s,797,0.2776,7
2022-10,g4ad,2455,0.4625,7
2022-10,g4dn,2947,0.4115,8
2022-10,g5,3554,1.7698,8
2022-10,g5g,1816,0.28365,7
2022-10,p3,2060,4.019299999999999,7
2022-10,p3dn,82,16.73225,4
2022-10,p4d,90,17.1846,6
2022-11,g3,1427,0.7973,7
2022-11,g3s,783,0.2782,7
2022-11,g4ad,2245,0.5462,7
2022-11,g4dn,3865,0.4478,8
2022-11,g5,4110,1.5169000000000001,8
2022-11,g5g,1493,0.2798,7
2022-11,p3,1630,4.0112000000000005,7
2022-11,p3dn,64,19.1577,4
2022-11,p4d,131,15.9965,6
2022-12,g3,1348,0.7625500000000001,7
2022-12,g3s,831,0.2773,7
2022-12,g4ad,2121,0.5658,7
2022-12,g4dn,2753,1.3062,8
2022-12,g5,5003,1.2955,8
2022-12,g5g,1310,0.29075,7
2022-12,p3,1470,4.69495,7
2022-12,p3dn,20,10.452300000000001,4
2022-12,p4d,25,10.453,6
2023-01,g3,601,0.3706,7
2023-01,g3s,816,0.2886,7
2023-01,g4ad,1873,0.5451,7
2023-01,g4dn,1815,1.232,8
2023-01,g5,3413,1.2716,8
2023-01,g5g,1223,0.4938,7
2023-01,p3,1441,4.3952,7
2023-01,p3dn,4,9.3636,4
2023-01,p4d,63,18.1102,6
2023-02,g3,668,0.38545,7
2023-02,g3s,769,0.3087,7
2023-02,g4ad,1874,0.53995,7
2023-02,g4dn,2067,1.2076,8
2023-02,g5,2953,1.2603,8
2023-02,g5g,1333,0.5535,7
2023-02,p3,1318,7.87655,7
2023-02,p3dn,4,9.3636,4
2023-02,p4d,135,19.2034,6
2023-03,g3,2086,0.7497,7
2023-03,g3s,821,0.3215,7
2023-03,g4ad,3629,0.4073,7
2023-03,g4dn,5664,0.7327,8
2023-03,g5,6618,1.26215,8
2023-03,g5g,3956,0.3675,7
2023-03,p3,2340,4.05635,7
2023-03,p3dn,348,10.0749,4
2023-03,p4d,589,10.744,6
2023-04,g3,2456,1.3522,7
2023-04,g3s,498,0.2542,7
2023-04,g4ad,3974,0.6415500000000001,7
2023-04,g4dn,5942,1.1778499999999998,8
2023-04,g5,5908,2.0292,8
2023-04,g5g,4789,0.6795,7
2023-04,p3,869,4.3489,7
2023-04,p3dn,80,10.4238,4
2023-04,p4d,210,12.00675,6
2023-05,g3,2513,1.3729,7
2023-05,g3s,346,0.2485,7
2023-05,g4ad,4094,0.6783,7
2023-05,g4dn,6210,1.3667,8
2023-05,g5,5911,2.4722,8
2023-05,g5g,4951,0.8758,7
2023-05,p3,21,3.672,7
2023-05,p3dn,4,9.3636,4
2023-05,p4d,6,9.8318,6
2023-06,g3,2414,1.39025,7
2023-06,g3s,356,0.2571,7
2023-06,g4ad,3871,0.6846,7
2023-06,g4dn,5948,1.439,8
2023-06,g5,5746,2.59075,8
2023-06,g5g,4531,0.828,7
2023-06,p3,21,3.672,7
2023-06,p3dn,4,9.3636,4
2023-06,p4d,6,9.8318,6
2023-07,g3,2421,1.3167,7
2023-07,g3s,319,0.252,7
2023-07,g4ad,3319,0.6205,7
2023-07,g4dn,5911,1.5342,8
2023-07,g5,5949,2.6668,8
2023-07,g5g,4033,0.825,7
2023-07,p3,21,3.672,7
2023-07,p3dn,4,9.3636,4
2023-07,p4d,6,9.8318,6
2023-07,p5,2,68.824,2
2023-08,g3,2355,1.2656,7
2023-08,g3s,313,0.239,7
2023-08,g4ad,2809,0.596,7
2023-08,g4dn,5703,1.6713,8
2023-08,g5,5789,2.4653,8
2023-08,g5g,3322,0.82095,7
2023-08,p3,21,3.672,7
2023-08,p3dn,4,9.3636,4
2023-08,p4d,6,9.8318,6
2023-08,p5,2,68.824,2
2023-09,g3,2360,1.25685,7
2023-09,g3s,245,0.231,7
2023-09,g4ad,2731,0.5773,7
2023-09,g4dn,5539,1.6403,8
2023-09,g5,5526,2.4242,8
2023-09,g5g,3163,0.6512,7
2023-09,p3,138,3.7203,7
2023-09,p3dn,28,9.2412,4
2023-09,p4d,44,9.7535,6
2023-09,p5,15,70.5524,2
2023-10,g3,2524,0.9747,7
2023-10,g3s,777,0.2965,7
2023-10,g4ad,4069,0.5218,7
2023-10,g4dn,6521,0.949,8
2023-10,g5,7503,1.577,8
2023-10,g5g,4953,0.6584,7
2023-10,p3,2406,3.8692,7
2023-10,p3dn,469,8.6287,4
2023-10,p4d,676,8.3579,6
2023-10,p5,226,70.4442,2
2023-11,g3,2391,0.9221,7
2023-11,g3s,799,0.3706,7
2023-11,g4ad,3917,0.4049,7
2023-11,g4dn,6347,0.7453,8
2023-11,g5,7371,1.2829,8
2023-11,g5g,4748,0.40249999999999997,7
2023-11,p3,2436,3.8267499999999997,7
2023-11,p3dn,239,9.9396,4
2023-11,p4d,425,9.2003,6
2023-11,p5,226,72.52590000000001,2
2023-12,g3,2475,0.9203,7
2023-12,g3s,805,0.3654,7
2023-12,g4ad,4044,0.4022,7
2023-12,g4dn,6613,0.8134,8
2023-12,g5,7572,1.31825,8
2023-12,g5g,4835,0.3162,7
2023-12,p3,2528,3.834,7
2023-12,p3dn,315,11.0991,4
2023-12,p4d,443,10.6403,6
2023-12,p5,231,72.967,2
2024-01,g3,2511,0.953,7
2024-01,g3s,814,0.35265,7
2024-01,g4ad,4089,0.3933,7
2024-01,g4dn,6611,0.8577,8
2024-01,g5,7669,1.2981,8
2024-01,g5g,4856,0.3525,7
2024-01,p3,2551,4.1731,7
2024-01,p3dn,362,12.12575,4
2024-01,p4d,517,10.8781,6
2024-01,p5,228,70.1619,2
2024-02,g3,2319,0.9563,7
2024-02,g3s,758,0.36625,7
2024-02,g4ad,3730,0.4209,7
2024-02,g4dn,6211,0.8449,8
2024-02,g5,7172,1.26825,8
2024-02,g5g,4441,0.3509,7
2024-02,p3,2383,4.15,7
2024-02,p3dn,410,11.78465,4
2024-02,p4d,669,10.0744,6
2024-02,p5,276,70.99735,3
2024-03,g3,2443,0.925,7
2024-03,g3s,813,0.3887,7
2024-03,g4ad,3849,0.4308,7
2024-03,g4dn,6563,0.8331,8
2024-03,g5,7649,1.2909,8
2024-03,g5g,4458,0.2929,7
2024-03,p3,2518,4.66,7
2024-03,p3dn,488,11.873249999999999,4
2024-03,p4d,731,5.4974,6
2024-03,p5,353,68.1282,3
2024-04,g3,2441,0.9488,7
2024-04,g3s,801,0.3956,7
2024-04,g4ad,3940,0.4202,7
2024-04,g4dn,6453,0.6987,8
2024-04,g5,7494,1.2677,8
2024-04,g5g,4513,0.2818,7
2024-04,g6,5262,0.34965,7
2024-04,p3,2454,4.977650000000001,7
2024-04,p3dn,469,12.0487,4
2024-04,p4d,717,6.9653,6
2024-04,p5,360,37.514300000000006,3
2024-05,g3,2542,0.9844999999999999,7
2024-05,g3s,831,0.398,7
2024-05,g4ad,4069,0.4259,7
2024-05,g4dn,6648,0.79225,8
2024-05,g5,7707,1.3488,8
2024-05,g5g,4847,0.2894,7
2024-05,g6,6482,0.4252,7
2024-05,p3,2556,5.1058,7
2024-05,p3dn,492,11.95665,4
2024-05,p4d,726,12.9428,6
2024-05,p5,368,41.32535,3
2024-06,g3,2447,0.9385,7
2024-06,g3s,801,0.368,7
2024-06,g4ad,4009,0.4033,7
2024-06,g4dn,6536,0.8242499999999999,8
2024-06,g5,7516,1.2848,8
2024-06,g5g,4162,0.2944,7
2024-06,g6,6038,0.51815,7
2024-06,p3,2476,5.6396999999999995,7
2024-06,p3dn,453,12.4632,4
2024-06,p4d,659,13.5698,6
2024-06,p5,363,48.9979,3
2024-07,g3,2495,0.8461,7
2024-07,g3s,825,0.3482,7
2024-07,g4ad,4152,0.26585000000000003,7
2024-07,g4dn,6578,0.75585,8
2024-07,g5,7714,1.0966,8
2024-07,g5g,4113,0.2812,7
2024-07,g6,5522,0.68655,7
2024-07,p3,2517,6.2605,7
2024-07,p3dn,473,9.9761,4
2024-07,p4d,663,12.3851,6
2024-07,p5,367,46.9157,3
2024-08,g3,2540,0.74875,7
2024-08,g3s,819,0.3488,7
2024-08,g4ad,4138,0.35795,7
2024-08,g4dn,6674,0.78125,8
2024-08,g5,7749,1.0647,8
2024-08,g5g,4963,0.3039,7
2024-08,g6,6738,0.8249500000000001,7
2024-08,g6e,3468,0.8485499999999999,7
2024-08,p3,2561,6.1978,7
2024-08,p3dn,490,10.76435,4
2024-08,p4d,627,10.6462,6
2024-08,p5,361,40.8235,3
2024-09,g3,2424,0.7796,7
2024-09,g3s,797,0.3026,7
2024-09,g4ad,3954,0.3655,7
2024-09,g4dn,6385,0.7959,8
2024-09,g5,7458,1.1465,8
2024-09,g5g,4777,0.3148,7
2024-09,g6,6477,0.9296,7
2024-09,g6e,6530,1.8681999999999999,7
2024-09,p3,2364,5.67845,7
2024-09,p3dn,451,11.0117,4
2024-09,p4d,627,11.1981,6
2024-09,p5,352,37.9108,3
2024-10,g3,2456,0.67955,7
2024-10,g3s,818,0.28115,7
2024-10,g4ad,3936,0.37905,7
2024-10,g4dn,6448,0.8316,8
2024-10,g5,7579,1.1316,8
2024-10,g5g,4669,0.2626,7
2024-10,g6,6514,0.8797999999999999,7
2024-10,g6e,6819,1.5913,8
2024-10,p3,2410,5.7440999999999995,7
2024-10,p3dn,443,8.0507,4
2024-10,p4d,582,10.06115,6
2024-10,p5,358,25.3064,3
2024-11,g3,2428,0.6401,7
2024-11,g3s,805,0.2862,7
2024-11,g4ad,4026,0.38835,7
2024-11,g4dn,6488,0.7001,8
2024-11,g5,7485,0.9139,8
2024-11,g5g,4234,0.2288,7
2024-11,g6,6513,0.9047,7
2024-11,g6e,7108,1.3244500000000001,8
2024-11,p3,2478,5.04025,7
2024-11,p3dn,485,6.6134,4
2024-11,p4d,559,10.5709,6
2024-11,p5,318,15.8976,4
2024-12,g3,1131,0.69,7
2024-12,g3s,385,0.3222,7
2024-12,g4ad,4007,0.4022,7
2024-12,g4dn,6424,0.7109,8
2024-12,g5,7507,1.1398,8
2024-12,g5g,4918,0.30325,7
2024-12,g6,6530,0.9761,7
2024-12,g6e,7577,1.5002,8
2024-12,p3,2496,4.725849999999999,7
2024-12,p3dn,482,8.6697,4
2024-12,p4d,658,12.0373,6
2024-12,p5,493,28.9488,4
2024-12,p5en,49,10.5029,1
2025-01,g3,21,0.8505,7
2025-01,g3s,7,0.4142,7
2025-01,g4ad,4220,0.36505,7
2025-01,g4dn,6768,0.76185,8
2025-01,g5,7829,1.1443,8
2025-01,g5g,5060,0.44945,7
2025-01,g6,6795,1.0629,7
2025-01,g6e,7794,2.25265,8
2025-01,p3,2590,4.9925999999999995,7
2025-01,p3dn,496,10.4921,4
2025-01,p4d,726,12.09905,6
2025-01,p5,511,35.2262,10
2025-01,p5en,181,20.3997,2
2025-02,g3,21,0.8505,7
2025-02,g3s,7,0.4142,7
2025-02,g4ad,3521,0.3971,7
2025-02,g4dn,5773,0.7428,8
2025-02,g5,6767,1.1609,8
2025-02,g5g,4327,0.3838,7
2025-02,g6,5877,1.0217,7
2025-02,g6e,6921,2.1156,8
2025-02,p3,2230,4.1434,7
2025-02,p3dn,441,8.7571,4
2025-02,p4d,624,9.89585,6
2025-02,p5,1060,27.72555,10
2025-02,p5en,226,22.3871,2
2025-03,g4ad,3997,0.4293,7
2025-03,g4dn,6537,0.7554,8
2025-03,g5,7537,1.1967,8
2025-03,g5g,4925,0.3974,7
2025-03,g6,6697,1.0822,7
2025-03,g6e,7661,2.1219,8
2025-03,p3,2442,2.5684,7
2025-03,p3dn,490,9.19615,4
2025-03,p4d,723,9.9978,6
2025-03,p5,1209,31.8886,10
2025-03,p5en,266,24.54195,3
2025-04,g4ad,3979,0.4344,7
2025-04,g4dn,6479,0.7882,8
2025-04,g5,7420,1.1569500000000001,8
2025-04,g5g,4713,0.2879,7
2025-04,g6,6526,1.05625,7
2025-04,g6e,7514,2.0958,8
2025-04,p3,2142,2.448,7
2025-04,p3dn,391,9.171,4
2025-04,p4d,700,10.3749,6
2025-04,p4de,36,4.2711,5
2025-04,p5,1174,28.20305,10
2025-04,p5e,1,10.8152,1
2025-04,p5en,447,23.2599,4
2025-05,g4ad,3941,0.37,7
2025-05,g4dn,6374,0.79205,8
2025-05,g5,7333,1.0965,8
2025-05,g5g,4821,0.4367,7
2025-05,g6,6486,1.0888499999999999,7
2025-05,g6e,7612,2.1111500000000003,8
2025-05,p3,2496,2.39795,7
2025-05,p3dn,482,8.7193,4
2025-05,p4d,697,9.4063,6
2025-05,p4de,592,7.1942,5
2025-05,p5,1066,29.2972,10
2025-05,p5e,113,20.0716,1
2025-05,p5en,489,23.9054,4
2025-06,g4ad,4001,0.4064,7
2025-06,g4dn,6499,0.7408,8
2025-06,g5,7497,1.1464,8
2025-06,g5g,4865,0.3234,7
2025-06,g6,7114,0.8875,8
2025-06,g6e,7603,1.8529,8
2025-06,p3,2185,1.9391,7
2025-06,p3dn,410,7.5451,4
2025-06,p4d,701,7.0521,6
2025-06,p4de,595,8.605,5
2025-06,p5,1152,18.671999999999997,10
2025-06,p5e,122,19.2824,1
2025-06,p5en,486,17.9679,5
2025-07,g4ad,4092,0.44815,7
2025-07,g4dn,6660,0.6698,8
2025-07,g5,7697,1.1649,8
2025-07,g5g,4742,0.28025,7
2025-07,g6,7616,0.91005,8
2025-07,g6e,7862,1.7187999999999999,8
2025-07,g6f,202,0.0475,8
2025-07,p3,2309,1.9244,7
2025-07,p3dn,445,6.5981,4
2025-07,p4d,731,8.2735,6
2025-07,p4de,613,9.684,5
2025-07,p5,1123,15.6991,10
2025-07,p5e,130,9.78425,1
2025-07,p5en,586,16.0875,5
2025-07,p6-b200,48,12.355,3
2025-08,g4ad,4232,0.4295,7
2025-08,g4dn,6852,0.7955,8
2025-08,g5,7865,1.5052,8
2025-08,g5g,5068,0.39575,7
2025-08,g6,7847,1.2416,8
2025-08,g6e,7854,2.2196000000000002,8
2025-08,g6f,3784,0.07535,8
2025-08,p3,2604,3.5875500000000002,7
2025-08,p3dn,494,10.177399999999999,4
2025-08,p4d,742,9.71395,6
2025-08,p4de,616,13.692,5
2025-08,p5,1228,18.7084,10
2025-08,p5e,116,20.62385,1
2025-08,p5en,621,21.1687,5
2025-08,p6-b200,373,25.488,3
2025-09,g4ad,4081,0.3963,7
2025-09,g4dn,6607,0.7883,8
2025-09,g5,7613,1.1629,8
2025-09,g5g,4953,0.5048,7
2025-09,g6,7560,1.2085,8
2025-09,g6e,7646,2.34545,8
2025-09,g6f,3612,0.1777,8
2025-09,p3,2529,4.0275,7
2025-09,p3dn,488,11.0253,4
2025-09,p4d,721,10.6052,6
2025-09,p4de,574,14.140049999999999,5
2025-09,p5,1102,20.02515,10
2025-09,p5e,125,23.0483,1
2025-09,p5en,588,21.7419,5
2025-09,p6-b200,358,36.89975,3
2025-10,g4ad,3978,0.4074,7
2025-10,g4dn,6586,0.8046,8
2025-10,g5,7463,1.0326,8
2025-10,g5g,4906,0.3988,7
2025-10,g6,7579,0.9962,8
2025-10,g6e,7676,1.76185,8
2025-10,g6f,3670,0.1711,8
2025-10,p3,2564,3.0381,7
2025-10,p3dn,488,10.6434,4
2025-10,p4d,835,9.7143,8
2025-10,p4de,622,13.154599999999999,5
2025-10,p5,1045,21.3791,10
2025-10,p5e,127,25.4354,1
2025-10,p5en,587,23.6484,5
2025-10,p6-b200,369,44.1771,3
2025-11,g4ad,3665,0.3812,7
2025-11,g4dn,6290,0.7462,8
2025-11,g5,7294,0.98505,8
2025-11,g5g,4679,0.3652,7
2025-11,g6,7195,0.9224,8
2025-11,g6e,7327,1.9094,8
2025-11,g6f,3433,0.1543,8
2025-11,p3,2323,2.9961,7
2025-11,p3dn,473,7.7784,4
2025-11,p4d,944,9.407599999999999,8
2025-11,p4de,557,13.3966,5
2025-11,p5,1156,17.6206,10
2025-11,p5e,113,22.4592,1
2025-11,p5en,561,20.2193,5
2025-11,p6-b200,338,43.864450000000005,3
2025-11,p6-b300,40,86.7345,1
2025-12,g4ad,3790,0.3619,7
2025-12,g4dn,6260,0.70125,8
2025-12,g5,7322,0.9475,8
2025-12,g5g,4813,0.3425,7
2025-12,g6,7358,0.95235,8
2025-12,g6e,7454,1.92685,8
2025-12,g6f,3375,0.1619,8
2025-12,p3,2223,2.8177,7
2025-12,p3dn,472,6.3784,4
2025-12,p4d,963,9.5914,8
2025-12,p4de,612,14.47185,5
2025-12,p5,1138,17.13535,10
2025-12,p5e,112,24.76545,1
2025-12,p5en,571,20.8326,5
2025-12,p6-b200,385,36.488,4
2025-12,p6-b300,130,88.1082,1
2026-01,g4ad,3745,0.3925,7
2026-01,g4dn,6233,0.7264,8
2026-01,g5,7218,1.1240999999999999,8
2026-01,g5g,4694,0.35075,7
2026-01,g6,7206,1.0655999999999999,8
2026-01,g6e,7450,1.9152,8
2026-01,g6f,3358,0.15375,8
2026-01,p3,2398,1.58115,7
2026-01,p3dn,460,6.55175,4
2026-01,p4d,949,8.4552,8
2026-01,p4de,586,10.617999999999999,5
2026-01,p5,1045,16.9587,10
2026-01,p5e,124,22.79155,1
2026-01,p5en,578,20.77285,5
2026-01,p6-b200,484,29.53425,4
2026-01,p6-b300,121,41.0727,1
2026-02,g4ad,3362,0.3981,7
2026-02,g4dn,5624,0.73385,8
2026-02,g5,6605,1.2342,8
2026-02,g5g,4190,0.34695,7
2026-02,g6,6774,1.249,9
2026-02,g6e,6724,2.06785,8
2026-02,g6f,3090,0.1486,8
2026-02,p3,2139,2.448,7
2026-02,p3dn,440,7.7836,4
2026-02,p4d,840,8.661449999999999,8
2026-02,p4de,527,11.5005,5
2026-02,p5,1373,16.8503,10
2026-02,p5e,103,17.9852,1
2026-02,p5en,510,18.72225,5
2026-02,p6-b200,416,19.93505,4
2026-02,p6-b300,107,22.3744,1
2026-07,g4ad,4680,0.3645,7
2026-07,g4dn,7484,0.74865,8
2026-07,g5,8561,1.4137,8
2026-07,g5g,5556,0.3835,7
2026-07,g6,9622,1.3358,9
2026-07,g6e,8494,2.4242,8
2026-07,g6f,4265,0.1292,8
2026-07,p3dn,530,6.961600000000001,4
2026-07,p4d,1059,15.5212,8
2026-07,p4de,672,19.2604,5
2026-07,p5,2123,17.6506,10
2026-07,p5e,130,22.4007,1
2026-07,p5en,668,24.0525,5
2026-07,p6-b200,536,33.6242,4
2026-07,p6-b300,263,36.1737,2
2026-08,g4ad,4338,0.36995,7
2026-08,g4dn,7017,0.8055,8
2026-08,g5,8009,1.4442,8
2026-08,g5g,5211,0.4443,7
2026-08,g6,8966,1.41405,9
2026-08,g6e,7985,2.8693,8
2026-08,g6f,3971,0.1431,8
2026-08,p3dn,488,5.2847,4
2026-08,p4d,1004,18.64765,8
2026-08,p4de,631,22.6896,5
2026-08,p5,2086,20.516,10
2026-08,p5e,126,24.7121,1
2026-08,p5en,634,27.09755,5
2026-08,p6-b200,508,41.7843,4
2026-08,p6-b300,374,50.3263,4
2026-09,g4ad,4247,0.368,7
2026-09,g4dn,6808,0.784,8
2026-09,g5,7762,1.3178,8
2026-09,g5g,5059,0.4269,7
2026-09,g6,8717,1.3079,9
2026-09,g6e,7754,2.7629,8
2026-09,g6f,3834,0.14305,8
2026-09,p3dn,482,6.4143,4
2026-09,p4d,973,17.4292,8
2026-09,p4de,597,22.0562,5
2026-09,p5,2260,20.30575,10
2026-09,p5e,121,25.1918,1
2026-09,p5en,601,27.1036,5
2026-09,p6-b200,471,42.0627,4
2026-09,p6-b300,485,45.0591,4
