agency,seed,url,page_chars,matched_register_issuer,data_centers,sellable_sf,critical_load_mw,annualized_revenue_musd,aanoi_musd,properties_named,largest_tenant_pct,top_tenants_pct,walt_years,occupied_pct
Morningstar DBRS,"Switch ABS Issuer, LLC Series 2025-2",https://dbrs.morningstar.com/research/463873/morningstar-dbrs-assigns-provisional-credit-ratings-to-switch-abs-issuer-llc-series-2025-2,13418,"switch abs issuer, llc",,,,,,,,,,
Morningstar DBRS,"Compass Datacenters Issuer II, LLC Series 2025-2",https://dbrs.morningstar.com/research/466648/morningstar-dbrs-finalizes-provisional-credit-rating-on-compass-datacenters-issuer-ii-llc-series-2025-2-and-confirms-credit-ratings-on-compass-datacenters-issuer-ii-llc-series-2025-1-series-2024-2-and-series-2024-1,13690,"compass datacenters issuer ii, llc",,,,,,,,,,
Morningstar DBRS,Eight data center transactions,https://dbrs.morningstar.com/research/449784/morningstar-dbrs-takes-credit-rating-actions-on-eight-data-center-transactions,14502,"compass datacenters issuer ii, llc",,,,,,,,,,
Morningstar DBRS,"EdgeConneX Data Centers Issuer, LLC credit rating report",https://dbrs.morningstar.com/research/465304/edgeconnex-data-centers-issuer-llc-credit-rating-report,4773,"edgeconnex data centers issuer, llc",,,,,,,,,,
Morningstar DBRS,"EdgeConneX Data Centers Issuer, LLC rating report",https://dbrs.morningstar.com/research/404351/edgeconnex-data-centers-issuer-llc-rating-report,4656,"edgeconnex data centers issuer, llc",,,,,,,,,,
Morningstar DBRS,Vantage Data Centers Jersey Borrower SPV Limited,https://dbrs.morningstar.com/research/454685/morningstar-dbrs-confirms-credit-ratings-on-vantage-data-centers-jersey-borrower-spv-limited,16524,vantage data centers jersey borrower spv limited,,,,,,,,,,
Morningstar DBRS,Vantage Data Centers Jersey Borrower SPV Limited Class B,https://dbrs.morningstar.com/research/466962/morningstar-dbrs-assigns-provisional-credit-rating-to-class-b-notes-issued-by-vantage-data-centers-jersey-borrower-spv-limited-and-confirms-credit-rating-on-class-a-2-notes-stable-trends,21032,vantage data centers jersey borrower spv limited,,,,,,,73.2,98.5,,
Morningstar DBRS,Vantage Data Centers Jersey Borrower SPV Limited Class B final,https://dbrs.morningstar.com/research/468688/morningstar-dbrs-finalises-provisional-credit-rating-on-class-b-notes-issued-by-vantage-data-centers-jersey-borrower-spv-limited-and-confirms-credit-rating-on-class-a-2-notes-stable-trends,17794,vantage data centers jersey borrower spv limited,,,,,,,73.2,98.5,,
KBRA,"DataBank Issuer, LLC Series 2026-1",https://www.kbra.com/publications/tGrWrdbr/kbra-assigns-preliminary-ratings-to-databank-series-2026-1,5769,"databank co-issuer, llc",36,"1,621,139",257.6,,217.6,,,,,
KBRA,"Flexential Issuer, LLC Series 2026-1/2",https://www.kbra.com/publications/PtCMQJLf/kbra-assigns-preliminary-ratings-to-flexential-issuer-llc-and-flexential-co-issuer-llc-series-2026-1-2,6162,"flexential co-issuer, llc",28,,199,663.3,353.2,,,,,
KBRA,Centersquare series,https://www.kbra.com/publications/VnNyrVVh,5620,centersquare co-issuer llc,40,"1,914,134",296.6,,415.4,,,,,
KBRA,TierPoint Issuer LLC Series 2025-3/4,https://www.kbra.com/publications/NWSCDPYs,5821,,33,"647,314",96.0,,240.3,23,,,,
KBRA,"FirstLight Issuer, LLC",https://www.kbra.com/publications/PDCvRdky,5038,,,,,,,,,,,
Morningstar DBRS,Vantage Data Centers Jersey Borrower SPV Limited provisional,https://dbrs.morningstar.com/research/432090/morningstar-dbrs-assigns-a-provisional-credit-rating-to-vantage-data-centers-jersey-borrower-spv-limited,18429,vantage data centers jersey borrower spv limited,,,,,,,,,,
Morningstar DBRS,Vantage Data Centers Jersey Borrower SPV Limited finalised,https://dbrs.morningstar.com/research/433235/morningstar-dbrs-finalizes-its-provisional-credit-rating-on-vantage-data-centers-jersey-borrower-spv-limited,18979,vantage data centers jersey borrower spv limited,,,,,,,,,,
