securitizer,issuing_entity,deal_series,report_date,accountant,exhibit_document,characteristics_referenced,characteristic_numbers,systems_named,tolerance_clauses,lease_terms_mentioned,exhibit_chars,accession
"Aligned Data Centers Issuer, LLC",,2021-1,,,0001208646-21-000046.txt,0,,Invoice; Lease Agreement; Service Order, Such compared information was deemed to be in agreement if differences were within the reporting threshold. |  Such recomputed information was deemed to be in agreement if differences were within the reporting threshold.,6,14987,0001208646-21-000046
BBCMS Mortgage Trust 2019-C5,BBCMS Mortgage Trust 2019-C5,2019-C5,"October 24, 2019",Ernst & Young LLP,0001539497-19-001782.txt,0,,Lease Agreement; Rent Roll,,201,384973,0001539497-19-001782
CITIGROUP COMMERCIAL MORTGAGE SECURITIES INC,Benchmark 2021-B23 Mortgage Trust,2021-B23,"January 21, 2021",Ernst & Young LLP,0001539497-21-000023.txt,0,,Lease Agreement; Rent Roll,,191,410859,0001539497-21-000023
CITIGROUP COMMERCIAL MORTGAGE SECURITIES INC,Benchmark 2023-V4 Mortgage Trust,2023-V4,"October 31, 2023",Ernst & Young LLP,0001539497-23-001808.txt,0,,Lease Agreement; Rent Roll,,116,278068,0001539497-23-001808
CITIGROUP COMMERCIAL MORTGAGE SECURITIES INC,Benchmark 2025-V13 Mortgage Trust,2025-V13,"January 30, 2025",Ernst & Young LLP,0001539497-25-000205.txt,0,,Lease Agreement; Rent Roll,,143,322991,0001539497-25-000205
"Cologix Canada, Inc.",Cologix Canadian Issuer Limited Partnership,2026-1,"July 30, 2026",Deloitte & Touche LLP,0001193125-26-326890.txt,5,1 2 5 7 8,Invoice; Lease Agreement; Service Order,"5% or less of the operational MMR indicated on the Service Contract Data File are deemed to be in agreement; and with respect to our comparison of Service Contract Characteristics 8. | , differences of 30 days or less are deemed to be in agreement.",0,19010,0001193125-26-326890
"Cologix US, Inc.","Cologix Data Centers US Issuer, LLC",2021-1,"December 1, 2021",Deloitte & Touche LLP,0001193125-21-345338.txt,5,1 2 5 7 8,Invoice; Lease Agreement; Service Order,"5% or less of the operational MMR indicated on the Service Contract Data File are deemed to be in agreement; and with respect to our comparison of Service Contract Characteristics 8. | , differences of 30 days or less are deemed to be in agreement.",0,19930,0001193125-21-345338
"Cologix US, Inc.","Cologix Data Centers US Co-Issuer, LLC",2021-1,"December 1, 2021",Deloitte & Touche LLP,0001193125-21-345340.txt,5,1 2 5 7 8,Invoice; Lease Agreement; Service Order,"5% or less of the operational MMR indicated on the Service Contract Data File are deemed to be in agreement; and with respect to our comparison of Service Contract Characteristics 8. | , differences of 30 days or less are deemed to be in agreement.",0,19887,0001193125-21-345340
"Cologix US, Inc.","Scalelogix ABS US Issuer, LLC",2025-1,"June 24, 2025",KPMG LLP,0001193125-25-145810.txt,0,,Lease Agreement; Service Order, Such compared information was deemed to be in agreement if differences were within the reporting threshold. |  Such recomputed information was deemed to be in agreement if differences were within the reporting threshold.,5,25513,0001193125-25-145810
"Cologix US, Inc.","Cologix Data Centers US Issuer, LLC",2026-1,"January 26, 2026",Deloitte & Touche LLP,0001193125-26-022269.txt,5,1 2 5 7 8,Invoice; Lease Agreement; Service Order,"5% or less of the operational MMR indicated on the Service Contract Data File are deemed to be in agreement; and with respect to our comparison of Service Contract Characteristics 8. | , differences of 30 days or less are deemed to be in agreement.",0,16744,0001193125-26-022269
"Compass Datacenters A, LLC","Compass Datacenters Issuer II, LLC",2024-1,"February 14, 2024",,0001193125-24-036408.txt,0,,Lease Agreement; Service Order, Such compared information was deemed to be in agreement if differences were within the reporting threshold. |  Such recomputed information was deemed to be in agreement if differences were within the reporting threshold.,6,24239,0001193125-24-036408
"Compass Datacenters A, LLC","Compass Datacenters Issuer II, LLC",2024-2,"August 15, 2024",,0001193125-24-201363.txt,0,,Lease Agreement; Service Order, Such compared information was deemed to be in agreement if differences were within the reporting threshold. |  Such recomputed information was deemed to be in agreement if differences were within the reporting threshold.,7,24981,0001193125-24-201363
"Compass Datacenters A, LLC","Compass Datacenters Issuer II, LLC",2025-1,"May 7, 2025",,0001193125-25-114716.txt,0,,Lease Agreement; Service Order, Such compared information was deemed to be in agreement if differences were within the reporting threshold. |  Such recomputed information was deemed to be in agreement if differences were within the reporting threshold.,8,23462,0001193125-25-114716
"Compass Datacenters A, LLC","Compass Datacenters Issuer II, LLC",2025-2,"October 23, 2025",,0001193125-25-248909.txt,0,,Lease Agreement; Service Order, Such compared information was deemed to be in agreement if differences were within the reporting threshold. |  Such recomputed information was deemed to be in agreement if differences were within the reporting threshold.,8,30468,0001193125-25-248909
"Compass Datacenters Issuer II, LLC","Compass Datacenters Issuer II, LLC",2024-1,"February 14, 2024",,0001193125-24-036408.txt,0,,Lease Agreement; Service Order, Such compared information was deemed to be in agreement if differences were within the reporting threshold. |  Such recomputed information was deemed to be in agreement if differences were within the reporting threshold.,6,24239,0001193125-24-036408
"Compass Datacenters, LLC","Compass Datacenters Issuer III, LLC Compass Datacenters Canada Issuer III Limited Partnership",2025-1,"January 31, 2025",,0001193125-25-018463.txt,0,,Lease Agreement; Service Order, Such compared information was deemed to be in agreement if differences were within the reporting threshold. |  Such recomputed information was deemed to be in agreement if differences were within the reporting threshold.,8,17992,0001193125-25-018463
"Compass Datacenters, LLC","Compass Datacenters Issuer III, LLC Compass Datacenters Canada Issuer III Limited Partnership",2025-3,"July 2, 2025",,0001193125-25-154697.txt,0,,Lease Agreement; Service Order, Such compared information was deemed to be in agreement if differences were within the reporting threshold. |  Such recomputed information was deemed to be in agreement if differences were within the reporting threshold.,8,34504,0001193125-25-154697
"Compass Datacenters, LLC","Compass Datacenters Issuer III, LLC Compass Datacenters Canada Issuer III Limited Partnership",2026-1,"February 3, 2026",,0001193125-26-035615.txt,0,,Lease Agreement; Service Order, Such compared information was deemed to be in agreement if differences were within the reporting threshold. |  Such recomputed information was deemed to be in agreement if differences were within the reporting threshold.,8,25214,0001193125-26-035615
"Compass Datacenters, LLC",,2020-2,,KPMG LLP,0001208646-20-000069.txt,0,,Lease Agreement, Such compared information was deemed to be in agreement if differences were within the materiality threshold. |  Such compared information was deemed to be in agreement if differences were within the materiality threshold.,2,12865,0001208646-20-000069
"Compass Datacenters, LLC",,2021-1,,KPMG LLP,0001208646-21-000031.txt,0,,, Such compared information was deemed to be in agreement if differences were within the materiality threshold. |  Such compared information was deemed to be in agreement if differences were within the materiality threshold.,2,11955,0001208646-21-000031
CyrusOne Data Centers Issuer I LLC,,,,KPMG LLP,0001193125-24-110098.txt,0,,Rent Roll, Such compared information was deemed to be in agreement if differences were within the reporting threshold. |  Such recomputed information was deemed to be in agreement if differences were within the reporting threshold. |  Such compared information was deemed to be in agreement if differences were within the reporting threshold. |  Such recomputed information was deemed to be in agreement if differences were within the reporting threshold.,6,44578,0001193125-24-110098
CyrusOne Guarantor I LLC,CyrusOne Data Centers Issuer I LLC,,"November 14, 2023",,0001193125-23-276773.txt,0,,Rent Roll; Service Order, Such compared information was deemed to be in agreement if differences were within the reporting threshold. |  Such recomputed information was deemed to be in agreement if differences were within the reporting threshold.,3,19489,0001193125-23-276773
CyrusOne Guarantor I LLC,,,,KPMG LLP,0001193125-24-053350.txt,0,,Rent Roll; Service Order, Such compared information was deemed to be in agreement if differences were within the reporting threshold. |  Such recomputed information was deemed to be in agreement if differences were within the reporting threshold.,3,32685,0001193125-24-053350
CyrusOne LP,CyrusOne Data Centers Issuer I LLC,,"April 3, 2023",,0001104659-23-040963.txt,0,,Rent Roll; Service Order, Such compared information was deemed to be in agreement if differences were within the reporting threshold. |  Such recomputed information was deemed to be in agreement if differences were within the reporting threshold.,2,37994,0001104659-23-040963
CyrusOne LP,,,,KPMG LLP,0001193125-24-110098.txt,0,,Rent Roll, Such compared information was deemed to be in agreement if differences were within the reporting threshold. |  Such recomputed information was deemed to be in agreement if differences were within the reporting threshold. |  Such compared information was deemed to be in agreement if differences were within the reporting threshold. |  Such recomputed information was deemed to be in agreement if differences were within the reporting threshold.,6,44578,0001193125-24-110098
CyrusOne LP,,,,KPMG LLP,0001193125-24-110998.txt,0,,Rent Roll, Such compared information was deemed to be in agreement if differences were within the reporting threshold. |  Such recomputed information was deemed to be in agreement if differences were within the reporting threshold. |  Such compared information was deemed to be in agreement if differences were within the reporting threshold. |  Such recomputed information was deemed to be in agreement if differences were within the reporting threshold.,6,44654,0001193125-24-110998
CyrusOne LP,,2025-1,,KPMG LLP,0001193125-25-011925.txt,0,,Rent Roll, Such compared information was deemed to be in agreement if differences were within the reporting threshold. |  Such recomputed information was deemed to be in agreement if differences were within the reporting threshold.,3,22204,0001193125-25-011925
DataBank Holdings Ltd.,"DataBank Issuer, LLC",2020-1,"February 16, 2021",Deloitte & Touche LLP,0001140361-21-005058.txt,6,1 2 3 4 8 9,Invoice; Lease Agreement; Service Order,5% or less of the total MMR indicated on the Tenant Lease Data File are deemed to be in agreement; and with respect to our comparison of Tenant Lease Characteristic 9. | 5% or less of the total MMR indicated on the Subsequent Tenant Lease Data File are deemed to be in agreement.,3,46776,0001140361-21-005058
DataBank Holdings Ltd.,"DataBank Co-Issuer, LLC",2020-1,"February 16, 2021",Deloitte & Touche LLP,0001140361-21-005073.txt,6,1 2 3 4 8 9,Invoice; Lease Agreement; Service Order,5% or less of the total MMR indicated on the Tenant Lease Data File are deemed to be in agreement; and with respect to our comparison of Tenant Lease Characteristic 9. | 5% or less of the total MMR indicated on the Subsequent Tenant Lease Data File are deemed to be in agreement.,3,46781,0001140361-21-005073
DataBank Holdings Ltd.,"DataBank Issuer, LLC",2021-2,"October 8, 2021",Deloitte & Touche LLP,0001140361-21-034205.txt,6,1 2 3 4 8 9,Invoice; Lease Agreement; Service Order,"5% or less of the operational MMR indicated on the Tenant Lease Data File are deemed to be in agreement; and with respect to our comparison of Tenant Lease Characteristics 9. | , differences of 30 days or less are deemed to be in agreement.",2,34968,0001140361-21-034205
DataBank Holdings Ltd.,"DataBank Co-Issuer, LLC",2021-2,"October 8, 2021",Deloitte & Touche LLP,0001140361-21-034206.txt,6,1 2 3 4 8 9,Invoice; Lease Agreement; Service Order,"5% or less of the operational MMR indicated on the Tenant Lease Data File are deemed to be in agreement; and with respect to our comparison of Tenant Lease Characteristics 9. | , differences of 30 days or less are deemed to be in agreement.",2,20367,0001140361-21-034206
DataBank Holdings Ltd.,"DataBank Co-Issuer, LLC",2023-1,,Deloitte & Touche LLP,0001140361-23-007285.txt,6,1 2 3 4 8 9,Invoice; Lease Agreement; Service Order,"5% or less, of the operational MMR indicated on the Initial Tenant Lease Data File or Subsequent Tenant Lease Data File, as applicable, are deemed to be in agreement; and with respect to our comparison of Tenant Lease Ch | , differences of 30 days or less are deemed to be in agreement.",1,37974,0001140361-23-007285
DataBank Holdings Ltd.,"DataBank Issuer, LLC",2023-1,"February 15, 2023",Deloitte & Touche LLP,0001140361-23-007295.txt,6,1 2 3 4 8 9,Invoice; Lease Agreement; Service Order,"5% or less, of the operational MMR indicated on the Initial Tenant Lease Data File or Subsequent Tenant Lease Data File, as applicable, are deemed to be in agreement; and with respect to our comparison of Tenant Lease Ch | , differences of 30 days or less are deemed to be in agreement.",1,37970,0001140361-23-007295
DataBank Holdings Ltd.,"DataBank Issuer, LLC",2024-1,"January 30, 2024",Deloitte & Touche LLP,0001140361-24-004514.txt,6,1 2 3 4 8 9,Invoice; Lease Agreement; Service Order,"5% or less of the operational MMR indicated on the Tenant Lease Data File are deemed to be in agreement; and with respect to our comparison of Tenant Lease Characteristics 9. | , differences of 30 days or less are deemed to be in agreement.",1,37640,0001140361-24-004514
DataBank Holdings Ltd.,"DataBank Co-Issuer, LLC",2024-1,"January 30, 2024",Deloitte & Touche LLP,0001140361-24-004517.txt,6,1 2 3 4 8 9,Invoice; Lease Agreement; Service Order,"5% or less of the operational MMR indicated on the Tenant Lease Data File are deemed to be in agreement; and with respect to our comparison of Tenant Lease Characteristics 9. | , differences of 30 days or less are deemed to be in agreement.",1,37643,0001140361-24-004517
DataBank Holdings Ltd.,"DataBank Issuer II, LLC",2025-1,"August 27, 2025",Deloitte & Touche LLP,0001140361-25-032983.txt,3,1 2 14,Lease Agreement; Service Order,", differences of 30 days or less are deemed to be in agreement.",2,15553,0001140361-25-032983
DataBank Holdings Ltd.,"DataBank Co-Issuer II, LLC",2025-1,"August 27, 2025",Deloitte & Touche LLP,0001140361-25-032985.txt,3,1 2 14,Lease Agreement; Service Order,", differences of 30 days or less are deemed to be in agreement.",2,15783,0001140361-25-032985
DataBank Holdings Ltd.,"DataBank Issuer, LLC",2026-1,"January 7, 2026",Deloitte & Touche LLP,0001140361-26-000486.txt,6,1 2 3 4 8 9,Invoice; Lease Agreement; Service Order,"5% or less of the operational MRR indicated on the Tenant Lease Data File are deemed to be in agreement; and with respect to our comparison of Tenant Lease Characteristics 9. | , differences of 30 days or less are deemed to be in agreement.",1,69719,0001140361-26-000486
DataBank Holdings Ltd.,"DataBank Co-Issuer, LLC",2026-1,,Deloitte & Touche LLP,0001140361-26-000488.txt,6,1 2 3 4 8 9,Invoice; Lease Agreement; Service Order,"5% or less of the operational MRR indicated on the Tenant Lease Data File are deemed to be in agreement; and with respect to our comparison of Tenant Lease Characteristics 9. | , differences of 30 days or less are deemed to be in agreement.",1,20627,0001140361-26-000488
"EdgeConneX N.A. Finance Holdings V, LLC","EdgeConneX Data Centers Issuer, LLC",2022-1,"March 30, 2022",KPMG LLP,0001193125-22-089210.txt,0,,Service Order, Such compared information was deemed to be in agreement if differences were within the reporting threshold. |  Such recomputed information was deemed to be in agreement if differences were within the reporting threshold.,1,26051,0001193125-22-089210
"EdgeConneX N.A. Finance Holdings V, LLC","EdgeConneX Data Centers Issuer, LLC",2024-1,"July 15, 2024",KPMG LLP,0001193125-24-179301.txt,0,,Service Order, Such compared information was deemed to be in agreement if differences were within the reporting threshold. |  Such recomputed information was deemed to be in agreement if differences were within the reporting threshold.,4,39501,0001193125-24-179301
Flexential Corp.,"Flexential Co-Issuer, LLC",2021-1,"November 10, 2021",Deloitte & Touche LLP,0001140361-21-037415.txt,5,1 2 3 13 15,Invoice; Lease Agreement; Service Order; Statistical Data File,", differences of 45 days or less are deemed to be in agreement; and with respect to our comparison of Characteristics 13. | , differences of 30 days or less are deemed to be in agreement.",0,35523,0001140361-21-037415
Flexential Corp.,"Flexential Issuer, LLC",2021-1,"November 10, 2021",Deloitte & Touche LLP,0001140361-21-037416.txt,5,1 2 3 13 15,Invoice; Lease Agreement; Service Order; Statistical Data File,", differences of 45 days or less are deemed to be in agreement; and with respect to our comparison of Characteristics 13. | , differences of 30 days or less are deemed to be in agreement.",0,35519,0001140361-21-037416
Flexential Corp.,"Flexential Issuer, LLC",2022-1,"March 30, 2022",KPMG LLP,0001140361-22-011947.txt,0,,Service Order, Such compared information was deemed to be in agreement if differences were within the reporting threshold. |  Such recomputed information was deemed to be in agreement if differences were within the reporting threshold.,0,24949,0001140361-22-011947
Flexential Corp.,"Flexential Co-Issuer, LLC",2022-1,"March 30, 2022",KPMG LLP,0001140361-22-011962.txt,0,,Service Order, Such compared information was deemed to be in agreement if differences were within the reporting threshold. |  Such recomputed information was deemed to be in agreement if differences were within the reporting threshold.,0,24941,0001140361-22-011962
Flexential Corp.,"Flexential Issuer, LLC",2023-1,"September 22, 2023",KPMG LLP,0001140361-23-044914.txt,0,,Invoice; Service Order, Such compared information was deemed to be in agreement if differences were within the reporting threshold. |  Such recomputed information was deemed to be in agreement if differences were within the reporting threshold.,0,24394,0001140361-23-044914
Flexential Corp.,"Flexential Co-Issuer, LLC",2023-1,"September 22, 2023",KPMG LLP,0001140361-23-044915.txt,0,,Invoice; Service Order, Such compared information was deemed to be in agreement if differences were within the reporting threshold. |  Such recomputed information was deemed to be in agreement if differences were within the reporting threshold.,0,24397,0001140361-23-044915
Flexential Corp.,"Flexential Issuer, LLC",2025-1,"October 17, 2025",KPMG LLP,0001140361-25-038429.txt,0,,Invoice; Service Order, Such compared information was deemed to be in agreement if differences were within the reporting threshold. |  Such recomputed information was deemed to be in agreement if differences were within the reporting threshold.,0,21781,0001140361-25-038429
Flexential Corp.,"Flexential Co-Issuer, LLC",2025-1,"October 17, 2025",KPMG LLP,0001140361-25-038432.txt,0,,Invoice; Service Order, Such compared information was deemed to be in agreement if differences were within the reporting threshold. |  Such recomputed information was deemed to be in agreement if differences were within the reporting threshold.,0,21784,0001140361-25-038432
Flexential Corp.,"Flexential Issuer, LLC",2026-1,"February 20, 2026",KPMG LLP,0001140361-26-006248.txt,0,,Invoice; Service Order, Such compared information was deemed to be in agreement if differences were within the reporting threshold. |  Such recomputed information was deemed to be in agreement if differences were within the reporting threshold.,0,21964,0001140361-26-006248
Flexential Corp.,"Flexential Co-Issuer, LLC",2026-1,"February 20, 2026",KPMG LLP,0001140361-26-006250.txt,0,,Invoice; Service Order, Such compared information was deemed to be in agreement if differences were within the reporting threshold. |  Such recomputed information was deemed to be in agreement if differences were within the reporting threshold.,0,21967,0001140361-26-006250
"MECP1 Mesa Intermediate 1, LLC","EDI ABS Issuer 1, LLC",2025-1,,Deloitte & Touche LLP,0001193125-25-156315.txt,1,1,Lease Agreement,,0,13984,0001193125-25-156315
Phoenix Data Center Acquisitions LLC,Centersquare Issuer LLC,2024-1,"September 24, 2024",Deloitte & Touche LLP,0001140361-24-041730.txt,5,1 2 4 6 7,Invoice; Lease Agreement; Service Order; Statistical Data File,"5% or less of the related amount set forth on the Initial Tenant Lease Data File or Subsequent Tenant Lease Data File, as applicable, are deemed to be in agreement; and with respect to our comparison of Characteristics 7 | , differences of 31 days or less are deemed to be in agreement.",0,22332,0001140361-24-041730
Phoenix Data Center Acquisitions LLC,Centersquare Co-Issuer LLC,2024-1,"September 24, 2024",Deloitte & Touche LLP,0001140361-24-041732.txt,5,1 2 4 6 7,Invoice; Lease Agreement; Service Order; Statistical Data File,"5% or less of the related amount set forth on the Initial Tenant Lease Data File or Subsequent Tenant Lease Data File, as applicable, are deemed to be in agreement; and with respect to our comparison of Characteristics 7 | , differences of 31 days or less are deemed to be in agreement.",0,71736,0001140361-24-041732
Phoenix Data Center Acquisitions LLC,Centersquare Issuer LLC,2025-1,,Deloitte & Touche LLP,0001140361-25-006077.txt,5,1 2 4 6 7,Invoice; Lease Agreement; Service Order,"5% or less of the related amount set forth on the Tenant Lease Data File are deemed to be in agreement; and with respect to our comparison of Tenant Lease Characteristics 7. | , differences of 31 days or less are deemed to be in agreement.",0,68264,0001140361-25-006077
Phoenix Data Center Acquisitions LLC,Centersquare Co-Issuer LLC,2025-1,,Deloitte & Touche LLP,0001140361-25-006079.txt,5,1 2 4 6 7,Invoice; Lease Agreement; Service Order,"5% or less of the related amount set forth on the Tenant Lease Data File are deemed to be in agreement; and with respect to our comparison of Tenant Lease Characteristics 7. | , differences of 31 days or less are deemed to be in agreement.",0,68267,0001140361-25-006079
Phoenix Data Center Acquisitions LLC,Centersquare Issuer LLC,2025-3,,Deloitte & Touche LLP,0001140361-25-029117.txt,5,1 2 4 6 7,Invoice; Lease Agreement; Service Order,"5% or less of the related amount set forth on the Initial Tenant Lease Data File and Subsequent Tenant Lease Data File, as applicable, are deemed to be in agreement; and with respect to our comparison of Tenant Lease Cha | , differences of 31 days or less are deemed to be in agreement.",0,68782,0001140361-25-029117
Phoenix Data Center Acquisitions LLC,Centersquare Co-Issuer LLC,2025-3,"August 6, 2025",Deloitte & Touche LLP,0001140361-25-029119.txt,5,1 2 4 6 7,Invoice; Lease Agreement; Service Order,"5% or less of the related amount set forth on the Initial Tenant Lease Data File and Subsequent Tenant Lease Data File, as applicable, are deemed to be in agreement; and with respect to our comparison of Tenant Lease Cha | , differences of 31 days or less are deemed to be in agreement.",0,68784,0001140361-25-029119
Phoenix Data Center Acquisitions LLC,Centersquare Issuer LLC,2025-5,"November 10, 2025",Deloitte & Touche LLP,0001140361-25-041401.txt,5,1 2 4 6 7,Invoice; Lease Agreement; Service Order," Differences of less than 1 square foot are deemed to be in agreement. | 5% or less of the related amount set forth on the Tenant Lease Data File are deemed to be in agreement; and with respect to our comparison of Tenant Lease Characteristics 7. | , differences of 31 days or less are deemed to be in agreement.",0,67990,0001140361-25-041401
Phoenix Data Center Acquisitions LLC,Centersquare Co-Issuer LLC,2025-5,"November 10, 2025",Deloitte & Touche LLP,0001140361-25-041405.txt,5,1 2 4 6 7,Invoice; Lease Agreement; Service Order," Differences of less than 1 square foot are deemed to be in agreement. | 5% or less of the related amount set forth on the Tenant Lease Data File are deemed to be in agreement; and with respect to our comparison of Tenant Lease Characteristics 7. | , differences of 31 days or less are deemed to be in agreement.",0,67993,0001140361-25-041405
"Retained Vantage Data Centers, LP","Vantage Data Centers Canada QC4, Limited Partnership",2023-1,"September 5, 2023",Deloitte & Touche LLP,0001140361-23-042527.txt,6,1 2 9 17 18 19,Lease Agreement; Statistical Data File,", differences of 30 days or less are deemed to be in agreement.",4,30562,0001140361-23-042527
"Retained Vantage Data Centers, LP","Retained Vantage Data Centers Issuer, LLC",2023-1,"September 5, 2023",Deloitte & Touche LLP,0001140361-23-042530.txt,6,1 2 9 17 18 19,Lease Agreement; Statistical Data File,", differences of 30 days or less are deemed to be in agreement.",4,30551,0001140361-23-042530
"Retained Vantage Data Centers, LP","Vantage Data Centers Canada QC4, Limited Partnership",2024-1,"August 7, 2024",Deloitte & Touche LLP,0001140361-24-036233.txt,6,1 2 9 17 18 19,Lease Agreement; Statistical Data File,", differences of 30 days or less are deemed to be in agreement; with respect to our comparison of Characteristic 19.",4,17517,0001140361-24-036233
"Retained Vantage Data Centers, LP","Retained Vantage Data Centers Issuer, LLC",2024-1,"August 7, 2024",Deloitte & Touche LLP,0001140361-24-036237.txt,6,1 2 9 17 18 19,Lease Agreement; Statistical Data File,", differences of 30 days or less are deemed to be in agreement; with respect to our comparison of Characteristic 19.",4,17506,0001140361-24-036237
"Retained Vantage Data Centers, LP","Retained Vantage Data Centers Issuer, LLC",2025-1,"August 11, 2025",Deloitte & Touche LLP,0001140361-25-030236.txt,6,1 2 9 17 18 19,Lease Agreement; Statistical Data File,", differences of 30 days or less are deemed to be in agreement; with respect to our comparison of Characteristic 19. | , differences of 30 days or less are deemed to be in agreement; with respect to our comparison of Characteristic 19.",8,27490,0001140361-25-030236
"Retained Vantage Data Centers, LP","Vantage Data Centers Canada QC4, Limited Partnership",2025-1,"August 11, 2025",Deloitte & Touche LLP,0001140361-25-030237.txt,6,1 2 9 17 18 19,Lease Agreement; Statistical Data File,", differences of 30 days or less are deemed to be in agreement; with respect to our comparison of Characteristic 19. | , differences of 30 days or less are deemed to be in agreement; with respect to our comparison of Characteristic 19.",8,27501,0001140361-25-030237
Sabey Data Center Asset Holdings LLC,,2022-1,,Deloitte & Touche LLP,0001193125-22-181355.txt,6,1 2 9 17 18 19,Lease Agreement; Statistical Data File,", differences of 30 days or less are deemed to be in agreement.",5,22470,0001193125-22-181355
Sabey Data Center Asset Holdings LLC,,2023-1,,Deloitte & Touche LLP,0001193125-23-093673.txt,6,1 2 9 17 18 19,Lease Agreement; Statistical Data File,", differences of 30 days or less are deemed to be in agreement.",6,25447,0001193125-23-093673
Sabey Data Center Asset Holdings LLC,,2024-1,,Deloitte & Touche LLP,0001193125-24-098835.txt,6,1 2 9 17 18 19,Lease Agreement; Statistical Data File,", differences of 30 days or less are deemed to be in agreement.",16,24155,0001193125-24-098835
Sabey Data Center Asset Holdings LLC,,2025-1,,Deloitte & Touche LLP,0001193125-25-012131.txt,6,1 2 9 17 18 19,Lease Agreement; Statistical Data File,", differences of 30 days or less are deemed to be in agreement.",10,23479,0001193125-25-012131
Sabey Data Center Asset Holdings LLC,,2025-2,,Deloitte & Touche LLP,0001193125-25-062672.txt,6,1 2 9 17 18 19,Lease Agreement; Statistical Data File,", differences of 30 days or less are deemed to be in agreement.",10,22973,0001193125-25-062672
Sabey Data Center Asset Holdings LLC,,2026-1,,Deloitte & Touche LLP,0001193125-26-015461.txt,7,1 2 8 9 17 18 19,Lease Agreement; Statistical Data File,", differences of 30 days or less are deemed to be in agreement.",12,24664,0001193125-26-015461
Sabey Data Center Asset Holdings LLC,,2020-1,,Deloitte & Touche LLP,0001208646-20-000018.txt,6,1 2 9 17 18 19,Lease Agreement; Statistical Data File,", differences of 30 days or less are deemed to be in agreement.",4,16158,0001208646-20-000018
Sabey Data Center Asset Holdings LLC,,2021-1,,Deloitte & Touche LLP,0001208646-21-000039.txt,6,1 2 9 17 18 19,Lease Agreement; Statistical Data File,", differences of 30 days or less are deemed to be in agreement.",4,16428,0001208646-21-000039
Sabey Data Center Issuer LLC,,2022-1,,Deloitte & Touche LLP,0001193125-22-181355.txt,6,1 2 9 17 18 19,Lease Agreement; Statistical Data File,", differences of 30 days or less are deemed to be in agreement.",5,22470,0001193125-22-181355
Sabey Data Center Issuer LLC,,2020-1,,Deloitte & Touche LLP,0001208646-20-000018.txt,6,1 2 9 17 18 19,Lease Agreement; Statistical Data File,", differences of 30 days or less are deemed to be in agreement.",4,16158,0001208646-20-000018
Sabey Data Center Issuer LLC,,2021-1,,Deloitte & Touche LLP,0001208646-21-000039.txt,6,1 2 9 17 18 19,Lease Agreement; Statistical Data File,", differences of 30 days or less are deemed to be in agreement.",4,16428,0001208646-21-000039
"STACK INFRASTRUCTURE ISSUER, LLC",,2023-1,,Deloitte & Touche LLP,0001193125-23-049017.txt,6,1 2 8 16 17 18,Lease Agreement; Statistical Data File,", differences of 30 days or less are deemed to be in agreement.",9,22552,0001193125-23-049017
"STACK INFRASTRUCTURE ISSUER, LLC",,2023-2,,Deloitte & Touche LLP,0001193125-23-154996.txt,5,1 2 8 16 18,Lease Agreement; Statistical Data File,", differences of 30 days or less are deemed to be in agreement.",9,22147,0001193125-23-154996
"STACK INFRASTRUCTURE ISSUER, LLC",,2019-1,,Deloitte & Touche LLP,0001208646-19-000005.txt,6,1 2 8 16 17 18,Lease Agreement; Statistical Data File,", differences of 30 days or less are deemed to be in agreement; and with respect to our comparison of Characteristic 18.",8,19433,0001208646-19-000005
"STACK INFRASTRUCTURE ISSUER, LLC",,2019-2,,Deloitte & Touche LLP,0001208646-19-000101.txt,6,1 2 8 16 17 18,Lease Agreement; Statistical Data File,", differences of 30 days or less are deemed to be in agreement; and with respect to our comparison of Characteristic 18.",8,21051,0001208646-19-000101
"STACK INFRASTRUCTURE ISSUER, LLC",,2020-1,,Deloitte & Touche LLP,0001208646-20-000053.txt,6,1 2 8 16 17 18,Lease Agreement; Statistical Data File,", differences of 30 days or less are deemed to be in agreement.",8,20112,0001208646-20-000053
"STACK INFRASTRUCTURE ISSUER, LLC",,2021-1,,Deloitte & Touche LLP,0001208646-21-000016.txt,6,1 2 8 16 17 18,Lease Agreement; Statistical Data File,", differences of 30 days or less are deemed to be in agreement.",8,34187,0001208646-21-000016
"STACK INFRASTRUCTURE PARENT, LLC",,2023-1,,Deloitte & Touche LLP,0001193125-23-049017.txt,6,1 2 8 16 17 18,Lease Agreement; Statistical Data File,", differences of 30 days or less are deemed to be in agreement.",9,22552,0001193125-23-049017
"STACK INFRASTRUCTURE PARENT, LLC",,2023-2,,Deloitte & Touche LLP,0001193125-23-154996.txt,5,1 2 8 16 18,Lease Agreement; Statistical Data File,", differences of 30 days or less are deemed to be in agreement.",9,22147,0001193125-23-154996
"STACK INFRASTRUCTURE PARENT, LLC",,2023-3,,Deloitte & Touche LLP,0001193125-23-257095.txt,5,1 2 8 16 18,Lease Agreement; Statistical Data File,", differences of 30 days or less are deemed to be in agreement.",9,21640,0001193125-23-257095
"STACK INFRASTRUCTURE PARENT, LLC",,2024-1,,Deloitte & Touche LLP,0001193125-24-063577.txt,5,1 2 8 17 18,Lease Agreement; Statistical Data File,", differences of 30 days or less are deemed to be in agreement.",5,17466,0001193125-24-063577
"STACK INFRASTRUCTURE PARENT, LLC",,2025-1,,Deloitte & Touche LLP,0001193125-25-113886.txt,5,1 2 8 17 18,Lease Agreement; Statistical Data File,", differences of 30 days or less are deemed to be in agreement.",5,17519,0001193125-25-113886
"STACK INFRASTRUCTURE PARENT, LLC",,2026-1,,Deloitte & Touche LLP,0001193125-26-039159.txt,5,1 2 8 17 18,Lease Agreement; Statistical Data File,", differences of 30 days or less are deemed to be in agreement.",5,19470,0001193125-26-039159
"STACK INFRASTRUCTURE PARENT, LLC",,2019-1,,Deloitte & Touche LLP,0001208646-19-000005.txt,6,1 2 8 16 17 18,Lease Agreement; Statistical Data File,", differences of 30 days or less are deemed to be in agreement; and with respect to our comparison of Characteristic 18.",8,19433,0001208646-19-000005
"STACK INFRASTRUCTURE PARENT, LLC",,2019-2,,Deloitte & Touche LLP,0001208646-19-000101.txt,6,1 2 8 16 17 18,Lease Agreement; Statistical Data File,", differences of 30 days or less are deemed to be in agreement; and with respect to our comparison of Characteristic 18.",8,21051,0001208646-19-000101
"STACK INFRASTRUCTURE PARENT, LLC",,2020-1,,Deloitte & Touche LLP,0001208646-20-000053.txt,6,1 2 8 16 17 18,Lease Agreement; Statistical Data File,", differences of 30 days or less are deemed to be in agreement.",8,20112,0001208646-20-000053
"STACK INFRASTRUCTURE PARENT, LLC",,2021-1,,Deloitte & Touche LLP,0001208646-21-000016.txt,6,1 2 8 16 17 18,Lease Agreement; Statistical Data File,", differences of 30 days or less are deemed to be in agreement.",8,34187,0001208646-21-000016
"Switch, Ltd.","Switch ABS Issuer, LLC",2024-1,"February 23, 2024",Deloitte & Touche LLP,0001140361-24-009115.txt,6,1 2 4 6 7 9,Asset Management System; Colocation Facilities Agreement; Invoice; Lease Agreement; Service Order; Statistical Data File,", differences of one month are deemed to be in agreement; with respect to our comparison of Characteristic 6. | 02 (as set forth on the Statistical Data File) is deemed to be in agreement with a location of TX1 (as set forth on the Service Order); and with respect to our comparison of Characteristics 7. | , differences of 30 days or less are deemed to be in agreement.",0,34941,0001140361-24-009115
"Switch, Ltd.","Switch ABS Co-Issuer, LLC",2024-1,"February 23, 2024",Deloitte & Touche LLP,0001140361-24-009117.txt,6,1 2 4 6 7 9,Asset Management System; Colocation Facilities Agreement; Invoice; Lease Agreement; Service Order; Statistical Data File,", differences of one month are deemed to be in agreement; with respect to our comparison of Characteristic 6. | 02 (as set forth on the Statistical Data File) is deemed to be in agreement with a location of TX1 (as set forth on the Service Order); and with respect to our comparison of Characteristics 7. | , differences of 30 days or less are deemed to be in agreement.",0,34944,0001140361-24-009117
"Switch, Ltd.","Switch ABS Issuer, LLC",2024-2,"May 22, 2024",Deloitte & Touche LLP,0001140361-24-027160.txt,7,1 2 4 5 6 7 9,Asset Management System; Colocation Facilities Agreement; Invoice; Lease Agreement; Service Order; Statistical Data File,", differences of one month are deemed to be in agreement; with respect to our comparison of Characteristic 5. | 02 (as set forth on the Statistical Data File) is deemed to be in agreement with a location of TX1 (as set forth on the Service Order); and with respect to our comparison of Characteristics 7. | , differences of 30 days or less are deemed to be in agreement.",0,21251,0001140361-24-027160
"Switch, Ltd.","Switch ABS Co-Issuer, LLC",2024-2,"May 22, 2024",Deloitte & Touche LLP,0001140361-24-027164.txt,7,1 2 4 5 6 7 9,Asset Management System; Colocation Facilities Agreement; Invoice; Lease Agreement; Service Order; Statistical Data File,", differences of one month are deemed to be in agreement; with respect to our comparison of Characteristic 5. | 02 (as set forth on the Statistical Data File) is deemed to be in agreement with a location of TX1 (as set forth on the Service Order); and with respect to our comparison of Characteristics 7. | , differences of 30 days or less are deemed to be in agreement.",0,21254,0001140361-24-027164
"Switch, Ltd.","Switch ABS Issuer, LLC",2025-1,"February 21, 2025",Deloitte & Touche LLP,0001140361-25-005460.txt,7,1 2 4 5 6 7 9,Asset Management System; Colocation Facilities Agreement; Invoice; Lease Agreement; Service Order; Statistical Data File,", differences of one month are deemed to be in agreement; with respect to our comparison of Characteristic 5. | 02 (as set forth on the Statistical Data File) is deemed to be in agreement with a facility of TX1 (as set forth on the Service Order); and with respect to our comparison of Characteristics 7. | , differences of 30 days or less are deemed to be in agreement.",0,17972,0001140361-25-005460
"Switch, Ltd.","Switch ABS Co-Issuer, LLC",2025-1,"February 21, 2025",Deloitte & Touche LLP,0001140361-25-005480.txt,7,1 2 4 5 6 7 9,Asset Management System; Colocation Facilities Agreement; Invoice; Lease Agreement; Service Order; Statistical Data File,", differences of one month are deemed to be in agreement; with respect to our comparison of Characteristic 5. | 02 (as set forth on the Statistical Data File) is deemed to be in agreement with a facility of TX1 (as set forth on the Service Order); and with respect to our comparison of Characteristics 7. | , differences of 30 days or less are deemed to be in agreement.",0,17711,0001140361-25-005480
"Switch, Ltd.","Switch ABS Issuer, LLC",2025-2,"September 26, 2025",Deloitte & Touche LLP,0001140361-25-036287.txt,6,1 2 4 6 7 9,Asset Management System; Colocation Facilities Agreement; Invoice; Lease Agreement; Service Order; Statistical Data File,", differences of one month are deemed to be in agreement; with respect to our comparison of Characteristic 6. | 02 (as set forth on the Statistical Data File) is deemed to be in agreement with a facility of TX1 (as set forth on the Service Order); and with respect to our comparison of Characteristics 7. | , differences of 30 days or less are deemed to be in agreement.",0,17782,0001140361-25-036287
"Switch, Ltd.","Switch ABS Co-Issuer, LLC",2025-2,"September 26, 2025",Deloitte & Touche LLP,0001140361-25-036289.txt,6,1 2 4 6 7 9,Asset Management System; Colocation Facilities Agreement; Invoice; Lease Agreement; Service Order; Statistical Data File,", differences of one month are deemed to be in agreement; with respect to our comparison of Characteristic 6. | 02 (as set forth on the Statistical Data File) is deemed to be in agreement with a facility of TX1 (as set forth on the Service Order); and with respect to our comparison of Characteristics 7. | , differences of 30 days or less are deemed to be in agreement.",0,17977,0001140361-25-036289
"Switch, Ltd.","Switch ABS Issuer, LLC",2026-1,"February 20, 2026",Deloitte & Touche LLP,0001140361-26-006295.txt,6,1 2 3 4 7 9,Asset Management System; Colocation Facilities Agreement; Invoice; Lease Agreement; Service Order; Statistical Data File,", differences of 30 days or less are deemed to be in agreement. | , differences of one month are deemed to be in agreement; with respect to our comparison of Non-Securitized Characteristics 7. | , differences of 30 days or less are deemed to be in agreement.",0,18470,0001140361-26-006295
"Switch, Ltd.","Switch ABS Co-Issuer, LLC",2026-1,"February 20, 2026",Deloitte & Touche LLP,0001140361-26-006296.txt,6,1 2 3 4 7 9,Asset Management System; Colocation Facilities Agreement; Invoice; Lease Agreement; Service Order; Statistical Data File,", differences of 30 days or less are deemed to be in agreement. | , differences of one month are deemed to be in agreement; with respect to our comparison of Non-Securitized Characteristics 7. | , differences of 30 days or less are deemed to be in agreement.",0,67955,0001140361-26-006296
Urbacon Developments (II) Ltd,,2025-1,"July 30, 2025",Deloitte & Touche LLP,0001104659-25-072287.txt,2,1 4,,,0,15581,0001104659-25-072287
"Vantage Data Centers Holdings, LLC","Vantage Data Centers Issuer, LLC",2018-1,"February 2, 2018",Deloitte & Touche LLP,0000893750-18-000009.txt,6,1 2 9 17 18 19,Lease Agreement; Statistical Data File,", differences of 30 days or less are deemed to be in agreement.",3,30169,0000893750-18-000009
"Vantage Data Centers Holdings, LLC","Vantage Data Centers Issuer, LLC",2018-2,"November 8, 2018",Deloitte & Touche LLP,0000893750-18-000042.txt,6,1 2 9 17 18 19,Lease Agreement; Statistical Data File,", differences of 30 days or less are deemed to be in agreement; and with respect to our comparison of Characteristic 19.",3,29883,0000893750-18-000042
"Vantage Data Centers Holdings, LLC","Vantage Data Centers Issuer, LLC",2019-1,"July 22, 2019",Deloitte & Touche LLP,0001140361-19-013290.txt,6,1 2 9 17 18 19,Lease Agreement; Statistical Data File,", differences of 30 days or less are deemed to be in agreement; and with respect to our comparison of Characteristic 19.",3,15726,0001140361-19-013290
"Vantage Data Centers Holdings, LLC","Vantage Data Centers Canada, Limited Partnership",2019-1,"July 22, 2019",Deloitte & Touche LLP,0001140361-19-013292.txt,6,1 2 9 17 18 19,Lease Agreement; Statistical Data File,", differences of 30 days or less are deemed to be in agreement; and with respect to our comparison of Characteristic 19.",3,15764,0001140361-19-013292
"Vantage Data Centers Holdings, LLC","Vantage Data Centers Canada, Limited Partnership",2020-1,"September 11, 2020",Deloitte & Touche LLP,0001140361-20-020260.txt,6,1 2 9 17 18 19,Lease Agreement; Statistical Data File,", differences of 30 days or less are deemed to be in agreement; and with respect to our comparison of Characteristic 19.",8,20493,0001140361-20-020260
"Vantage Data Centers Holdings, LLC","Vantage Data Centers Issuer, LLC",2020-1,"September 11, 2020",Deloitte & Touche LLP,0001140361-20-020261.txt,6,1 2 9 17 18 19,Lease Agreement; Statistical Data File,", differences of 30 days or less are deemed to be in agreement; and with respect to our comparison of Characteristic 19.",8,20455,0001140361-20-020261
"Vantage Data Centers Holdings, LLC","Vantage Data Centers Canada, Limited Partnership",2021-1,"October 20, 2021",Deloitte & Touche LLP,0001140361-21-034985.txt,6,1 2 9 17 18 19,Lease Agreement; Statistical Data File,", differences of 30 days or less are deemed to be in agreement; and with respect to our comparison of Characteristic 19.",8,36589,0001140361-21-034985
"Vantage Data Centers Holdings, LLC","Vantage Data Centers Issuer, LLC",2021-1,"October 20, 2021",Deloitte & Touche LLP,0001140361-21-034987.txt,6,1 2 9 17 18 19,Lease Agreement; Statistical Data File,", differences of 30 days or less are deemed to be in agreement; and with respect to our comparison of Characteristic 19.",8,36567,0001140361-21-034987
"Vantage Data Centers Holdings, LLC","Vantage Data Centers Canada, Limited Partnership",2023-1,"March 3, 2023",Deloitte & Touche LLP,0001140361-23-010109.txt,6,1 2 9 17 18 19,Lease Agreement; Statistical Data File,", differences of 30 days or less are deemed to be in agreement; and with respect to our comparison of Characteristic 19.",4,17450,0001140361-23-010109
"Vantage Data Centers Holdings, LLC","Vantage Data Centers Issuer, LLC",2023-1,"March 3, 2023",Deloitte & Touche LLP,0001140361-23-010110.txt,6,1 2 9 17 18 19,Lease Agreement; Statistical Data File,", differences of 30 days or less are deemed to be in agreement; and with respect to our comparison of Characteristic 19.",4,17428,0001140361-23-010110
"Vantage Data Centers Holdings, LLC","Vantage Data Centers Issuer, LLC",2024-1,"September 18, 2024",Deloitte & Touche LLP,0001140361-24-041370.txt,6,1 2 9 17 18 19,Lease Agreement; Statistical Data File,", differences of 30 days or less are deemed to be in agreement; and with respect to our comparison of Characteristic 19.",4,66956,0001140361-24-041370
"Vantage Data Centers Holdings, LLC","Vantage Data Centers Canada, Limited Partnership",2024-1,"September 18, 2024",Deloitte & Touche LLP,0001140361-24-041372.txt,6,1 2 9 17 18 19,Lease Agreement; Statistical Data File,", differences of 30 days or less are deemed to be in agreement; and with respect to our comparison of Characteristic 19.",4,17671,0001140361-24-041372
"Vantage Data Centers Holdings, LLC","Vantage Data Centers Canada, Limited Partnership",2025-1,"July 28, 2025",Deloitte & Touche LLP,0001140361-25-027603.txt,6,1 2 9 17 18 19,Lease Agreement; Statistical Data File,", differences of 30 days or less are deemed to be in agreement; and with respect to our comparison of Characteristic 19.",4,66389,0001140361-25-027603
"Vantage Data Centers Holdings, LLC","Vantage Data Centers Issuer, LLC",2025-1,"July 28, 2025",Deloitte & Touche LLP,0001140361-25-027612.txt,6,1 2 9 17 18 19,Lease Agreement; Statistical Data File,", differences of 30 days or less are deemed to be in agreement; and with respect to our comparison of Characteristic 19.",4,66367,0001140361-25-027612
"Vantage Data Centers Holdings, LLC","Vantage Data Centers Issuer, LLC",2025-2,"October 30, 2025",Deloitte & Touche LLP,0001140361-25-039876.txt,4,1 2 9 19,Lease Agreement; Statistical Data File,", differences of 30 days or less are deemed to be in agreement; and with respect to our comparison of Characteristic 19.",4,16942,0001140361-25-039876
"Vantage Data Centers Holdings, LLC","Vantage Data Centers Canada, Limited Partnership",2025-2,"October 30, 2025",Deloitte & Touche LLP,0001140361-25-039877.txt,4,1 2 9 19,Lease Agreement; Statistical Data File,", differences of 30 days or less are deemed to be in agreement; and with respect to our comparison of Characteristic 19.",4,16964,0001140361-25-039877
"Vantage Data Centers Issuer, LLC","Vantage Data Centers Issuer, LLC",2018-1,"February 2, 2018",Deloitte & Touche LLP,0000893750-18-000009.txt,6,1 2 9 17 18 19,Lease Agreement; Statistical Data File,", differences of 30 days or less are deemed to be in agreement.",3,30169,0000893750-18-000009
Vantage Valkyrie BidCo S.a.r.l.,Vantage Data Centers Jersey Borrower SPV Limited,,,Deloitte LLP,0001539497-24-000931.txt,0,,Lease Agreement,,10,23189,0001539497-24-000931
Vantage Valkyrie BidCo S.a.r.l.,,,,Deloitte LLP,0001539497-25-001275.txt,0,,Lease Agreement,,16,17673,0001539497-25-001275
Vantage Valkyrie BidCo S.a.r.l.,,,,Deloitte LLP,0001539497-25-002810.txt,0,,Lease Agreement,,9,22968,0001539497-25-002810
Vault DI Issuer LLC,,2021-1,,Ernst & Young LLP,0001208646-21-000041.txt,0,,Lease Agreement,,16,302794,0001208646-21-000041
