agency,seed,url,class,rating,provisional,amount_text,coupon_text,matched_register_issuer,page_chars
Morningstar DBRS,"Switch ABS Issuer, LLC Series 2025-2",https://dbrs.morningstar.com/research/463873/morningstar-dbrs-assigns-provisional-credit-ratings-to-switch-abs-issuer-llc-series-2025-2,A-2-I,AAA,provisional,,,"switch abs issuer, llc",13418
Morningstar DBRS,"Switch ABS Issuer, LLC Series 2025-2",https://dbrs.morningstar.com/research/463873/morningstar-dbrs-assigns-provisional-credit-ratings-to-switch-abs-issuer-llc-series-2025-2,A-2-II,AA (low),provisional,,,"switch abs issuer, llc",13418
Morningstar DBRS,"Switch ABS Issuer, LLC Series 2025-2",https://dbrs.morningstar.com/research/463873/morningstar-dbrs-assigns-provisional-credit-ratings-to-switch-abs-issuer-llc-series-2025-2,A-2-III,A (low),provisional,,,"switch abs issuer, llc",13418
Morningstar DBRS,"Switch ABS Issuer, LLC Series 2025-2",https://dbrs.morningstar.com/research/463873/morningstar-dbrs-assigns-provisional-credit-ratings-to-switch-abs-issuer-llc-series-2025-2,B,BBB (low),provisional,,,"switch abs issuer, llc",13418
Morningstar DBRS,"Compass Datacenters Issuer II, LLC Series 2025-2",https://dbrs.morningstar.com/research/466648/morningstar-dbrs-finalizes-provisional-credit-rating-on-compass-datacenters-issuer-ii-llc-series-2025-2-and-confirms-credit-ratings-on-compass-datacenters-issuer-ii-llc-series-2025-1-series-2024-2-and-series-2024-1,A-1,AAA,final or unstated,,,"compass datacenters issuer ii, llc",13690
Morningstar DBRS,"Compass Datacenters Issuer II, LLC Series 2025-2",https://dbrs.morningstar.com/research/466648/morningstar-dbrs-finalizes-provisional-credit-rating-on-compass-datacenters-issuer-ii-llc-series-2025-2-and-confirms-credit-ratings-on-compass-datacenters-issuer-ii-llc-series-2025-1-series-2024-2-and-series-2024-1,A-2,AA,final or unstated,,,"compass datacenters issuer ii, llc",13690
Morningstar DBRS,"Compass Datacenters Issuer II, LLC Series 2025-2",https://dbrs.morningstar.com/research/466648/morningstar-dbrs-finalizes-provisional-credit-rating-on-compass-datacenters-issuer-ii-llc-series-2025-2-and-confirms-credit-ratings-on-compass-datacenters-issuer-ii-llc-series-2025-1-series-2024-2-and-series-2024-1,B-1,A,final or unstated,,,"compass datacenters issuer ii, llc",13690
Morningstar DBRS,"Compass Datacenters Issuer II, LLC Series 2025-2",https://dbrs.morningstar.com/research/466648/morningstar-dbrs-finalizes-provisional-credit-rating-on-compass-datacenters-issuer-ii-llc-series-2025-2-and-confirms-credit-ratings-on-compass-datacenters-issuer-ii-llc-series-2025-1-series-2024-2-and-series-2024-1,B-2,A (low),final or unstated,,,"compass datacenters issuer ii, llc",13690
Morningstar DBRS,"Compass Datacenters Issuer II, LLC Series 2025-2",https://dbrs.morningstar.com/research/466648/morningstar-dbrs-finalizes-provisional-credit-rating-on-compass-datacenters-issuer-ii-llc-series-2025-2-and-confirms-credit-ratings-on-compass-datacenters-issuer-ii-llc-series-2025-1-series-2024-2-and-series-2024-1,B,A,final or unstated,,,"compass datacenters issuer ii, llc",13690
Morningstar DBRS,Eight data center transactions,https://dbrs.morningstar.com/research/449784/morningstar-dbrs-takes-credit-rating-actions-on-eight-data-center-transactions,,,,,,"compass datacenters issuer ii, llc",14502
Morningstar DBRS,"EdgeConneX Data Centers Issuer, LLC credit rating report",https://dbrs.morningstar.com/research/465304/edgeconnex-data-centers-issuer-llc-credit-rating-report,,,,,,"edgeconnex data centers issuer, llc",4773
Morningstar DBRS,"EdgeConneX Data Centers Issuer, LLC rating report",https://dbrs.morningstar.com/research/404351/edgeconnex-data-centers-issuer-llc-rating-report,,,,,,"edgeconnex data centers issuer, llc",4656
Morningstar DBRS,Vantage Data Centers Jersey Borrower SPV Limited,https://dbrs.morningstar.com/research/454685/morningstar-dbrs-confirms-credit-ratings-on-vantage-data-centers-jersey-borrower-spv-limited,A-2,A (low),final or unstated,GBP 600.0 million,,vantage data centers jersey borrower spv limited,16524
Morningstar DBRS,Vantage Data Centers Jersey Borrower SPV Limited Class B,https://dbrs.morningstar.com/research/466962/morningstar-dbrs-assigns-provisional-credit-rating-to-class-b-notes-issued-by-vantage-data-centers-jersey-borrower-spv-limited-and-confirms-credit-rating-on-class-a-2-notes-stable-trends,B,BBB,provisional,GBP 54 million,,vantage data centers jersey borrower spv limited,21032
Morningstar DBRS,Vantage Data Centers Jersey Borrower SPV Limited Class B,https://dbrs.morningstar.com/research/466962/morningstar-dbrs-assigns-provisional-credit-rating-to-class-b-notes-issued-by-vantage-data-centers-jersey-borrower-spv-limited-and-confirms-credit-rating-on-class-a-2-notes-stable-trends,A-2,A (low),final or unstated,GBP 600 million,6.172%,vantage data centers jersey borrower spv limited,21032
Morningstar DBRS,Vantage Data Centers Jersey Borrower SPV Limited Class B final,https://dbrs.morningstar.com/research/468688/morningstar-dbrs-finalises-provisional-credit-rating-on-class-b-notes-issued-by-vantage-data-centers-jersey-borrower-spv-limited-and-confirms-credit-rating-on-class-a-2-notes-stable-trends,B,BBB,provisional,GBP 54 million,6.338%,vantage data centers jersey borrower spv limited,17794
Morningstar DBRS,Vantage Data Centers Jersey Borrower SPV Limited Class B final,https://dbrs.morningstar.com/research/468688/morningstar-dbrs-finalises-provisional-credit-rating-on-class-b-notes-issued-by-vantage-data-centers-jersey-borrower-spv-limited-and-confirms-credit-rating-on-class-a-2-notes-stable-trends,A-2,A (low),final or unstated,GBP 200 million,6.172%,vantage data centers jersey borrower spv limited,17794
KBRA,"DataBank Issuer, LLC Series 2026-1",https://www.kbra.com/publications/tGrWrdbr/kbra-assigns-preliminary-ratings-to-databank-series-2026-1,,,,,,"databank co-issuer, llc",5769
KBRA,"Flexential Issuer, LLC Series 2026-1/2",https://www.kbra.com/publications/PtCMQJLf/kbra-assigns-preliminary-ratings-to-flexential-issuer-llc-and-flexential-co-issuer-llc-series-2026-1-2,,,,,,"flexential co-issuer, llc",6162
KBRA,Centersquare series,https://www.kbra.com/publications/VnNyrVVh,,,,,,centersquare co-issuer llc,5620
KBRA,TierPoint Issuer LLC Series 2025-3/4,https://www.kbra.com/publications/NWSCDPYs,,,,,,,5821
KBRA,"FirstLight Issuer, LLC",https://www.kbra.com/publications/PDCvRdky,,,,,,,5038
Morningstar DBRS,Vantage Data Centers Jersey Borrower SPV Limited provisional,https://dbrs.morningstar.com/research/432090/morningstar-dbrs-assigns-a-provisional-credit-rating-to-vantage-data-centers-jersey-borrower-spv-limited,A-2,BBB,provisional,GBP 600.0 million,6.7%,vantage data centers jersey borrower spv limited,18429
Morningstar DBRS,Vantage Data Centers Jersey Borrower SPV Limited finalised,https://dbrs.morningstar.com/research/433235/morningstar-dbrs-finalizes-its-provisional-credit-rating-on-vantage-data-centers-jersey-borrower-spv-limited,A-2,BBB,final or unstated,GBP 600.0 million,6.172%,vantage data centers jersey borrower spv limited,18979
