entity_name,status,score,runner_up,title,ticker,cik
"10 Briggs Solar NG, LLC",unmatched,0.0,0.0,,,
"1634 Solar, LLC",unmatched,0.0,0.0,,,
174 Power Global Corp.,unmatched,0.0,0.0,,,
201LC 8me LLC,unmatched,0.0,0.0,,,
20SD 8me LLC,unmatched,0.0,0.0,,,
224WB 8me LLC,unmatched,0.0,0.0,,,
225DD 8me LLC,unmatched,0.0,0.0,,,
231RC 8me LLC,unmatched,0.0,0.0,,,
26SB 8me LLC,unmatched,0.0,0.0,,,
300MS 8me LLC,unmatched,0.0,0.0,,,
302PN 8me LLC,unmatched,0.0,0.0,,,
325MK 8me LLC,unmatched,0.0,0.0,,,
326FW 8me LLC,unmatched,0.0,0.0,,,
33UI 8me LLC,unmatched,0.0,0.0,,,
"41MB 8me, LLC",unmatched,0.0,0.0,,,
45MG 8me LLC,unmatched,0.0,0.0,,,
50LW 8me LLC,unmatched,0.0,0.0,,,
64KT 8me LLC,unmatched,0.0,0.0,,,
68SF 8me LLC,unmatched,0.0,0.0,,,
69SV 8me LLC,unmatched,0.0,0.0,,,
"7V Solar Ranch, LLC",matched,0.5,0.0,"P2 Solar, Inc.",PTOS,1172069
"7X Energy, Inc.",ambiguous,1.0,1.0,CN ENERGY GROUP. INC.,,
"90FI 8me, LLC",unmatched,0.0,0.0,,,
91MC 8me LLC,unmatched,0.0,0.0,,,
"92JT 8me, LLC",unmatched,0.0,0.0,,,
"97WI 8ME, LLC",unmatched,0.0,0.0,,,
"99MT 8me, LLC",unmatched,0.0,0.0,,,
AC Power 2 LLC,ambiguous,1.0,1.0,E-Power Inc.,,
AES Distributed Energy,unmatched,0.3333333333333333,0.0,,,
"AES LAWAI SOLAR, LLC",unmatched,0.3333333333333333,0.0,,,
"AP Solar 2, LLC",matched,1.0,0.0,"P2 Solar, Inc.",PTOS,1172069
ASA Clayton NY Solar I LLC,unmatched,0.0,0.0,,,
ASA DeKalb NY Solar I LLC,unmatched,0.0,0.0,,,
ASA DeKalb NY Solar II LLC,unmatched,0.0,0.0,,,
ASA DeKalb NY Solar III LLC,unmatched,0.0,0.0,,,
ASA Gouverneur NY Solar I LLC,unmatched,0.0,0.0,,,
ASA Gouverneur NY Solar II LLC,unmatched,0.0,0.0,,,
ASA Volney NY Solar I LLC,unmatched,0.0,0.0,,,
ASD Cotuit MA Solar LLC,unmatched,0.0,0.0,,,
ASD Three Rivers Road MA Solar LLC,unmatched,0.0,0.0,,,
Abundant Solar Power Inc.,unmatched,0.0,0.0,,,
"Acciona Energy USA Global, LLC",unmatched,0.0,0.0,,,
Acciona Wind Energy USA LLC,unmatched,0.0,0.0,,,
Acorn I Energy Storage LLC,matched,0.6666666666666666,0.0,"ACORN ENERGY, INC.",ACFN,880984
"Adams Solar, LLC",unmatched,0.0,0.0,,,
"Adapture Renewables, Inc.",unmatched,0.0,0.0,,,
"Advanced Solar Power Holdings, Inc",unmatched,0.0,0.0,,,
Aero Haven Solar LLC,unmatched,0.0,0.0,,,
"Agilitas Energy, LLC",unmatched,0.0,0.0,,,
"Agilon Energy Holdings II, LLC",unmatched,0.0,0.0,,,
Agilon Energy LLC,unmatched,0.0,0.0,,,
"Aiya Solar CEI, LLC",unmatched,0.0,0.0,,,
Aksamit Energy Development,unmatched,0.0,0.0,,,
Aksamit Resource Management,unmatched,0.0,0.0,,,
Alchemy Renewable Energy,unmatched,0.0,0.0,,,
Algonquin Power Co,unmatched,0.0,0.0,,,
Allete Clean Energy,unmatched,0.0,0.0,,,
Alpine Pacific Utilities Hydro,unmatched,0.0,0.0,,,
"Alta Farms II Wind Project, LLC",unmatched,0.0,0.0,,,
"Alternative Power Development Northwest, LLC",unmatched,0.0,0.0,,,
"Altus Power America Management, LLC",unmatched,0.0,0.0,,,
Amadeus Wind LLC,unmatched,0.0,0.0,,,
Amazon,unmatched,0.0,0.0,,,
Ameren Missouri,matched,0.5,0.0,AMEREN CORP,AEE,1002910
Ameresco Federal Solutions,unmatched,0.3333333333333333,0.0,,,
"Ameresco, Inc - Candlewood",matched,0.5,0.0,"Ameresco, Inc.",AMRC,1488139
"American Falls Solar II, LLC",unmatched,0.0,0.0,,,
American Falls Solar LLC,unmatched,0.0,0.0,,,
"American Mun Power-Ohio, Inc",unmatched,0.0,0.0,,,
American Wind Energy Management Corp.,unmatched,0.0,0.0,,,
"Amity Energy, LLC",unmatched,0.0,0.0,,,
Anchor Energy LLC,unmatched,0.0,0.0,,,
"Angel Fire Energy Facility, LLC",unmatched,0.0,0.0,,,
Antares Group Inc,unmatched,0.0,0.0,,,
"Antelope DSR 3, LLC",unmatched,0.0,0.0,,,
"Antelope Expansion 1B, LLC",unmatched,0.0,0.0,,,
"Antelope Expansion 2, LLC",unmatched,0.0,0.0,,,
"Antelope Expansion 3A, LLC",unmatched,0.0,0.0,,,
"Antelope Expansion 3B, LLC",unmatched,0.0,0.0,,,
Antrim Wind Energy LLC,unmatched,0.0,0.0,,,
Apex Bethel Energy Center,unmatched,0.0,0.0,,,
"Apple Grove Solar, LLC",unmatched,0.3333333333333333,0.0,,,
"Apple, Inc",matched,1.0,0.0,Apple Inc.,AAPL,320193
Aquamarine Westside LLC,unmatched,0.0,0.0,,,
Arevon Asset Management,unmatched,0.0,0.0,,,
"Arica Solar, LLC",unmatched,0.0,0.0,,,
"Ariel Solar, LLC",unmatched,0.0,0.0,,,
Arizona Public Service Co,unmatched,0.0,0.0,,,
Arlington Energy Center II,unmatched,0.0,0.0,,,
Arlington Valley Solar Energy LLC,unmatched,0.0,0.0,,,
Arrow Canyon Solar LLC,unmatched,0.0,0.0,,,
Arroyo Solar LLC,unmatched,0.0,0.0,,,
Ashley Solar (SC),unmatched,0.0,0.0,,,
Assembly Solar II LLC,unmatched,0.0,0.0,,,
"Assembly Solar III, LLC",unmatched,0.0,0.0,,,
Atlantic Solar,unmatched,0.0,0.0,,,
Avangrid Renewables Inc,unmatched,0.0,0.0,,,
Avangrid Renewables LLC,unmatched,0.0,0.0,,,
"Aviator Wind, LLC",unmatched,0.0,0.0,,,
Axial Basin Solar LLC,unmatched,0.0,0.0,,,
"Ayrshire Holdings, LLC",unmatched,0.0,0.0,,,
"Azimuth 180 Solar Electric, LLC",unmatched,0.0,0.0,,,
"Azure Sky Solar Project, LLC",unmatched,0.0,0.0,,,
"Azure Sky Wind Project, LLC",unmatched,0.0,0.0,,,
B & K Solar,matched,1.0,0.0,"P2 Solar, Inc.",PTOS,1172069
BASF Corporation,unmatched,0.0,0.0,,,
"BCD Project Holdings 1, LLC",unmatched,0.0,0.0,,,
BD Solar 2 LLC,matched,1.0,0.0,"P2 Solar, Inc.",PTOS,1172069
BD Solar Auburn LLC,matched,0.5,0.0,"P2 Solar, Inc.",PTOS,1172069
BD Solar Hancock LLC,matched,0.5,0.0,"P2 Solar, Inc.",PTOS,1172069
BD Solar Hancock North LLC,unmatched,0.3333333333333333,0.0,,,
BD Solar Lewiston Junction LLC,unmatched,0.3333333333333333,0.0,,,
BD Solar Palmyra LLC,matched,0.5,0.0,"P2 Solar, Inc.",PTOS,1172069
"BHE Renewables, LLC",unmatched,0.0,0.0,,,
BMP Wind LLC,unmatched,0.0,0.0,,,
BPL Crown Solar LLC,unmatched,0.0,0.0,,,
BPL Sol Solar LLC,unmatched,0.0,0.0,,,
BQ Energy LLC,ambiguous,1.0,1.0,CN ENERGY GROUP. INC.,,
"BRE NC Solar 2, LLC",unmatched,0.0,0.0,,,
"BRE NC Solar 3, LLC",unmatched,0.0,0.0,,,
"BRE NC Solar 4, LLC",unmatched,0.0,0.0,,,
"BT Cooke Solar, LLC",unmatched,0.0,0.0,,,
"Babbitt Ranch Energy Center, LLC",unmatched,0.0,0.0,,,
"Badger Wind , LLC",unmatched,0.0,0.0,,,
"Bakersfield Fuel Cell 1, LLC",unmatched,0.0,0.0,,,
Bakerstand Solar LLC,unmatched,0.0,0.0,,,
"Balanced Rock Power, LLC",unmatched,0.0,0.0,,,
Bald Mountain Solar LLC,unmatched,0.0,0.0,,,
"Ball Hill Wind Energy, LLC",unmatched,0.25,0.0,,,
"Bani Solar, LLC",unmatched,0.0,0.0,,,
"Barbers Point Solar, LLC",unmatched,0.0,0.0,,,
Baron Winds II,unmatched,0.0,0.0,,,
Basin Electric Power Coop,unmatched,0.0,0.0,,,
Battle Solar,unmatched,0.0,0.0,,,
BayWa r.e. Solar Projects LLC,unmatched,0.0,0.0,,,
Bayles Energy LLC,unmatched,0.0,0.0,,,
"Beam Renewable Energy, LLC",unmatched,0.0,0.0,,,
Bear Branch Solar LLC,unmatched,0.0,0.0,,,
"Bearford Farm, LLC",unmatched,0.0,0.0,,,
Bearkat TE Partnership LLC,unmatched,0.0,0.0,,,
"Beartooth Energy Storage, LLC",unmatched,0.0,0.0,,,
"Beaver Creek Wind I, LLC",unmatched,0.0,0.0,,,
"Beaver Creek Wind II, LLC",unmatched,0.0,0.0,,,
"Beaver Creek Wind III, LLC",unmatched,0.0,0.0,,,
"Beaver Creek Wind IV, LLC",unmatched,0.0,0.0,,,
"Bedington Energy Facility, LLC",unmatched,0.0,0.0,,,
Bell Solar,unmatched,0.0,0.0,,,
Benson Creek,unmatched,0.0,0.0,,,
"Big Beau Solar, LLC",unmatched,0.0,0.0,,,
"Big Blue Wind Farm, LLC (TX)",unmatched,0.0,0.0,,,
Big Fork Solar,unmatched,0.0,0.0,,,
Big Level Wind LLC,unmatched,0.0,0.0,,,
"Biggs Ford Solar Center, LLC",unmatched,0.0,0.0,,,
Bioenergy DevCo,unmatched,0.0,0.0,,,
Biola University,unmatched,0.0,0.0,,,
"Birch Creek Development, LLC",unmatched,0.0,0.0,,,
"Birch Creek Development, LLC (NC)",unmatched,0.0,0.0,,,
Birch Solar,unmatched,0.0,0.0,,,
"Bird Dog Solar, LLC",unmatched,0.0,0.0,,,
Black Creek Renewable Energy LLC,unmatched,0.0,0.0,,,
Black Hills Service Company LLC,matched,0.6666666666666666,0.0,BLACK HILLS CORP /SD/,BKH,1130464
Black Oak Wind Farm LLC,unmatched,0.0,0.0,,,
Black Walnut Energy Storage LLC,unmatched,0.0,0.0,,,
"Blackville Solar Farm, LLC",unmatched,0.0,0.0,,,
"Blackwater Solar, LLC",unmatched,0.0,0.0,,,
"Blazing Star Wind Farm, LLC",unmatched,0.0,0.0,,,
"Blue Jay Solar I, LLC",unmatched,0.0,0.0,,,
Blue Marmot IX LLC,unmatched,0.0,0.0,,,
Blue Marmot V LLC,unmatched,0.0,0.0,,,
Blue Marmot VI LLC,unmatched,0.0,0.0,,,
Blue Marmot VII LLC,unmatched,0.0,0.0,,,
Blue Marmot VIII LLC,unmatched,0.0,0.0,,,
Blue Mountain Power Partners,unmatched,0.0,0.0,,,
"Bluegrove Wind, LLC",unmatched,0.0,0.0,,,
"Bluestone Farm Solar, LLC",unmatched,0.0,0.0,,,
"Bluestone Wind, LLC",unmatched,0.0,0.0,,,
"Blythe Mesa Solar II, LLC",unmatched,0.0,0.0,,,
Boston Medical Center,unmatched,0.0,0.0,,,
"Boswell Wind Project I, LLC",unmatched,0.0,0.0,,,
"Boswell Wind Project II, LLC",unmatched,0.0,0.0,,,
"Boswell Wind Project III, LLC",unmatched,0.0,0.0,,,
"Boswell Wind Project IV, LLC",unmatched,0.0,0.0,,,
Bradley Farm LLC,unmatched,0.0,0.0,,,
Bristol-Myers Squibb Co,ambiguous,1.0,1.0,BRISTOL MYERS SQUIBB CO,,
Broad Mountain Power LLC,unmatched,0.0,0.0,,,
Broad Reach Power,unmatched,0.0,0.0,,,
"Broad River Solar, LLC",unmatched,0.0,0.0,,,
Burke Wind LLC,unmatched,0.0,0.0,,,
"Byers Wind, LLC",unmatched,0.0,0.0,,,
"C4GT, LLC",unmatched,0.0,0.0,,,
"CAA CT Solar One, LLC",unmatched,0.0,0.0,,,
CC Polymers LLC,unmatched,0.0,0.0,,,
"CD Global Solar Holdings, LLC",ambiguous,0.5,0.5,"Global AI, Inc.",,
CD4,unmatched,0.0,0.0,,,
CG Leon County II LLC,unmatched,0.0,0.0,,,
CG Leon County LLC,unmatched,0.0,0.0,,,
CG Wharton County LLC,unmatched,0.0,0.0,,,
"Caden Energix Endless Caverns, LLC",unmatched,0.0,0.0,,,
CalWind Resources Inc,unmatched,0.0,0.0,,,
"Calhoun County Solar Project, LLC",unmatched,0.0,0.0,,,
"California Ethanol Power, LLC",unmatched,0.0,0.0,,,
"California State University, Northridge",unmatched,0.0,0.0,,,
Calpine Corporation,unmatched,0.0,0.0,,,
Calpine Mid-Merit LLC,unmatched,0.0,0.0,,,
Calpine New Jersey Generation LLC,unmatched,0.0,0.0,,,
Calvert Energy LLC,unmatched,0.0,0.0,,,
Cameron Wind 1 LLC,unmatched,0.0,0.0,,,
"Candela Renewables, LLC",unmatched,0.0,0.0,,,
Canton Mountain Wind LLC,unmatched,0.0,0.0,,,
Capital Power Corporation,unmatched,0.0,0.0,,,
"Caprock Solar 2, LLC",unmatched,0.0,0.0,,,
Carlsbad Energy Center,unmatched,0.0,0.0,,,
"Carolina Lily Solar, LLC",unmatched,0.0,0.0,,,
Carolina Solar Energy II LLC,unmatched,0.0,0.0,,,
Carolina Solar Energy LLC,unmatched,0.0,0.0,,,
Cash Creek Generating LLC,unmatched,0.0,0.0,,,
"Castle Solar, LLC",unmatched,0.0,0.0,,,
Castleman Power Development LLC,unmatched,0.0,0.0,,,
"Cedar Creek Wind, LLC",unmatched,0.0,0.0,,,
Cedar Island Solar LLC,unmatched,0.0,0.0,,,
"Central CA Fuel Cell 2, LLC",unmatched,0.0,0.0,,,
Chambers Road Solar LLC,unmatched,0.0,0.0,,,
Chapman Ranch Wind LLC,unmatched,0.0,0.0,,,
Chapman Solar,unmatched,0.0,0.0,,,
Chestnut Solar LLC,unmatched,0.0,0.0,,,
"Chestnut Westside, LLC",unmatched,0.0,0.0,,,
Chickahominy Power LLC,unmatched,0.0,0.0,,,
Chilocco Wind Farm LLC,unmatched,0.0,0.0,,,
"Chiquito Grid, LLC",unmatched,0.0,0.0,,,
"Chuckwalla Solar, LLC",unmatched,0.0,0.0,,,
Citizens Enterprises Corporation,ambiguous,0.5,0.5,CITIZENS HOLDING CO /MS/,,
City of Blooming Prairie - (MN),unmatched,0.3333333333333333,0.0,,,
City of Colorado Springs - (CO),unmatched,0.3333333333333333,0.0,,,
City of Falls City - (NE),matched,0.5,0.0,CITY HOLDING CO,CHCO,726854
City of Holland,matched,0.5,0.0,CITY HOLDING CO,CHCO,726854
City of Lakeland - (FL),matched,0.5,0.0,CITY HOLDING CO,CHCO,726854
City of Lowell - (MI),matched,0.5,0.0,CITY HOLDING CO,CHCO,726854
City of Pasadena - (CA),matched,0.5,0.0,CITY HOLDING CO,CHCO,726854
City of Peabody - (MA),matched,0.5,0.0,CITY HOLDING CO,CHCO,726854
City of Sebewaing - (MI),matched,0.5,0.0,CITY HOLDING CO,CHCO,726854
City of Tipton - (IA),matched,0.5,0.0,CITY HOLDING CO,CHCO,726854
"Clark Canyon Hydro, LLC",unmatched,0.0,0.0,,,
Clark Solar,unmatched,0.0,0.0,,,
"Clean Focus Renewables, Inc.",unmatched,0.0,0.0,,,
"Clean Path Energy Center, LLC",unmatched,0.0,0.0,,,
Clear Creek Power,unmatched,0.0,0.0,,,
"Clear View Solar, LLC",unmatched,0.0,0.0,,,
Cleco Power LLC,unmatched,0.0,0.0,,,
Clipperton Holdings LLC,unmatched,0.0,0.0,,,
"Collard Holdings, LLC",unmatched,0.0,0.0,,,
Colleton Solar,unmatched,0.0,0.0,,,
Collins Farm Solar,unmatched,0.0,0.0,,,
"Concord Blue Eagar, LLC",unmatched,0.0,0.0,,,
ConnectGen Albany County LLC,unmatched,0.0,0.0,,,
ConnectGen Chautauqua County LLC,unmatched,0.0,0.0,,,
ConnectGen Montgomery County LLC,unmatched,0.0,0.0,,,
Connecticut Mun Elec Engy Coop,unmatched,0.0,0.0,,,
Consolidated Edison Co-NY Inc,matched,1.0,0.0,CONSOLIDATED EDISON INC,ED,1047862
Consolidated Edison Development Inc.,matched,0.6666666666666666,0.0,CONSOLIDATED EDISON INC,ED,1047862
Consolidated Edison Solutions Inc,matched,0.6666666666666666,0.0,CONSOLIDATED EDISON INC,ED,1047862
Consumers Energy Co,matched,1.0,0.0,CONSUMERS ENERGY CO,CMS-PB,201533
Contra Costa Generating Station LLC,unmatched,0.0,0.0,,,
Convergent Energy and Power LP,unmatched,0.0,0.0,,,
"Cool Springs Solar, LLC",unmatched,0.0,0.0,,,
Coronado Power Ventures LLC,unmatched,0.0,0.0,,,
Coronal Development Services,unmatched,0.0,0.0,,,
"Cotton Solar, LLC",unmatched,0.0,0.0,,,
Cranberry Point Energy Storage LLC,unmatched,0.0,0.0,,,
"Crawford Renewable Energy, LLC",unmatched,0.3333333333333333,0.3333333333333333,,,
Cricket Valley Energy Center LLC,unmatched,0.0,0.0,,,
Croda Inc.,unmatched,0.0,0.0,,,
Crossroads Solar,unmatched,0.0,0.0,,,
"Crossroads Solar, LLC",unmatched,0.0,0.0,,,
Culpepper Solar,unmatched,0.0,0.0,,,
Current Energy Group,unmatched,0.0,0.0,,,
Customized Energy Solutions,unmatched,0.0,0.0,,,
Cypress Creek Renewables,unmatched,0.0,0.0,,,
"DG New York CS, LLC",unmatched,0.0,0.0,,,
DTE Electric Company,unmatched,0.0,0.0,,,
Dadswell Solar,unmatched,0.0,0.0,,,
Daggett Solar Power 2 LLC,unmatched,0.0,0.0,,,
Daggett Solar Power 3 LLC,unmatched,0.0,0.0,,,
"DePue Holdings, LLC",unmatched,0.0,0.0,,,
Deepwater Wind Block Island LLC,unmatched,0.0,0.0,,,
"Delaware River Solar, LLC",unmatched,0.0,0.0,,,
Denmark Solar,unmatched,0.0,0.0,,,
"Depot Solar Center, LLC",unmatched,0.0,0.0,,,
"Deptford Solar One, LLC",unmatched,0.0,0.0,,,
Derby Fuel Cell LLC,unmatched,0.0,0.0,,,
Desert Quartzite LLC,unmatched,0.0,0.0,,,
"Diablo Energy Storage, LLC",unmatched,0.0,0.0,,,
"Discovery Wind, LLC",unmatched,0.0,0.0,,,
Dolores Canyon Solar LLC,unmatched,0.0,0.0,,,
"Dominion Cove Point LNG, LP",unmatched,0.0,0.0,,,
Dominion Energy Inc,matched,1.0,0.0,"DOMINION ENERGY, INC",D,715957
Dominion Energy Inc.,matched,1.0,0.0,"DOMINION ENERGY, INC",D,715957
Dominion Renewable Energy,matched,0.6666666666666666,0.0,"DOMINION ENERGY, INC",D,715957
Drew Solar LLC,unmatched,0.0,0.0,,,
"Duke Energy Carolinas, LLC",ambiguous,0.6666666666666666,0.6666666666666666,Duke Energy CORP,,
"Duke Energy Florida, LLC",ambiguous,0.6666666666666666,0.6666666666666666,Duke Energy CORP,,
"Duke Energy Indiana, LLC",ambiguous,0.6666666666666666,0.6666666666666666,Duke Energy CORP,,
Duke Energy Kentucky Inc,ambiguous,0.6666666666666666,0.6666666666666666,Duke Energy CORP,,
Duke Energy Progress - (NC),ambiguous,0.6666666666666666,0.6666666666666666,Duke Energy CORP,,
Durbin Creek,unmatched,0.0,0.0,,,
"Dynegy Oakland, LLC",unmatched,0.0,0.0,,,
E ON Climate Renewables N America LLC,unmatched,0.0,0.0,,,
E&E Enterprises LLC,unmatched,0.0,0.0,,,
"EDF Renewable Asset Holdings, Inc.",unmatched,0.0,0.0,,,
"EDF Renewables Development, Inc.",unmatched,0.0,0.0,,,
EDP Renewables North America LLC,unmatched,0.0,0.0,,,
EDPR CA Solar Park II LLC,unmatched,0.0,0.0,,,
EDPR CA Solar Park LLC,unmatched,0.0,0.0,,,
EDPR CA Solar Park VI LLC,unmatched,0.0,0.0,,,
ENGIE Storage Services NA LLC,unmatched,0.0,0.0,,,
ESC Brooke County Power I,unmatched,0.0,0.0,,,
ESC Harrison County Power,unmatched,0.0,0.0,,,
ESC Tioga County Power,unmatched,0.0,0.0,,,
ET CAP OR HOLDINGS LLC,unmatched,0.0,0.0,,,
East Blackland Solar Project 1 LLC,unmatched,0.0,0.0,,,
"East Point Energy Center, LLC",unmatched,0.0,0.0,,,
"East Texas Electric Coop, Inc",unmatched,0.0,0.0,,,
"East Windsor Solar Two, LLC",unmatched,0.0,0.0,,,
Easton CSG 1 LLC,unmatched,0.0,0.0,,,
"Ecoplexus, Inc",unmatched,0.0,0.0,,,
Ecos Energy LLC,unmatched,0.0,0.0,,,
Edenton Solar,unmatched,0.0,0.0,,,
El Paso Electric Co,unmatched,0.0,0.0,,,
"El Sauz Ranch Wind, LLC",unmatched,0.0,0.0,,,
"Elektron Solar, LLC",unmatched,0.0,0.0,,,
"Ellington Solar One, LLC",unmatched,0.0,0.0,,,
Elora Solar,unmatched,0.0,0.0,,,
"Emerald Hills Holding I, LLC",unmatched,0.0,0.0,,,
"Emerick Wind, LLC",unmatched,0.0,0.0,,,
"Emery Meadow Solar Station, LLC",unmatched,0.0,0.0,,,
"Enel Green Power NA, Inc.",unmatched,0.0,0.0,,,
"Enel Green Power Roseland Solar, LLC",unmatched,0.0,0.0,,,
"Energix Nokesville, LLC",unmatched,0.0,0.0,,,
"Energy Resources USA, Inc.",unmatched,0.3333333333333333,0.3333333333333333,,,
"Enerparc CA2, LLC",unmatched,0.0,0.0,,,
Enerparc Inc.,unmatched,0.0,0.0,,,
"Enerparc Solar Development, LLC",unmatched,0.0,0.0,,,
"Enfield Solar One, LLC",unmatched,0.0,0.0,,,
Engie North America,unmatched,0.0,0.0,,,
"Enivromission, Inc",unmatched,0.0,0.0,,,
"Enviromission, Inc",unmatched,0.0,0.0,,,
Eureka North Solar LLC,unmatched,0.0,0.0,,,
Eureka South Solar LLC,unmatched,0.0,0.0,,,
Everpower Wind Holdings Inc,unmatched,0.0,0.0,,,
Eversource,unmatched,0.0,0.0,,,
Exelon Power,matched,0.5,0.0,EXELON CORP,EXC,1109357
Exus North America Management Partners LLC,unmatched,0.0,0.0,,,
"FDS Coke Plant, LLC",unmatched,0.0,0.0,,,
"FGE Goodnight, LLC",unmatched,0.0,0.0,,,
FGE Texas I LLC,unmatched,0.0,0.0,,,
FGE Texas II LLC,unmatched,0.0,0.0,,,
Fairfield Solar,unmatched,0.0,0.0,,,
First Solar Asset Management,matched,0.5,0.0,"FIRST SOLAR, INC.",FSLR,1274494
First Solar Project Development,matched,0.5,0.0,"FIRST SOLAR, INC.",FSLR,1274494
"First Wind O&M, LLC",unmatched,0.0,0.0,,,
Fishwater Solar,unmatched,0.0,0.0,,,
Five Forks Solar,unmatched,0.0,0.0,,,
Flat Water Wind Farm LLC,unmatched,0.0,0.0,,,
Flathead Electric Coop Inc,unmatched,0.0,0.0,,,
"Flint Hills Resources Pine Bend, LLC",unmatched,0.0,0.0,,,
Florey Knob LLC,unmatched,0.0,0.0,,,
Florida Power & Light Co,unmatched,0.0,0.0,,,
Fluvanna Wind Energy 2 LLC,unmatched,0.0,0.0,,,
Fluvanna Wind Energy LLC,unmatched,0.0,0.0,,,
"Forefront Power, LLC",unmatched,0.0,0.0,,,
Foreman Solar,unmatched,0.0,0.0,,,
Formosa Plastics Corp,unmatched,0.0,0.0,,,
"Foundation CA Fund IX Manager, LLC",unmatched,0.0,0.0,,,
Foundation CA Fund X Manager LLC,unmatched,0.0,0.0,,,
"Four Brothers 2, LLC",unmatched,0.0,0.0,,,
"Foxtail Wind, LLC",unmatched,0.0,0.0,,,
Franklinton Solar LLC,unmatched,0.0,0.0,,,
Freepoint Commodities LLC,unmatched,0.0,0.0,,,
Freepoint Solar LLC,unmatched,0.0,0.0,,,
Freeport LNG Development L.P,unmatched,0.0,0.0,,,
Fremont Farm LLC,unmatched,0.0,0.0,,,
Friant Power Authority,unmatched,0.0,0.0,,,
"Friendswood Energy Genco, LLC",unmatched,0.0,0.0,,,
"Friesian Holdings, LLC",unmatched,0.0,0.0,,,
"Frontier Windpower II, LLC",matched,0.5,0.0,"Frontier Group Holdings, Inc.",ULCC,1670076
"Fusion Solar Centre, L.L.C",unmatched,0.0,0.0,,,
Future Power PA,unmatched,0.0,0.0,,,
GA Solar 4,matched,1.0,0.0,"P2 Solar, Inc.",PTOS,1172069
"GASNA 6P, LLC",unmatched,0.0,0.0,,,
GEB Solar,unmatched,0.0,0.0,,,
"GRP Franklin Renewable Energy Facility, LLC",unmatched,0.0,0.0,,,
"GRP Madison Renewable Energy Facility, LLC",unmatched,0.0,0.0,,,
GSRP,unmatched,0.0,0.0,,,
Gaelectric LLC,unmatched,0.0,0.0,,,
Gaines Solar,unmatched,0.0,0.0,,,
Gallegos Wind Farm LLC,unmatched,0.0,0.0,,,
"Gamble Solar, LLC",unmatched,0.0,0.0,,,
"Garcitas Creek Solar, LLC",unmatched,0.0,0.0,,,
Gedosch Solar II,unmatched,0.0,0.0,,,
Gemini Solar,unmatched,0.0,0.0,,,
Generate Capital,unmatched,0.0,0.0,,,
Georgia Power Co,matched,1.0,0.0,GEORGIA POWER CO,GPJA,41091
Georgia-Pacific Brewton LLC,unmatched,0.0,0.0,,,
Geronimo Energy,unmatched,0.0,0.0,,,
"Gichi Noodin Wind Farm, LLC",unmatched,0.0,0.0,,,
"Giffen Solar Park, LLC",unmatched,0.0,0.0,,,
Gila Bend Power Partners LLC,unmatched,0.0,0.0,,,
"Glover Creek Solar, LLC",unmatched,0.0,0.0,,,
Gloversville Community Solar LLC,unmatched,0.0,0.0,,,
Goldman Sachs Renewable Power Group,ambiguous,0.5,0.5,GOLDMAN SACHS GROUP INC,,
"Granby Solar, LLC",unmatched,0.0,0.0,,,
Grand River Dam Authority,unmatched,0.0,0.0,,,
"Grand View PV Solar Two, LLC",unmatched,0.0,0.0,,,
Great Bay Solar I LLC,unmatched,0.3333333333333333,0.0,,,
Great River Energy,unmatched,0.3333333333333333,0.0,,,
"Great River Hydro, LLC",unmatched,0.3333333333333333,0.0,,,
"Green Beanworks B, LLC",unmatched,0.0,0.0,,,
Green Power Energy LLC,unmatched,0.0,0.0,,,
"Green River Wind Farm, LLC",unmatched,0.0,0.0,,,
Greenbacker Renewable Energy Corporation,unmatched,0.0,0.0,,,
Greens Corners Solar,unmatched,0.0,0.0,,,
"Griffin Trail Wind, LLC",unmatched,0.0,0.0,,,
"Groton Station Fuel Cell, LLC",unmatched,0.0,0.0,,,
Guernsey Power Station LLC,unmatched,0.0,0.0,,,
"Gunsight Solar, LLC",unmatched,0.0,0.0,,,
"HEN Infrastructure, L.L.C.",unmatched,0.0,0.0,,,
HXNAir Solar One LLC,unmatched,0.0,0.0,,,
"Hadley 3 Solar, LLC (North)",unmatched,0.0,0.0,,,
"Haida Energy, Inc.",unmatched,0.0,0.0,,,
Hale Kuawehi Solar LLC,unmatched,0.0,0.0,,,
Hale Wind Energy,unmatched,0.0,0.0,,,
"Hales Mills Solar, LLC",unmatched,0.0,0.0,,,
Halifax Solar LLC,unmatched,0.0,0.0,,,
"Halyard Energy Henderson, LLC",unmatched,0.0,0.0,,,
"Halyard Energy Wharton, LLC",unmatched,0.0,0.0,,,
Hanwha Q CELLS USA,unmatched,0.0,0.0,,,
Harrison Power LLC,unmatched,0.0,0.0,,,
Hartford Steam Co,unmatched,0.0,0.0,,,
Harvest Ridge Wind Farm,unmatched,0.0,0.0,,,
Hawaiian Electric Co Inc,unmatched,0.0,0.0,,,
"Hawtree Creek Farm Solar, LLC",unmatched,0.0,0.0,,,
Haymaker Energy Project LLC,unmatched,0.0,0.0,,,
Hecate Energy Albany 1 LLC,unmatched,0.0,0.0,,,
Hecate Energy Cider Solar LLC,unmatched,0.0,0.0,,,
Hecate Energy Desert Storage 1 LLC,unmatched,0.0,0.0,,,
Hecate Energy Frye Solar LLC,unmatched,0.0,0.0,,,
Hecate Energy Gedney Hill LLC,unmatched,0.0,0.0,,,
Hecate Energy Harley Hand Solar LLC,unmatched,0.0,0.0,,,
Hecate Energy Highland LLC,unmatched,0.0,0.0,,,
Hecate Energy LLC,unmatched,0.0,0.0,,,
"Hecate Energy Ramsey , LLC",unmatched,0.0,0.0,,,
"Hecate Energy Ramsey, LLC",unmatched,0.0,0.0,,,
Hecate Grid Carris Storage 1 LLC,unmatched,0.0,0.0,,,
Hecate Grid Clermont 1 LLC,unmatched,0.0,0.0,,,
Hecate Grid Humidor Storage 1 LLC,unmatched,0.0,0.0,,,
Hecate Grid Swiftsure LLC,unmatched,0.0,0.0,,,
"Heelstone Energy Holdings, LLC",unmatched,0.0,0.0,,,
"Helix Ravenswood, LLC",unmatched,0.0,0.0,,,
Hexagon Energy,unmatched,0.0,0.0,,,
Hickory Grove #1 LLC,unmatched,0.0,0.0,,,
Hickory Grove #2,unmatched,0.0,0.0,,,
"High Bridge Wind, LLC",unmatched,0.0,0.0,,,
"High Lonesome Wind Power, LLC",unmatched,0.0,0.0,,,
"High River Energy Center, LLC",unmatched,0.0,0.0,,,
"Highbanks Solar, LLC",unmatched,0.0,0.0,,,
Highlander Solar Station 1 LLC,unmatched,0.0,0.0,,,
"Hillcrest Solar I, LLC",unmatched,0.0,0.0,,,
Ho'Ohana Solar 1 LLC,unmatched,0.0,0.0,,,
"Hobnail Solar, LLC",unmatched,0.0,0.0,,,
Holliday Solar I,unmatched,0.0,0.0,,,
Homer Electric Assn Inc,unmatched,0.0,0.0,,,
"Homestead Energy Storage, LLC",unmatched,0.0,0.0,,,
"Hoosier Energy R E C, Inc",unmatched,0.0,0.0,,,
Hop Bottom Energy LLC,unmatched,0.0,0.0,,,
"Hope Solar One, LLC",unmatched,0.0,0.0,,,
"Horizon Hill Wind, LLC",unmatched,0.0,0.0,,,
Hornet Solar LLC,unmatched,0.0,0.0,,,
"Horseshoe Solar, LLC",unmatched,0.0,0.0,,,
"Horus Louisiana 1, LLC",unmatched,0.0,0.0,,,
House Mountain,unmatched,0.0,0.0,,,
"Howardtown Farm, LLC",unmatched,0.0,0.0,,,
"Hu Honua Bioenergy, LLC",unmatched,0.0,0.0,,,
Hunter Solar LLC,unmatched,0.0,0.0,,,
"Hunter Solar, LLC",unmatched,0.0,0.0,,,
Hunters Cove Solar LLC,unmatched,0.0,0.0,,,
Hydro Green Energy,unmatched,0.0,0.0,,,
INEOS USA LLC,unmatched,0.0,0.0,,,
"IP Lumina II, LLC",unmatched,0.0,0.0,,,
"IP Lumina, LLC",unmatched,0.0,0.0,,,
"IP Radian, LLC",matched,1.0,0.0,RADIAN GROUP INC,RDN,890926
Idemitsu Renewables,unmatched,0.0,0.0,,,
"Ignacio Grid, LLC",unmatched,0.0,0.0,,,
Illinois Winds LLC,unmatched,0.0,0.0,,,
"Imperial Valley Solar, LLC",unmatched,0.0,0.0,,,
"Indeck Niles, LLC",unmatched,0.0,0.0,,,
Independence Wind Energy LLC,unmatched,0.0,0.0,,,
Indiana Municipal Power Agency,unmatched,0.0,0.0,,,
Indianapolis Power & Light Co,unmatched,0.0,0.0,,,
Indigo Solar,unmatched,0.0,0.0,,,
Ingredion Inc - Stockton,matched,0.5,0.0,Ingredion Inc,INGR,1046257
Innogy Renewables US LLC,unmatched,0.0,0.0,,,
"Innovative Solar 46, LLC",unmatched,0.0,0.0,,,
"Innovative Solar 47, LLC",unmatched,0.0,0.0,,,
"Innovative Solar 54, LLC",unmatched,0.0,0.0,,,
"Innovative Solar 55, LLC",unmatched,0.0,0.0,,,
"Innovative Solar 67, LLC",unmatched,0.0,0.0,,,
Invenergy Services LLC,unmatched,0.0,0.0,,,
Iris Solar LLC,unmatched,0.0,0.0,,,
JPMorgan Chase Bank,ambiguous,0.6666666666666666,0.6666666666666666,JPMORGAN CHASE & CO,,
"JSD Flatwood PV-1, LLC",unmatched,0.0,0.0,,,
"JSD Pinson PV-1, LLC",unmatched,0.0,0.0,,,
JVR Energy Park LLC,unmatched,0.0,0.0,,,
Jackson Solar,unmatched,0.0,0.0,,,
Jefferson Solar,unmatched,0.0,0.0,,,
Jett Creek,unmatched,0.0,0.0,,,
Jordan Hydroelectric LTD PTP,unmatched,0.0,0.0,,,
"Juneau Hydropower, Inc",unmatched,0.0,0.0,,,
Juniper Solar,unmatched,0.0,0.0,,,
"KDC Solar PR1, LLC",unmatched,0.0,0.0,,,
"KSI II Consolidated, LLC",unmatched,0.0,0.0,,,
"Kahana Solar, LLC",unmatched,0.0,0.0,,,
Kalaeloa Solar One LLC,unmatched,0.0,0.0,,,
"Kapolei Energy Storage I, LLC",unmatched,0.0,0.0,,,
"Kawailoa Solar, LLC",unmatched,0.0,0.0,,,
Kearsarge Upper Union LLC,unmatched,0.0,0.0,,,
Kennecott Utah Copper,unmatched,0.0,0.0,,,
Ketchikan Electric Company,unmatched,0.0,0.0,,,
Key Capture Energy,unmatched,0.0,0.0,,,
"LA3 West Baton Rouge, L.L.C.",unmatched,0.0,0.0,,,
Lake Creek 3 Power Company LLC,unmatched,0.0,0.0,,,
Lake Erie Energy Development Corp,unmatched,0.0,0.0,,,
Landfill Energy Systems Florida,unmatched,0.0,0.0,,,
Lansing Board of Water and Light,unmatched,0.0,0.0,,,
"LeGore Bridge Solar Center, LLC",unmatched,0.0,0.0,,,
"Leeward Asset Management, LLC",unmatched,0.0,0.0,,,
Leonardo Wind 1 LLC,unmatched,0.0,0.0,,,
Lexington Chenoa Wind Farm II LLC,unmatched,0.0,0.0,,,
Lexington Chenoa Wind Farm LLC,unmatched,0.0,0.0,,,
"Lightsource Renewable Energy Asset Management, LLC",unmatched,0.0,0.0,,,
Lillington Solar LLC,unmatched,0.0,0.0,,,
"Lily Pond Solar, LLC",unmatched,0.0,0.0,,,
Limestone CSG 1 LLC,unmatched,0.0,0.0,,,
Limestone CSG 2 LLC,unmatched,0.0,0.0,,,
Lincoln Land Energy Center LLC,unmatched,0.0,0.0,,,
"Lincoln Land Wind, LLC",unmatched,0.0,0.0,,,
"Linkville Solar, LLC",unmatched,0.0,0.0,,,
"Listonburg Solar, LLC",unmatched,0.0,0.0,,,
"Live Oak Solar, LLC",unmatched,0.0,0.0,,,
"Lock 12 Hydro Partners, LLC",unmatched,0.0,0.0,,,
Lock 13 Hydro Partners,unmatched,0.0,0.0,,,
"Lock 14 Hydro Partners, LLC",unmatched,0.0,0.0,,,
"Lock+ Hydro Friends Fund XLII, LLC",unmatched,0.0,0.0,,,
Lone Star Solar,unmatched,0.0,0.0,,,
"Long Beach Trigen, LLC",unmatched,0.3333333333333333,0.0,,,
Long Ridge Energy Generation LLC,unmatched,0.25,0.0,,,
Longroad Energy Services LLC,unmatched,0.0,0.0,,,
Los Alamos County,unmatched,0.0,0.0,,,
Los Angeles Department of Water & Power,unmatched,0.0,0.0,,,
"LotusWorks-Summit Ridge I, LLC",unmatched,0.0,0.0,,,
Louisburg Solar LLC,unmatched,0.0,0.0,,,
Luminant Generation Company LLC,unmatched,0.0,0.0,,,
"Luna Storage, LLC",unmatched,0.0,0.0,,,
Luz Solar,unmatched,0.0,0.0,,,
"Lyons Solar, LLC",unmatched,0.0,0.0,,,
"MA CS Dighton, LLC",unmatched,0.0,0.0,,,
MEC North,unmatched,0.0,0.0,,,
MEC South,unmatched,0.0,0.0,,,
MN CSG 2019-17 LLC,unmatched,0.0,0.0,,,
MN CSG 2019-21 LLC,unmatched,0.0,0.0,,,
MN CSG 2019-23 LLC,unmatched,0.0,0.0,,,
MN CSG 2019-41 LLC,unmatched,0.0,0.0,,,
MN CSG 2019-53 LLC,unmatched,0.0,0.0,,,
MN8 Energy LLC,unmatched,0.0,0.0,,,
"MS Solar 3, LLC",matched,1.0,0.0,"P2 Solar, Inc.",PTOS,1172069
"MSB Investors, LLC",unmatched,0.0,0.0,,,
"Madero Grid, LLC",unmatched,0.0,0.0,,,
Madison Energy Holdings LLC,unmatched,0.0,0.0,,,
"Mammoth North, LLC",unmatched,0.0,0.0,,,
Mariah del Este LLC,unmatched,0.0,0.0,,,
Mariah del Sur LLC,unmatched,0.0,0.0,,,
"Maricopa East Solar PV, LLC",unmatched,0.0,0.0,,,
"Maricopa West Solar PV 2, LLC",unmatched,0.0,0.0,,,
Mark Technologies Corp,unmatched,0.0,0.0,,,
Marseilles Land and Water Company,unmatched,0.0,0.0,,,
Marshall Solar,unmatched,0.0,0.0,,,
Marshall Solar Energy Project,unmatched,0.0,0.0,,,
Martin Central Solar,unmatched,0.0,0.0,,,
Martin East Solar,unmatched,0.0,0.0,,,
Martin West Solar,unmatched,0.0,0.0,,,
Martinsdale Wind Farm LLC,unmatched,0.0,0.0,,,
"Maryneal Windpower, LLC",unmatched,0.0,0.0,,,
"Mason Dixon Solar Center, LLC",unmatched,0.0,0.0,,,
Massachusetts Inst of Tech,unmatched,0.0,0.0,,,
Massachusetts Mun Wholes Electric Co,unmatched,0.0,0.0,,,
"Mattawoman Energy, LLC",unmatched,0.0,0.0,,,
"Maverick Solar 6, LLC",unmatched,0.0,0.0,,,
"Maverick Solar 7, LLC",unmatched,0.0,0.0,,,
Mazeppa CSG 1 LLC,unmatched,0.0,0.0,,,
McClain Solar,unmatched,0.0,0.0,,,
McCormick Solar,ambiguous,0.5,0.5,MCCORMICK & CO INC,,
"McLean Homestead, LLC",unmatched,0.0,0.0,,,
Melsam Solar,unmatched,0.0,0.0,,,
Merck & Co Inc,matched,1.0,0.0,"Merck & Co., Inc.",MRK,310158
Merck & Co Inc-West Point,unmatched,0.3333333333333333,0.0,,,
"Meriden Solar One, LLC",unmatched,0.0,0.0,,,
Michelangelo Wind 1 LLC,unmatched,0.0,0.0,,,
Michelangelo Wind 3 LLC,unmatched,0.0,0.0,,,
Michelangelo Wind 4 LLC,unmatched,0.0,0.0,,,
Michigan State University,unmatched,0.0,0.0,,,
Middlesex Energy Center LLC,unmatched,0.0,0.0,,,
Middleton Solar,unmatched,0.0,0.0,,,
Mililani I Solar LLC,unmatched,0.0,0.0,,,
"Millstone Solar One, LLC",unmatched,0.0,0.0,,,
"Minco Wind V, LLC",unmatched,0.0,0.0,,,
"Mockingbird Solar Center, LLC",unmatched,0.0,0.0,,,
"Monroe Moore Farm, LLC",unmatched,0.0,0.0,,,
Montana-Dakota Utilities Co,unmatched,0.0,0.0,,,
"Montevue Lane Solar, LLC",unmatched,0.0,0.0,,,
"Moundsville Power, LLC",unmatched,0.0,0.0,,,
Mount Olive Solar LLC,unmatched,0.0,0.0,,,
"Mt. Home Solar 1, LLC",matched,0.5,0.0,KB HOME,KBH,795266
Mt. Jackson Solar LLC,unmatched,0.0,0.0,,,
"Murphy Flat Power, LLC",unmatched,0.0,0.0,,,
"NET Power, LLC",ambiguous,1.0,1.0,Net Power Inc.,,
NJR Clean Energy Ventures Corporation,unmatched,0.0,0.0,,,
"NTE Carolinas II, LLC",unmatched,0.0,0.0,,,
"NTE Carolinas, LLC",unmatched,0.0,0.0,,,
"NTE Connecticut, LLC",unmatched,0.0,0.0,,,
"NTE Texas, LLC",unmatched,0.0,0.0,,,
"NY Lodi I, LLC",unmatched,0.0,0.0,,,
NYC ENERGY LLC,unmatched,0.0,0.0,,,
NYC Energy LLC,unmatched,0.0,0.0,,,
Na Pua Makani Power Partners LLC,unmatched,0.0,0.0,,,
National Grid Renewables,ambiguous,0.6666666666666666,0.6666666666666666,NATIONAL GRID PLC,,
Naturgy Candela DevCo LLC,unmatched,0.0,0.0,,,
Nautilus Solar Solutions,unmatched,0.0,0.0,,,
Navasota Energy Generation Holdings,unmatched,0.0,0.0,,,
Navisun LLC,unmatched,0.0,0.0,,,
"Neches Station, LLC",unmatched,0.0,0.0,,,
Neighborhood Power Corp.,unmatched,0.0,0.0,,,
"Neptune Energy Center, LLC",unmatched,0.0,0.0,,,
Nevada Irrigation District,unmatched,0.0,0.0,,,
"New Dimension Energy Company, LLC",unmatched,0.0,0.0,,,
New Market Solar,unmatched,0.0,0.0,,,
New York Methodist Hospital,unmatched,0.0,0.0,,,
New York Power Authority,unmatched,0.0,0.0,,,
New York University,unmatched,0.0,0.0,,,
Nextera Energy Resources,ambiguous,0.6666666666666666,0.6666666666666666,NEXTERA ENERGY INC,,
"Nighthawk Energy Storage, LLC",unmatched,0.0,0.0,,,
Niles Valley Energy LLC,unmatched,0.0,0.0,,,
"Noble Energy Systems, Inc.",unmatched,0.3333333333333333,0.3333333333333333,,,
"Nolin Hills Wind, LLC",unmatched,0.0,0.0,,,
Noria Hondo Solar LLC,unmatched,0.0,0.0,,,
North 301 Solar,unmatched,0.0,0.0,,,
North Carolina El Member Corp,unmatched,0.0,0.0,,,
"North Haven Solar One, LLC",unmatched,0.0,0.0,,,
North Slope LLC,unmatched,0.0,0.0,,,
"North Smithfield Solar Power 1, LLC",unmatched,0.0,0.0,,,
North Star Solar PV LLC,unmatched,0.0,0.0,,,
North Valley,unmatched,0.0,0.0,,,
Northern States Power Co - Minnesota,unmatched,0.0,0.0,,,
Novel Benedix Solar LLC,unmatched,0.0,0.0,,,
Novel Blilie Solar LLC,unmatched,0.0,0.0,,,
"Novel Blilie Solar, LLC",unmatched,0.0,0.0,,,
Novel Bo Hu 1 Solar LLC,unmatched,0.0,0.0,,,
Novel Brock Solar LLC,unmatched,0.0,0.0,,,
"Novel Caroline Solar, LLC",unmatched,0.0,0.0,,,
Novel Debra Solar LLC,unmatched,0.0,0.0,,,
Novel Froehle Solar LLC,unmatched,0.0,0.0,,,
Novel Martens Solar LLC,unmatched,0.0,0.0,,,
Novel Milbradt Solar LLC,unmatched,0.0,0.0,,,
Novel Peter Solar LLC,unmatched,0.0,0.0,,,
Novel Schroeder Solar LLC,unmatched,0.0,0.0,,,
Novel Shelly Solar LLC,unmatched,0.0,0.0,,,
Novel Swenson Solar LLC,unmatched,0.0,0.0,,,
Novel Wayne Solar LLC,unmatched,0.0,0.0,,,
Novel Winegar Partnership Solar,unmatched,0.0,0.0,,,
NuGen Capital Management,unmatched,0.0,0.0,,,
Number Nine Wind Farm LLC,unmatched,0.0,0.0,,,
"O2energies, Inc.",unmatched,0.0,0.0,,,
OCI Solar Power,unmatched,0.0,0.0,,,
OE_ALC,unmatched,0.0,0.0,,,
OE_ALD,unmatched,0.0,0.0,,,
OE_MS5,unmatched,0.0,0.0,,,
Obsidian Solar Center LLC,unmatched,0.0,0.0,,,
"Old 300 Solar Center, LLC",unmatched,0.0,0.0,,,
Old Dominion Electric Coop,unmatched,0.0,0.0,,,
Omaha Public Power District,unmatched,0.0,0.0,,,
Optimum Wind 3 LLC,unmatched,0.0,0.0,,,
Optimum Wind 4 LLC,unmatched,0.0,0.0,,,
Optimum Wind 5 LLC,unmatched,0.0,0.0,,,
Optimum Wind 6 LLC,unmatched,0.0,0.0,,,
Optimum Wind 7 LLC,unmatched,0.0,0.0,,,
"Orchard Ranch Solar, LLC",unmatched,0.0,0.0,,,
"Orchard Windfarm, LLC",unmatched,0.0,0.0,,,
"Organic Energy Solutions, Inc.",unmatched,0.0,0.0,,,
Oriana Solar LLC,unmatched,0.0,0.0,,,
"Origis Energy USA, Inc",unmatched,0.0,0.0,,,
Orsted Onshore North America,unmatched,0.0,0.0,,,
"Ortega Grid, LLC",unmatched,0.0,0.0,,,
Otter Tail Power Co,matched,0.6666666666666666,0.0,Otter Tail Corp,OTTR,1466593
Oxbow Creek Energy LLC,unmatched,0.0,0.0,,,
PUD 1 of Snohomish County,unmatched,0.0,0.0,,,
PUD No 2 of Grant County,unmatched,0.0,0.0,,,
PacifiCorp,unmatched,0.0,0.0,,,
Pacific Gas & Electric Co.,unmatched,0.0,0.0,,,
Paeahu Solar LLC,unmatched,0.0,0.0,,,
"Painter Energy Storage, LLC",unmatched,0.0,0.0,,,
Palmer Renewable Energy,unmatched,0.0,0.0,,,
"Palomino Solar, LLC",unmatched,0.0,0.0,,,
"Panther Grove Wind, LLC",unmatched,0.0,0.0,,,
"Partin Solar, LLC",unmatched,0.0,0.0,,,
Pattern Operators LP,matched,0.5,0.0,Pattern Group Inc.,PTRN,1811935
Pecan Solar LLC,unmatched,0.0,0.0,,,
Pee Dee Solar I,unmatched,0.0,0.0,,,
Pee Dee Solar II,unmatched,0.0,0.0,,,
"Peeler Solar, LLC",unmatched,0.0,0.0,,,
"Pegasus Wind, LLC",unmatched,0.0,0.0,,,
Penn State University,unmatched,0.0,0.0,,,
"Perendale Holdings, LLC",unmatched,0.0,0.0,,,
Perennial-Wind Chaser LLC,unmatched,0.0,0.0,,,
Perquimans Solar LLC,unmatched,0.0,0.0,,,
Pettinos Solar LLC,unmatched,0.0,0.0,,,
Phare Garden LLC,unmatched,0.0,0.0,,,
Phoenix Energy,unmatched,0.0,0.0,,,
Pine Gate Renewables,unmatched,0.0,0.0,,,
"Pine Valley Solar, LLC",unmatched,0.0,0.0,,,
"Piney Creek, LLC",unmatched,0.0,0.0,,,
"Placid Solar, LLC",unmatched,0.0,0.0,,,
Pleinmont Solar 1 LLC,unmatched,0.0,0.0,,,
Pleinmont Solar 2 LLC,unmatched,0.0,0.0,,,
"Plott Hound Solar, LLC",unmatched,0.0,0.0,,,
Plum Creek Wind Farm LLC,unmatched,0.0,0.0,,,
Pollocksville Solar LLC,unmatched,0.0,0.0,,,
Popular Camp Wind Farm LLC,unmatched,0.25,0.25,,,
Portland General Electric Co,matched,1.0,0.0,PORTLAND GENERAL ELECTRIC CO /OR/,POR,784977
Power Company of Wyoming LLC,ambiguous,0.5,0.5,E-Power Inc.,,
Power Solar,ambiguous,0.5,0.5,E-Power Inc.,,
Power4Georgians LLC,unmatched,0.0,0.0,,,
Prairie Solar LLC,unmatched,0.0,0.0,,,
"Prevailing Wind Park, LLC",unmatched,0.0,0.0,,,
Prospector,unmatched,0.0,0.0,,,
Pruger Solar I,unmatched,0.0,0.0,,,
Pruger Solar II,unmatched,0.0,0.0,,,
Pruger Solar III,unmatched,0.0,0.0,,,
Public Service Co of Colorado,unmatched,0.0,0.0,,,
Pure Hedge LLC,unmatched,0.0,0.0,,,
"Putnam Meadow Solar Station, LLC",unmatched,0.0,0.0,,,
"Quail Holdings, LLC",unmatched,0.0,0.0,,,
Quest Solar,unmatched,0.0,0.0,,,
RC Cape May Holdings LLC,unmatched,0.0,0.0,,,
RE Astoria 2 LLC,unmatched,0.0,0.0,,,
RE Astoria LLC,unmatched,0.0,0.0,,,
RE Bravepost LLC,unmatched,0.0,0.0,,,
RE Gaskell West LLC,unmatched,0.0,0.0,,,
RE Maplewood LLC,unmatched,0.0,0.0,,,
RE Mustang Two LLC,unmatched,0.0,0.0,,,
RE Tranquillity 8 LLC,unmatched,0.0,0.0,,,
"REA Investments, LLC",unmatched,0.0,0.0,,,
"RPCA Storage 1, LLC",unmatched,0.0,0.0,,,
"RPNY Solar 3, LLC",unmatched,0.0,0.0,,,
RRE Austin Solar LLC,unmatched,0.0,0.0,,,
RWE Renewables Americas LLC,unmatched,0.0,0.0,,,
"RWE Renewables Americas, LLC",unmatched,0.0,0.0,,,
Rabbit Hill Energy Storage Project,unmatched,0.0,0.0,,,
"Ranchland Wind Project I, LLC",unmatched,0.0,0.0,,,
"Ranchland Wind Project II, LLC",unmatched,0.0,0.0,,,
"Ranchland Wind Storage, LLC",unmatched,0.0,0.0,,,
"Rappahannock Solar, LLC",unmatched,0.0,0.0,,,
"Ray Wilson Solar, LLC",unmatched,0.0,0.0,,,
"Redbud Run Solar, LLC",unmatched,0.0,0.0,,,
Reloj del Sol Wind Farm LLC,unmatched,0.0,0.0,,,
"Renegade Renewables, LLC",unmatched,0.0,0.0,,,
Renewable Energy Ventures LLC,unmatched,0.0,0.0,,,
Renovo Energy Center,unmatched,0.0,0.0,,,
Resurgence Solar,unmatched,0.0,0.0,,,
Rhubarb One LLC,unmatched,0.0,0.0,,,
Richmond Spider Solar LLC,unmatched,0.0,0.0,,,
"Roadrunner Solar, LLC",unmatched,0.0,0.0,,,
Robbins Lumber Inc,unmatched,0.0,0.0,,,
Robinson Power Company LLC,unmatched,0.0,0.0,,,
"Rocket Solar, LLC",unmatched,0.0,0.0,,,
"Rockhaven Wind Project, LLC",unmatched,0.0,0.0,,,
Rockwood Energy Center LLC,unmatched,0.0,0.0,,,
Rolling Upland Wind Farm LLC,unmatched,0.0,0.0,,,
Rollins Solar,matched,0.5,0.0,ROLLINS INC,ROL,84839
"Rooney Ranch, LLC",unmatched,0.0,0.0,,,
"Rosebud Solar, LLC",unmatched,0.0,0.0,,,
Ross Solar,unmatched,0.0,0.0,,,
"Route 66 Energy Center, LLC",unmatched,0.0,0.0,,,
Rowan Solar NC LLC,unmatched,0.0,0.0,,,
RoxWind LLC,unmatched,0.0,0.0,,,
"Roxbury Solar, LLC",unmatched,0.0,0.0,,,
"Royalston Solar One, LLC",unmatched,0.0,0.0,,,
Rutledge Solar,unmatched,0.0,0.0,,,
Rye Development,unmatched,0.0,0.0,,,
"SE Aragorn, LLC",unmatched,0.0,0.0,,,
"SE Athos I, LLC",unmatched,0.0,0.0,,,
"SE Titan, LLC",unmatched,0.0,0.0,,,
"SMS DC CS01B, LLC",unmatched,0.0,0.0,,,
"SR Clay, LLC",unmatched,0.0,0.0,,,
"SR Innovation, LLC",unmatched,0.0,0.0,,,
"SR Litchfield, LLC",unmatched,0.0,0.0,,,
"SR Millington, LLC",unmatched,0.0,0.0,,,
"SR North Stonington, LLC",unmatched,0.0,0.0,,,
"SR Terrell, LLC",unmatched,0.0,0.0,,,
"SUNE BEACON SITE 2, LLC",unmatched,0.0,0.0,,,
"SUNE BEACON SITE 5, LLC",unmatched,0.0,0.0,,,
Sacramento Municipal Util Dist,unmatched,0.0,0.0,,,
"Sage Draw Wind, LLC",unmatched,0.0,0.0,,,
Salinas Valley Solid Waste Authority,unmatched,0.0,0.0,,,
Salt River Project,unmatched,0.0,0.0,,,
"Samoset Solar, LLC",unmatched,0.0,0.0,,,
San Bernardino Valley Mun. Water Dist.,unmatched,0.0,0.0,,,
San Diego County Water Auth,unmatched,0.0,0.0,,,
San Diego Gas & Electric Co,unmatched,0.0,0.0,,,
"San Jacinto Grid, LLC",unmatched,0.0,0.0,,,
San Jose/Santa Clara Water P C,unmatched,0.0,0.0,,,
"Sand Hill A, LLC",unmatched,0.0,0.0,,,
Sandifer Solar,unmatched,0.0,0.0,,,
Sandy Creek Solar LLC,unmatched,0.0,0.0,,,
"Sanford ESS, LLC",unmatched,0.0,0.0,,,
"Santa Paula Energy Storage, LLC",unmatched,0.0,0.0,,,
Saratoga Wind Energy LLC,unmatched,0.0,0.0,,,
Scarlet Solar,unmatched,0.0,0.0,,,
"Scotch Bonnet Solar, LLC",unmatched,0.0,0.0,,,
"Sedberry Farm, LLC",unmatched,0.0,0.0,,,
Seminole Electric Cooperative Inc,unmatched,0.0,0.0,,,
Seventus LLC,unmatched,0.0,0.0,,,
"Shady Hills Energy Center, LLC",unmatched,0.0,0.0,,,
Shell Chemical Appalachia LLC,unmatched,0.3333333333333333,0.3333333333333333,,,
Shem Solar,unmatched,0.0,0.0,,,
Shepherd's Run Solar,unmatched,0.0,0.0,,,
Shining Sun Solar,unmatched,0.0,0.0,,,
"Shorthorn Holdings, LLC",unmatched,0.0,0.0,,,
Shorthorn Solar,unmatched,0.0,0.0,,,
Sigurd Solar LLC,unmatched,0.0,0.0,,,
"Silver Queen Wind Farm, LLC",unmatched,0.0,0.0,,,
Skeleton Creek Energy Center,unmatched,0.0,0.0,,,
"Skipjack Offshore Energy, LLC",unmatched,0.0,0.0,,,
"Skipjack Solar Center, LLC",unmatched,0.0,0.0,,,
"Skylar Resources, LP",unmatched,0.0,0.0,,,
Snoopy Solar,unmatched,0.0,0.0,,,
Soitec Solar Development LLC,unmatched,0.3333333333333333,0.0,,,
SolRiver Capital LLC,unmatched,0.0,0.0,,,
"Solar Carver 1, LLC",matched,0.5,0.0,"P2 Solar, Inc.",PTOS,1172069
"Solar Carver 3, LLC",matched,0.5,0.0,"P2 Solar, Inc.",PTOS,1172069
Solar Proponent LLC,matched,0.5,0.0,"P2 Solar, Inc.",PTOS,1172069
SolarCity Corporation,unmatched,0.0,0.0,,,
"SolarGen of South Carolina, LLC",unmatched,0.0,0.0,,,
"Solariant Capital, LLC",unmatched,0.0,0.0,,,
"Soleil Energy Solutions, LLC",unmatched,0.0,0.0,,,
Soltage LLC,unmatched,0.0,0.0,,,
Soluga Farms IV,unmatched,0.0,0.0,,,
South Carolina Electric&Gas Company,unmatched,0.0,0.0,,,
"South Field Energy, LLC",unmatched,0.0,0.0,,,
"South Portland ESS, LLC",unmatched,0.0,0.0,,,
"South Texas Electric Coop, Inc",unmatched,0.0,0.0,,,
Southard Solar,unmatched,0.0,0.0,,,
Southbridge Recycling and Disposal Park,unmatched,0.0,0.0,,,
"Southeast Renewable Fuels, LLC",unmatched,0.0,0.0,,,
Southern California Edison Co,ambiguous,1.0,1.0,SOUTHERN CALIFORNIA EDISON Co,,
Southern Indiana Gas & Elec Co,unmatched,0.25,0.25,,,
Southern Minnesota Mun P Agny,unmatched,0.25,0.25,,,
Southern Power Co,ambiguous,0.5,0.5,SOUTHERN CO,,
Southwestern Public Service Co,unmatched,0.0,0.0,,,
Soy Solar LLC,unmatched,0.0,0.0,,,
Spanish Peaks Solar LLC,unmatched,0.0,0.0,,,
"Sparta Solar, LLC",unmatched,0.0,0.0,,,
"Speedway Solar NC, LLC",unmatched,0.0,0.0,,,
"Spencer Solar Farm, LLC",unmatched,0.0,0.0,,,
"Spring Hope Solar 3, LLC",unmatched,0.0,0.0,,,
"Spring Valley Farm 2, LLC",unmatched,0.0,0.0,,,
Springfield Project Development LLC,unmatched,0.0,0.0,,,
St Joseph Energy Center LLC,unmatched,0.0,0.0,,,
"St. James Solar, LLC",unmatched,0.0,0.0,,,
Stamey Solar,unmatched,0.0,0.0,,,
Standard Solar,unmatched,0.0,0.0,,,
"Steward Creek Solar, LLC",unmatched,0.0,0.0,,,
"Stony Knoll Solar, LLC",unmatched,0.0,0.0,,,
"Storey Energy Center, LLC",unmatched,0.0,0.0,,,
StraightUp Solar,unmatched,0.0,0.0,,,
"Stratford Solar Center, LLC",unmatched,0.0,0.0,,,
Strauss Wind LLC,unmatched,0.0,0.0,,,
"Sturbridge Road Solar Farm, LLC",unmatched,0.0,0.0,,,
Sugar Creek Wind One LLC,unmatched,0.0,0.0,,,
"Sugar Solar, LLC",unmatched,0.0,0.0,,,
"Summit Ridge Wind Holdings, LLC",unmatched,0.0,0.0,,,
Summit Texas Clean Energy,unmatched,0.0,0.0,,,
SunEast Clay Solar LLC,unmatched,0.0,0.0,,,
SunEast Dog Corners Solar LLC,unmatched,0.0,0.0,,,
SunEast Fairway Solar LLC,unmatched,0.0,0.0,,,
SunEast Flat Hill Solar LLC,unmatched,0.0,0.0,,,
SunEast Grassy Knoll Solar LLC,unmatched,0.0,0.0,,,
SunEast Highview Solar LLC,unmatched,0.0,0.0,,,
SunEast Hills Solar LLC,unmatched,0.0,0.0,,,
SunEast Hilltop Solar LLC,unmatched,0.0,0.0,,,
SunEast Limestone Solar LLC,unmatched,0.0,0.0,,,
SunEast Manchester Solar LLC,unmatched,0.0,0.0,,,
SunEast Skyline Solar LLC,unmatched,0.0,0.0,,,
SunEast Tabletop Solar LLC,unmatched,0.0,0.0,,,
SunEast Valley Solar LLC,unmatched,0.0,0.0,,,
SunEast Watkins Road Solar LLC,unmatched,0.0,0.0,,,
"SunPower Corporation, Systems",ambiguous,0.5,0.5,SunPower Inc.,,
SunShare Management,unmatched,0.0,0.0,,,
"Sunflower County Solar Project, LLC",unmatched,0.0,0.0,,,
Sunflower Wind Project,unmatched,0.0,0.0,,,
Sunlight Partners,unmatched,0.0,0.0,,,
"Sunpin Holdings, LLC",unmatched,0.0,0.0,,,
"Sustainable Hydro, Braddock, LLC",unmatched,0.0,0.0,,,
"Sustainable Power Group, LLC",unmatched,0.0,0.0,,,
"Sweden Solar, LLC",unmatched,0.0,0.0,,,
"Syncarpha Bondsville, LLC",unmatched,0.0,0.0,,,
"Syncarpha Halifax, LLC",unmatched,0.0,0.0,,,
"Syncarpha Leicester, LLC",unmatched,0.0,0.0,,,
"Syncarpha Millbury, LLC",unmatched,0.0,0.0,,,
"Syncarpha Northampton, LLC",unmatched,0.0,0.0,,,
"Syncarpha Northbridge I, LLC",unmatched,0.0,0.0,,,
"Syncarpha Northbridge II, LLC",unmatched,0.0,0.0,,,
"Syncarpha Puddon I, LLC",unmatched,0.0,0.0,,,
"Syncarpha Puddon II, LLC",unmatched,0.0,0.0,,,
"Syncarpha Tewksbury, LLC",unmatched,0.0,0.0,,,
"Syncarpha Westminster, LLC",unmatched,0.0,0.0,,,
TBE Montgomery LLC,unmatched,0.0,0.0,,,
TC Solar RCE LLC,matched,0.5,0.0,"P2 Solar, Inc.",PTOS,1172069
TES Filer City Station LP,unmatched,0.0,0.0,,,
"TG High Prairie Wind, LLC",unmatched,0.0,0.0,,,
TPE King Solar Holdings1 LLC,unmatched,0.0,0.0,,,
"TPE RI WA1, LLC",unmatched,0.0,0.0,,,
"TPE RI WA2, LLC",unmatched,0.0,0.0,,,
TREX US Green Holly LLC,unmatched,0.3333333333333333,0.0,,,
TREX US Red Holly LLC,unmatched,0.3333333333333333,0.0,,,
"TRS Fuel Cell, LLC",unmatched,0.0,0.0,,,
"TUUSSO Energy, LLC",unmatched,0.0,0.0,,,
"Talitha Energy Project, LLC",unmatched,0.0,0.0,,,
Tampa Electric Co,unmatched,0.0,0.0,,,
"Tamworth Holdings, LLC",unmatched,0.0,0.0,,,
"Tanager Holdings, LLC",unmatched,0.0,0.0,,,
"Taos Mesa Energy Facility, LLC",unmatched,0.0,0.0,,,
Tarpon Solar I,unmatched,0.0,0.0,,,
Tedder Solar,unmatched,0.0,0.0,,,
Ten Governors Solar,unmatched,0.3333333333333333,0.0,,,
"Tenaska Nobles 2 Power Partners, LLC",unmatched,0.0,0.0,,,
Tennessee Valley Authority,ambiguous,1.0,1.0,Tennessee Valley Authority,,
Terra-Gen Operating Co LLC,unmatched,0.0,0.0,,,
Terra-Gen Operating Co-Solar,unmatched,0.0,0.0,,,
Terra-Gen Operating Co-Wind,unmatched,0.0,0.0,,,
Terra-Gen Operating Company,unmatched,0.0,0.0,,,
Tesla Inc.,matched,1.0,0.0,"Tesla, Inc.",TSLA,1318605
"Texas A&M, Utilities & Energy Services",unmatched,0.0,0.0,,,
Texas Medical Center Central,unmatched,0.0,0.0,,,
Thermo No 1 BE 01 LLC,unmatched,0.0,0.0,,,
"Thigpen Solar, LLC",unmatched,0.0,0.0,,,
Thomas Solar,unmatched,0.0,0.0,,,
"Three Rivers Solar Power, LLC",unmatched,0.0,0.0,,,
"Thunder Wolf Energy Center, LLC",unmatched,0.0,0.0,,,
Tiburon Holdings,unmatched,0.0,0.0,,,
Tooele Army Depot,unmatched,0.0,0.0,,,
Topaz Solar,unmatched,0.0,0.0,,,
Topsham Meadow Solar Station LLC,unmatched,0.0,0.0,,,
"TotalEnergies Distributed Generation, LLC",unmatched,0.3333333333333333,0.0,,,
"Townsite Solar, LLC",unmatched,0.0,0.0,,,
Tradinghouse Power Company LLC,unmatched,0.0,0.0,,,
Trask East Solar,unmatched,0.0,0.0,,,
"Tres Bahias Solar Power, LLC",unmatched,0.0,0.0,,,
"Tri Global Energy, LLC",unmatched,0.0,0.0,,,
Triple Oak Power LLC,unmatched,0.0,0.0,,,
Trishe Wind Colorado,unmatched,0.0,0.0,,,
Trishe Wind Minnesota,unmatched,0.0,0.0,,,
Trishe Wind Ohio LLC,unmatched,0.0,0.0,,,
Trona Solar III LLC,unmatched,0.0,0.0,,,
Tucson Electric Power Co,unmatched,0.0,0.0,,,
Two Elk Generation Partners LP,unmatched,0.0,0.0,,,
Two Rivers Wind LLC,unmatched,0.0,0.0,,,
Tygart LLC,unmatched,0.0,0.0,,,
U S Power Generating Company LLC,ambiguous,0.5,0.5,E-Power Inc.,,
US Magnesium,unmatched,0.0,0.0,,,
USS Dot Com Solar LLC,unmatched,0.0,0.0,,,
USS Goodrich Solar,unmatched,0.0,0.0,,,
USS Hancock Solar,unmatched,0.0,0.0,,,
USS Kass Solar LLC,unmatched,0.0,0.0,,,
USS Reindeer Solar LLC,unmatched,0.0,0.0,,,
USS Water City Solar LLC,unmatched,0.0,0.0,,,
USS Water Fowl Solar LLC,unmatched,0.0,0.0,,,
USS Water Town Solar LLC,unmatched,0.0,0.0,,,
Ulmer Solar,unmatched,0.0,0.0,,,
United States Solar Corporation,unmatched,0.0,0.0,,,
University of Alaska,unmatched,0.0,0.0,,,
University of Iowa,unmatched,0.0,0.0,,,
University of Notre Dame,unmatched,0.0,0.0,,,
Utah Associated Mun Power Sys,unmatched,0.0,0.0,,,
"VCP, LLC d/b/a Verogy",unmatched,0.0,0.0,,,
"VESI Upton County BESS, LLC",unmatched,0.0,0.0,,,
"Vacherie Solar Energy Center, LLC",unmatched,0.0,0.0,,,
Valta Energy,unmatched,0.0,0.0,,,
Venus Wind 3 LLC,unmatched,0.0,0.0,,,
Veolia Energy,unmatched,0.0,0.0,,,
Verizon Communications,matched,1.0,0.0,VERIZON COMMUNICATIONS INC,VZ,732712
Vesper Energy Development LLC,unmatched,0.0,0.0,,,
"Victorville Energy Center, LLC",unmatched,0.0,0.0,,,
"Victory Pass I, LLC",unmatched,0.0,0.0,,,
"Vikings Energy Farm, LLC",unmatched,0.0,0.0,,,
Village of Freeport - (NY),unmatched,0.0,0.0,,,
Vineyard Wind 1 LLC,unmatched,0.0,0.0,,,
Vineyard Wind LLC,unmatched,0.0,0.0,,,
Viracocha Wind LLC,unmatched,0.0,0.0,,,
Virginia Electric & Power Co,unmatched,0.0,0.0,,,
"Vista Solar, Inc.",unmatched,0.0,0.0,,,
Vistra Corp,matched,1.0,0.0,Vistra Corp.,VST,1692819
Vistra Zero LLC,matched,0.5,0.0,Vistra Corp.,VST,1692819
"WED Coventry Five, LLC",unmatched,0.0,0.0,,,
WM Renewable Energy LLC,unmatched,0.0,0.0,,,
WSW Solar,unmatched,0.0,0.0,,,
"Waco Solar, LLC",unmatched,0.0,0.0,,,
Waiawa Solar Power LLC,unmatched,0.0,0.0,,,
"Waipio PV, LLC",unmatched,0.0,0.0,,,
Wallace Solar 2 LLC,unmatched,0.0,0.0,,,
"Walmart Stores Texas, LLC",unmatched,0.3333333333333333,0.0,,,
"Warbler Holdings, LLC",unmatched,0.0,0.0,,,
"Warren Meadow Solar Station, LLC",unmatched,0.0,0.0,,,
Washburn Wind Energy LLC,unmatched,0.0,0.0,,,
Washington Parish Engy Ctr 1 LLC,unmatched,0.0,0.0,,,
Washington Parish Engy Ctr LLC,unmatched,0.0,0.0,,,
Washington Solar (SC),unmatched,0.0,0.0,,,
Washington Solar II (SC),unmatched,0.0,0.0,,,
"Washington Solar, LLC",unmatched,0.0,0.0,,,
"Waterbury Solar One, LLC",unmatched,0.0,0.0,,,
"Waverly Solar, LLC",unmatched,0.0,0.0,,,
Wayfair Solar,matched,0.5,0.0,Wayfair Inc.,W,1616707
Weaver Solar,unmatched,0.0,0.0,,,
"Wellhead Energy, LLC",unmatched,0.0,0.0,,,
West Baldwin Solar Station LLC,unmatched,0.0,0.0,,,
West Butte Wind Power LLC,unmatched,0.0,0.0,,,
"West Fork Wind, LLC",unmatched,0.0,0.0,,,
West Liberty Renewables LLC,unmatched,0.0,0.0,,,
"West Memphis Solar, LLC",unmatched,0.0,0.0,,,
"West River Solar, LLC",unmatched,0.0,0.0,,,
West Texas Solar Project II LLC,unmatched,0.0,0.0,,,
Western Minnesota Mun Pwr Agny,unmatched,0.0,0.0,,,
Westlands Almond LLC,unmatched,0.0,0.0,,,
"Westlands Cherry, LLC",unmatched,0.0,0.0,,,
"Westlands Grape, LLC",unmatched,0.0,0.0,,,
"Westlands Solar Blue (OZ) Owner, LLC",unmatched,0.0,0.0,,,
"Westlands Solar Blue, LLC",unmatched,0.0,0.0,,,
"Wheatridge Wind Holdings, LLC",unmatched,0.0,0.0,,,
White Camp Solar LLC,unmatched,0.0,0.0,,,
"White Rock Wind East, LLC",unmatched,0.0,0.0,,,
White Street Renewables LLC,unmatched,0.0,0.0,,,
"Whitehorn Solar, LLC",unmatched,0.0,0.0,,,
Whitetail Solar LLC,unmatched,0.0,0.0,,,
Wildcat Creek Wind Farm LLC,unmatched,0.0,0.0,,,
Wildcat I Energy Storage LLC,unmatched,0.0,0.0,,,
"Wilkes Solar, LLC",unmatched,0.0,0.0,,,
"Williams Solar, LLC",unmatched,0.0,0.0,,,
Willow Spring,unmatched,0.0,0.0,,,
Willow Spring Solar LLC,unmatched,0.0,0.0,,,
Windham Solar LLC,unmatched,0.0,0.0,,,
Wisconsin Electric Power Co,ambiguous,1.0,1.0,WISCONSIN ELECTRIC POWER CO,,
Wisconsin Power & Light Co,unmatched,0.0,0.0,,,
Wister Solar,unmatched,0.0,0.0,,,
"Wolf Pit Branch Solar, LLC",unmatched,0.0,0.0,,,
Wolf Run Energy LLC,unmatched,0.0,0.0,,,
"Wolfskin Solar, LLC",unmatched,0.0,0.0,,,
Wright Solar Park LLC,unmatched,0.0,0.0,,,
"Wright Solar Park, LLC",unmatched,0.0,0.0,,,
Wrighter Energy LLC,unmatched,0.0,0.0,,,
Wysong Solar,unmatched,0.0,0.0,,,
"Yaphank Fuel Cell Park, LLC",unmatched,0.0,0.0,,,
Yellowbud Solar LLC,unmatched,0.0,0.0,,,
Yemassee Solar,unmatched,0.0,0.0,,,
York Solar,unmatched,0.0,0.0,,,
