d,gross,accounts,near,near_gross,share
2025-07-29,3791947253.684332,3257,119,135052724.016346,0.0356
2025-07-30,3525578990.819373,1488,71,19345625.989597,0.0055
2025-07-31,4217753973.216774,1991,193,201639184.164777,0.0478
2025-08-02,3314394924.696107,1573,0,0.0,0.0
2025-08-04,2667472100.616198,2581,75,59175735.892115,0.0222
2025-08-05,1454923198.16148,1912,16,1457566.150954,0.001
2025-08-06,2619979003.1804576,1489,28,12515714.387959998,0.0048
2025-08-07,2336920796.790684,1119,18,21612835.727278,0.0092
2025-08-08,3357046697.261267,2231,50,2012048.086165,0.0006
2025-08-09,1670548236.412423,1219,24,1976129.0336749998,0.0012
2025-08-10,2885030327.873366,1585,91,44079483.214772,0.0153
2025-08-11,3688289504.061834,1918,52,50161066.150326,0.0136
2025-08-12,3539295572.6224947,1586,34,29404084.622438,0.0083
2025-08-13,3059336295.33711,2126,273,118452434.67825699,0.0387
2025-08-14,4901320399.135101,2886,144,59747502.713058,0.0122
2025-08-15,3603997204.658377,2755,5,1871508.57008,0.0005
2025-08-16,3230286040.7663283,1715,21,12919407.309246,0.004
2025-08-17,2464152082.621939,1071,35,10772852.666262,0.0044
2025-08-18,2302468720.524016,1619,98,52013491.42220499,0.0226
2025-08-19,2680822221.6729913,2760,53,55682155.030347,0.0208
2025-08-20,1844503214.226606,1711,46,18208260.407367002,0.0099
2025-08-21,1777921631.270194,1376,66,84785633.230264,0.0477
2025-08-22,2149015515.352889,1195,31,33136318.482353,0.0154
2025-08-23,3862310968.696894,1714,82,40265055.171436004,0.0104
2025-08-24,4337336184.36685,1440,124,368081026.345544,0.0849
2025-08-25,4687236223.967602,3676,174,524976239.018601,0.112
2025-08-26,3459582659.164731,2850,66,146376826.15854502,0.0423
2025-08-27,3360786321.352186,1783,52,37963322.757559,0.0113
2025-08-28,2628930451.424728,1827,117,38605166.131462,0.0147
2025-08-29,2595145493.772543,1863,32,7631683.891509,0.0029
2025-08-30,1863921169.968143,1257,0,0.0,0.0
2025-09-01,2976478164.0532627,2707,51,187061187.53602698,0.0628
2025-09-02,2548053664.192094,1346,8,2880714.0259760004,0.0011
2025-09-03,2004135825.024678,1528,71,41320202.551767,0.0206
2025-09-04,1901832476.885536,1289,28,8036278.333298,0.0042
2025-09-05,3327218890.642408,1331,10,457510.72830200003,0.0001
2025-09-06,1741423032.296308,1214,6,445683.597466,0.0003
2025-09-07,1558144193.98695,1019,17,1701056.344855,0.0011
2025-09-08,1937148450.224354,1406,0,0.0,0.0
2025-09-10,2239416075.495004,1571,23,2162482.714206,0.001
2025-09-11,3766197895.1618657,1503,27,6124400.65739,0.0016
2025-09-12,4087536640.7927637,2723,59,10544320.045971999,0.0026
2025-09-13,3403095727.273837,1618,0,0.0,0.0
2025-09-15,2245552411.833741,1415,11,5381788.88299,0.0024
2025-09-16,1965602912.498624,1288,10,494671.80567100004,0.0003
2025-09-17,2567604182.658983,1490,14,8155111.2544869995,0.0032
2025-09-18,3074917920.508509,2045,0,0.0,0.0
2025-09-20,1891079265.072524,1399,39,22924168.606755,0.0121
2025-09-21,2137028412.203249,1395,119,67321813.279775,0.0315
2025-09-22,4380312364.466346,3625,94,140388242.56879798,0.032
2025-09-23,1950772759.255572,1718,43,9492237.134329999,0.0049
2025-09-24,3842929481.729471,1697,138,260808490.89839202,0.0679
2025-09-25,3129916158.0299053,1552,51,4345814.521511,0.0014
2025-09-26,2717226427.60893,2160,41,4445807.7476160005,0.0016
2025-09-27,2851278219.038767,1242,0,0.0,0.0
2025-09-29,2103083580.480557,1726,73,15166397.669744998,0.0072
2025-09-30,1812169800.10716,1803,93,70210624.356598,0.0387
2025-10-01,1839509479.4083002,1516,42,10114278.919132,0.0055
2025-10-02,2932888537.598989,2391,0,0.0,0.0
2025-10-04,2242774811.174631,1453,35,6800262.708635,0.003
2025-10-05,2270134454.40942,1501,19,645066.280779,0.0003
2025-10-06,3211695595.879563,1979,114,71486189.26139799,0.0223
2025-10-07,2926117149.332295,1645,59,57055650.154784,0.0195
2025-10-08,3217172448.245884,1812,123,40407653.696196,0.0126
2025-10-09,2190415547.024642,1541,571,658090041.504885,0.3004
2025-10-10,2018079930.3490841,1438,81,97111900.825608,0.0481
2025-10-11,2615718115.7118893,2632,102,51016989.195064,0.0195
2025-10-12,2029099968.190005,1697,0,0.0,0.0
2025-10-14,2051313849.884673,1590,78,29435689.206837002,0.0143
2025-10-15,976251903.229498,1276,129,24054515.118448,0.0246
2025-10-16,1528358441.828962,1114,84,22770426.642554,0.0149
2025-10-17,1286060968.764086,1347,8,1188432.2126159999,0.0009
2025-10-18,1605649314.528786,1127,20,15301756.415454,0.0095
2025-10-19,980989643.520026,1037,0,0.0,0.0
2025-10-21,1073274871.548069,1068,56,48865535.181822,0.0455
2025-10-22,1270211656.545143,1777,62,9045562.340304,0.0071
2025-10-23,1352650858.155111,1227,12,2712646.412679,0.002
2025-10-24,1933874192.580201,1413,15,962875.395815,0.0005
2025-12-15,1629223588.385234,1607,65,4834687.644237,0.003
2025-12-16,1527203530.530908,1413,91,10569121.448549999,0.0069
2025-12-17,1303773613.187459,1188,84,16484611.894204004,0.0126
2025-12-18,1317771260.434978,1176,46,2449972.783297,0.0019
2025-12-19,1382814310.143766,1478,24,820710.142579,0.0006
2025-12-20,1318089956.4278061,1126,0,0.0,0.0
2025-12-22,1710323335.654275,1996,70,103839713.162156,0.0607
2025-12-23,1388707827.136411,1189,41,2578525.876369,0.0019
2025-12-24,1200923447.283616,1162,55,6426335.164991,0.0054
2025-12-25,1287154962.575323,1060,24,398667.243015,0.0003
2025-12-26,1480606964.9745638,1422,25,1628170.309968,0.0011
2025-12-27,1163928478.643853,1045,0,0.0,0.0
2025-12-29,1822010987.549324,1946,39,136376290.983044,0.0748
2025-12-30,1637542614.280842,1134,10,97106.425727,0.0001
2025-12-31,1100364098.414333,1171,15,280884.86863,0.0003
2026-01-01,1317379183.158259,1063,30,2922538.317969,0.0022
2026-01-02,1581628045.277657,1373,23,3096186.072504,0.002
2026-01-03,1416602616.8157558,1434,0,0.0,0.0
2026-01-05,1543470531.816251,2257,145,25791513.091511,0.0167
2026-01-06,1748289701.117755,1868,0,0.0,0.0
2026-01-08,2282562201.706378,1251,44,3761832.764937,0.0016
2026-01-09,1746348227.73516,1010,30,5458246.333943,0.0031
2026-01-10,1756644844.637021,1339,0,0.0,0.0
2026-01-12,1924688536.369885,1579,70,6722944.993433,0.0035
2026-01-13,1792200873.965979,1268,0,0.0,0.0
2026-01-15,2725585004.963749,1609,39,33052726.236028,0.0121
2026-01-16,1705122510.203501,1200,7,1109201.636061,0.0007
2026-01-17,1667717748.474539,977,22,1948368.065012,0.0012
2026-01-18,2190738676.941831,1127,0,0.0,0.0
2026-01-20,1316521205.329421,1375,40,86742117.59926699,0.0659
2026-01-21,1546300612.823129,1806,50,9601769.05346,0.0062
2026-01-22,1457373535.900207,1326,25,783250.411011,0.0005
2026-01-23,1488106490.588116,1125,13,1524858.533878,0.001
2026-01-24,947546594.383693,985,22,23536808.323843997,0.0248
2026-01-25,977636659.1468999,910,0,0.0,0.0
2026-01-27,1313669510.800563,1324,41,102635090.09505,0.0781
2026-01-28,1626942928.966304,1659,74,25254534.299401,0.0155
2026-01-29,1448597576.253523,1545,78,14105462.542117001,0.0097
2026-01-30,1532125161.483634,1615,139,48772557.785584,0.0318
2026-01-31,1274832585.085673,1147,46,23745613.872646,0.0186
2026-02-01,1475879783.672957,1842,120,36046205.073472,0.0244
2026-02-02,1314911689.112044,2185,151,14335268.311464,0.0109
2026-02-03,1009080498.1052101,1402,80,39735543.454586,0.0394
2026-02-04,1060217254.0744431,1692,190,46718436.722518,0.0441
2026-02-05,999526302.175437,1503,160,29492261.327862002,0.0295
2026-02-06,1599572082.959983,3943,100,3374274.8934379998,0.0021
2026-02-07,852499104.96126,1922,60,2269074.726296,0.0027
2026-02-08,733555829.657009,1076,56,6189598.382197,0.0084
2026-02-09,603693919.381319,1076,40,3961459.879539,0.0066
2026-02-10,744567922.282387,1220,88,32466759.89026,0.0436
2026-02-11,752906522.951956,1127,39,10543407.106958,0.014
2026-02-12,736423461.657684,1367,36,9244314.56559,0.0126
2026-02-13,872888989.020913,1566,36,2615782.9439830002,0.003
2026-02-14,709610927.941435,1214,57,2578592.169008,0.0036
2026-02-15,742222093.858664,1269,35,1305230.707556,0.0018
2026-02-16,741189716.955621,1421,27,2714574.223425,0.0037
2026-02-17,733758193.446565,1261,0,0.0,0.0
2026-02-19,803407901.204908,1179,30,1962445.373896,0.0024
2026-02-20,804560073.029868,1610,14,602557.839351,0.0007
2026-02-21,523213249.035277,1066,16,2519005.3072,0.0048
2026-02-22,478933806.271815,1198,85,10509777.182736,0.0219
2026-02-23,700040054.129201,2131,63,8621716.570722,0.0123
2026-02-24,770372248.96909,1136,59,4687172.300848,0.0061
2026-02-25,800811145.418237,1141,24,615563.110674,0.0008
2026-02-26,943894288.45699,1876,85,7139584.992292,0.0076
2026-02-27,781599789.343473,1226,75,18042974.398904998,0.0231
2026-02-28,538073222.640198,1175,42,1714511.569262,0.0032
2026-03-01,832726560.383983,1479,70,21229243.212046,0.0255
2026-03-02,853077227.1264141,2097,69,12899239.69473,0.0151
2026-03-03,838841241.8656831,1541,68,3302976.3347529997,0.0039
2026-03-04,763066976.7579969,1487,0,0.0,0.0
2026-03-06,704994266.349024,1023,3,32130.923160000002,0.0
2026-03-07,689067120.450752,1002,24,5682787.273621,0.0082
2026-03-08,552595747.782455,1009,23,1058164.7730110001,0.0019
2026-03-09,850563811.226158,2413,61,1455948.186831,0.0017
2026-03-10,928206248.948699,2212,0,0.0,0.0
2026-03-12,775556865.953576,1264,43,2545085.704371,0.0033
2026-03-13,1229698484.508661,3499,0,0.0,0.0
2026-03-15,860580824.878643,1244,34,1602691.179325,0.0019
2026-03-16,894064490.500749,2083,0,0.0,0.0
2026-03-18,1110978848.702146,1994,54,8524248.270088,0.0077
2026-03-19,967352943.846945,1346,13,1342988.5914069999,0.0014
2026-03-20,966195540.247545,1764,22,1400077.343808,0.0014
2026-03-21,688530177.725497,1084,21,1695603.424943,0.0025
2026-03-22,1081406855.5876899,2591,118,10802838.371364,0.01
2026-03-23,726073893.279456,2129,37,2834360.634255,0.0039
2026-03-24,3164565544.837464,2090,42,12465179.490910001,0.0039
2026-03-25,947699533.020994,2260,52,17389224.367493,0.0183
2026-03-26,777028680.88877,1188,38,1990739.2317909999,0.0026
2026-03-27,854756162.416998,1865,13,5134106.947326,0.006
2026-03-28,807847525.367209,1178,32,2182599.988672,0.0027
2026-03-29,863178314.339407,1055,20,973051.061355,0.0011
2026-03-30,1047791870.45763,2867,66,8954275.687323,0.0085
2026-03-31,776847560.91657,1985,44,848983.812484,0.0011
2026-04-01,760242290.879383,1824,58,7344384.257097,0.0097
2026-04-02,834394278.074283,1506,11,523376.23017399997,0.0006
2026-04-03,655157226.709644,1284,0,0.0,0.0
2026-04-05,687099283.236186,1075,13,4645359.795151,0.0068
2026-04-06,1187709229.34594,2470,100,35930015.954969995,0.0303
2026-04-07,722799270.436889,1552,31,3429322.252421,0.0047
2026-04-08,1189185661.763842,2395,95,20406898.614037998,0.0172
2026-04-09,969603128.31653,2001,32,5067073.834075,0.0052
2026-04-10,901379387.550045,2033,23,66167714.52461399,0.0734
2026-04-11,822497379.090005,1279,25,1609554.78721,0.002
2026-04-12,976519765.033042,1332,0,0.0,0.0
2026-04-14,1282146007.565152,2129,38,5366237.014675001,0.0042
2026-04-15,1052849696.629486,2143,62,6044788.068303,0.0057
2026-04-16,871358910.378943,1502,55,6028907.140352,0.0069
2026-04-17,845168489.083886,1626,0,0.0,0.0
2026-04-19,838359056.77775,1571,13,75293.51403399999,0.0001
2026-04-20,1053258079.225922,1867,32,3355554.441864,0.0032
2026-04-21,925276419.168888,1372,65,4703458.0509,0.0051
2026-04-22,887299575.622828,1651,66,3373333.525653,0.0038
2026-04-23,1118716395.907253,2938,73,571412.725953,0.0005
2026-04-24,889999593.13256,1393,17,295109.97509900003,0.0003
2026-04-25,734086244.165353,1083,5,1389548.814473,0.0019
2026-04-26,641708093.554088,1107,43,7300752.965935001,0.0114
2026-04-27,1211867338.415403,2010,44,3579878.32749,0.003
2026-04-28,882129366.923613,1302,0,0.0,0.0
2026-04-30,976826871.1735921,1974,38,4500273.398182,0.0046
2026-05-01,837052883.8439339,1347,0,0.0,0.0
2026-05-03,781932604.317658,1302,46,2071574.5621970003,0.0026
2026-05-04,1064399753.304899,1943,50,11986553.519266,0.0113
2026-05-05,972835097.071226,1383,50,4900123.940902,0.005
2026-05-06,1375406304.983968,2012,0,0.0,0.0
2026-05-08,1282764894.684578,1534,35,2560305.495001,0.002
2026-05-09,1321924367.28248,1727,0,0.0,0.0
2026-05-11,1443007363.414558,2594,78,14703660.440739,0.0102
2026-05-12,1149746017.0699081,1368,32,4961301.8411880005,0.0043
2026-05-13,958809417.981387,1503,19,476759.794804,0.0005
2026-05-14,1155228782.051062,1450,0,0.0,0.0
2026-05-16,1037553008.106269,1176,22,465825.994164,0.0004
2026-05-17,945512916.643993,1360,24,1018703.292438,0.0011
2026-05-18,1219625944.548992,2615,13,481573.051595,0.0004
2026-05-19,1329506818.614583,2206,41,2369840.389477,0.0018
2026-05-20,996982805.1222811,1794,32,1341089.270265,0.0013
2026-05-21,1653423752.449267,2592,66,3156615.693568,0.0019
2026-05-22,1254261385.795683,2196,60,5804763.475354,0.0046
2026-05-23,1314237829.944926,2339,32,2466153.538301,0.0019
2026-05-24,1151951087.451435,1682,17,413030.38566200004,0.0004
2026-05-25,1030521403.600448,1558,41,1847341.874087,0.0018
2026-05-26,1391425975.087481,3241,0,0.0,0.0
2026-05-28,1032354909.599644,1610,31,2071698.199862,0.002
2026-05-29,1257312498.84294,1838,16,550590.402969,0.0004
2026-05-30,893506808.933457,1476,21,127635.195146,0.0001
2026-05-31,1316873662.460059,1881,0,0.0,0.0
2026-06-02,1355432420.958309,1971,82,8981696.499016,0.0066
2026-06-03,1287295033.270747,3022,308,46207108.692491,0.0359
2026-06-04,1734651059.6452131,3770,409,115676822.58072999,0.0667
2026-06-05,1016866700.4706889,3199,102,4191292.1919139996,0.0041
2026-06-06,1158926093.340983,2393,156,22405367.309894,0.0193
2026-06-07,784118608.001621,1652,0,0.0,0.0
2026-06-09,1250983382.430294,2709,142,19223174.513162002,0.0154
2026-06-10,983046322.119475,2445,67,2633719.931208,0.0027
2026-06-11,1012405676.526628,1759,53,3808154.225495,0.0038
2026-06-12,1053896192.801714,1531,40,350445.16502699995,0.0003
2026-06-13,954043600.936352,1346,38,797699.90791,0.0008
2026-06-14,982821857.1027061,1327,48,611907.646999,0.0006
2026-06-15,1402623751.944156,2269,76,1292939.0445680001,0.0009
2026-06-16,1093056481.084249,1777,0,0.0,0.0
2026-06-18,1100739952.474341,1832,54,1385108.336184,0.0013
2026-06-19,1007515886.603757,1414,32,1351905.70988,0.0013
2026-06-20,1074861026.5966,1789,49,8072967.139409,0.0075
2026-06-21,1014974821.174433,1247,0,0.0,0.0
2026-06-23,1226035415.861712,1560,111,12497733.725957999,0.0102
2026-06-24,900055980.46832,1609,118,35607190.609957,0.0396
2026-06-25,992730243.715114,1749,104,4353383.815737,0.0044
2026-06-26,851143468.652125,1635,41,2423451.03947,0.0028
2026-06-27,716388492.091081,1628,65,2761547.26713,0.0039
2026-06-28,655955884.834067,1210,42,486998.855681,0.0007
2026-06-29,710002479.5074149,2274,167,4073936.534341,0.0057
2026-06-30,1077619325.165809,2343,275,11547020.632067,0.0107
2026-07-01,800123905.786341,1625,80,9466791.361299,0.0118
2026-07-02,1191206131.961286,2352,150,17483989.257133,0.0147
2026-07-03,1167731873.681347,1853,132,1507824.81515,0.0013
2026-07-04,1268240259.710954,1692,44,2277603.14176,0.0018
2026-07-05,1311197010.963198,1724,96,5246763.901509,0.004
2026-07-06,1416229850.416581,2238,47,23912182.074171,0.0169
2026-07-07,1273044614.789156,1789,108,19653018.263011,0.0154
2026-07-08,1283141132.91199,1775,61,2063493.46954,0.0016
2026-07-09,1075196630.4950051,1495,29,1119222.830559,0.001
2026-07-10,974934656.232906,1522,40,1539756.3008949996,0.0016
2026-07-11,908628550.271726,1348,52,1099195.458078,0.0012
2026-07-12,1531853374.765769,2344,120,29259863.361252,0.0191
2026-07-13,1526983079.317214,3221,332,50849806.569024004,0.0333
2026-07-14,1316427352.872735,1970,101,11777775.721794,0.0089
2026-07-15,1256251738.305403,2393,78,7396783.099796999,0.0059
2026-07-16,1370543717.35629,2016,161,43505023.041565,0.0317
2026-07-17,1583816096.093735,2768,132,1124745.136415,0.0007
2026-07-18,1023766530.391091,1349,76,998463.2301839999,0.001
2026-07-19,1285416576.72939,1461,88,2337701.998784,0.0018
2026-07-20,1886143841.177911,2679,95,1760758.930407,0.0009
2026-07-21,1289002569.404706,1891,48,1040041.9539269999,0.0008
2026-07-22,1499482519.129226,1950,95,19256579.003648,0.0128
2026-07-23,1112861730.007638,1550,79,9301384.264673,0.0084
2026-07-24,1378882264.1284611,1921,26,4150119.241886,0.003
2026-07-25,1386612541.739464,1398,42,1646847.532139,0.0012
2026-07-26,1040233197.111571,1403,97,1735127.771776,0.0017
2026-07-27,1618438754.635165,2014,151,3461607.299391,0.0021
2026-07-28,1379724961.5750449,2172,75,4732535.234118,0.0034
2026-07-29,1352789315.876559,2086,63,2622592.039222,0.0019
2026-07-30,890258822.48142,1653,96,10740903.883365,0.0121
2026-07-31,855917431.341464,1548,33,200829.10687299998,0.0002
2026-08-01,787617476.886687,1424,18,823501.748752,0.001
2026-08-02,1009161382.135511,1403,61,3023120.503617,0.003
2026-08-03,980952499.662869,1791,65,30108781.301307,0.0307
2026-08-04,949361269.521517,1798,118,43179398.240747,0.0455
2026-08-05,1230086561.560955,2330,122,31002425.785867,0.0252
2026-08-06,1144057613.580846,1725,35,906680.171767,0.0008
2026-08-07,947826569.82388,1679,21,855470.199858,0.0009
2026-08-08,976002232.338514,1362,38,309371.512797,0.0003
2026-08-09,856764245.35464,1223,27,290687.038162,0.0003
2026-08-10,1099327194.596107,2392,103,6424979.9756579995,0.0058
2026-08-11,794406732.139486,1438,25,1083312.676107,0.0014
2026-08-12,920890037.592386,1588,28,1308990.106499,0.0014
2026-08-13,879491995.597793,1722,36,1248853.4072949998,0.0014
2026-08-14,997969635.7693911,1469,16,306285.900668,0.0003
2026-08-15,985688264.682201,1510,49,3476181.965286,0.0035
2026-08-16,1015401088.3672329,1376,42,297704.14655299997,0.0003
2026-08-17,1081439191.262907,1515,30,3629376.036764,0.0034
2026-08-18,1297902083.452228,1656,0,0.0,0.0
