node,family,representation,source_table,rows,first_observation,last_observation,availability,status
promise:power:planned-capacity-revision,promise,vintage pair,VECTOR_RESEARCH.RAW.EIA860M_GENERATOR_VINTAGES,3387221,2016-01,2026-08,end of the vintage month; table clock: VINTAGE_MONTH; available_at is the point-in-time publication date,"populated; table total, not node-level usable-row count"
promise:power:realized-delivery,promise,operating sheet,VECTOR_RESEARCH.RAW.EIA860M_GENERATOR_VINTAGES,3387221,2016-01,2026-08,end of the vintage month; table clock: VINTAGE_MONTH; available_at is the point-in-time publication date,"populated; table total, not node-level usable-row count"
promise:power:cancellation,promise,cancelled sheet,VECTOR_RESEARCH.RAW.EIA860M_GENERATOR_VINTAGES,3387221,2016-01,2026-08,end of the vintage month; table clock: VINTAGE_MONTH; available_at is the point-in-time publication date,"populated; table total, not node-level usable-row count"
promise:power:interconnection-queue-position,promise,queue listing,public.gqh_source_records,0,,,unknown; audit clock: checked for a matching source series; no matching rows found,blocked; no suitable backing data; audit table has no matching source series
firm:obligation:remaining-performance,firm,xbrl fact,VECTOR_RESEARCH.RAW.SEC_FILING_DOCUMENTS,12903,2016-01-21,2021-04-29,filing acceptance plus a declared processing lag; table clock: FILED_DATE; use ACCEPTANCE_UTC or AVAILABLE_AT for point-in-time availability,"populated; table total, not node-level usable-row count"
firm:obligation:unapproved-change-orders,firm,xbrl fact,VECTOR_RESEARCH.RAW.SEC_FILING_DOCUMENTS,12903,2016-01-21,2021-04-29,filing acceptance plus a declared processing lag; table clock: FILED_DATE; use ACCEPTANCE_UTC or AVAILABLE_AT for point-in-time availability,"thin; table total, not node-level usable-row count"
firm:capex:hyperscaler-commitments,firm,xbrl fact,VECTOR_RESEARCH.RAW.SEC_FILING_DOCUMENTS,12903,2016-01-21,2021-04-29,filing acceptance plus a declared processing lag; table clock: FILED_DATE; use ACCEPTANCE_UTC or AVAILABLE_AT for point-in-time availability,"populated; table total, not node-level usable-row count"
grid:demand:balancing-authority,grid,hourly balance file,public.gqh_source_records,153527,2015-02-03,2026-09-15,"published after the reporting month, so month end plus a declared lag; table clock: heterogeneous EVENT_TIME_TEXT; ISO-date rows span this range, so dates are not exhaustive","populated; table total, not node-level usable-row count"
grid:generation:balancing-authority,grid,hourly balance file,public.gqh_source_records,153527,2015-02-03,2026-09-15,"published after the reporting month, so month end plus a declared lag; table clock: heterogeneous EVENT_TIME_TEXT; ISO-date rows span this range, so dates are not exhaustive","populated; table total, not node-level usable-row count"
water:drought:severity,water,weekly severity by area,public.gqh_source_records,0,,,the release date of the weekly map; audit clock: checked for a matching source series; no matching rows found,populated; no suitable backing data; audit table has no matching source series
price:compute:rental,price,"monthly median of provider spot prices, rebased across families",public.aws_gpu_spot_prices,1592024,2022-05-31,2026-09-30,"the price timestamp itself, from the provider history; table clock: PRICE_TIME","populated; table total, not node-level usable-row count"
price:compute:executed-rental,price,executed rental index,public.gqh_source_records,0,,,unknown; audit clock: checked for a matching source series; no matching rows found,blocked; no suitable backing data; audit table has no matching source series
price:power:spot,price,settlement point price,public.gqh_source_records,0,,,unknown; audit clock: checked for a matching source series; no matching rows found,blocked; no suitable backing data; audit table has no matching source series
price:commodity:gas,price,front future,public.gqh_source_records,153527,2015-02-03,2026-09-15,"the close of the session; table clock: heterogeneous EVENT_TIME_TEXT; ISO-date rows span this range, so dates are not exhaustive","populated; table total, not node-level usable-row count"
price:commodity:copper,price,front future,public.gqh_source_records,153527,2015-02-03,2026-09-15,"the close of the session; table clock: heterogeneous EVENT_TIME_TEXT; ISO-date rows span this range, so dates are not exhaustive","populated; table total, not node-level usable-row count"
price:commodity:uranium,price,listed proxy,public.gqh_source_records,153527,2015-02-03,2026-09-15,"the close of the session; table clock: heterogeneous EVENT_TIME_TEXT; ISO-date rows span this range, so dates are not exhaustive","populated; table total, not node-level usable-row count"
rate:treasury:ten-year,rate,index yield,public.gqh_source_records,153527,2015-02-03,2026-09-15,"the close of the session; table clock: heterogeneous EVENT_TIME_TEXT; ISO-date rows span this range, so dates are not exhaustive","populated; table total, not node-level usable-row count"
price:equity:buildout,price,equal weight basket,public.gqh_source_records,153527,2015-02-03,2026-09-15,"the close of the session; table clock: heterogeneous EVENT_TIME_TEXT; ISO-date rows span this range, so dates are not exhaustive","populated; table total, not node-level usable-row count"
price:equity:scarcity,price,equal weight basket,public.gqh_source_records,153527,2015-02-03,2026-09-15,"the close of the session; table clock: heterogeneous EVENT_TIME_TEXT; ISO-date rows span this range, so dates are not exhaustive","populated; table total, not node-level usable-row count"
disclosure:8k:material-agreement,disclosure,filing event,VECTOR_RESEARCH.RAW.SEC_FILING_DOCUMENTS,12903,2016-01-21,2021-04-29,the acceptance timestamp of the filing itself; table clock: FILED_DATE; use ACCEPTANCE_UTC or AVAILABLE_AT for point-in-time availability,"thin; table total, not node-level usable-row count"
positioning:perp:funding-rate,positioning,venue funding history,public.gqh_source_records,0,,,the venue's own history endpoint; audit clock: checked for a matching source series; no matching rows found,blocked; no suitable backing data; audit table has no matching source series
price:options:implied-move,price,option chain,public.gqh_source_records,0,,,unknown; audit clock: checked for a matching source series; no matching rows found,blocked; no suitable backing data; audit table has no matching source series
feature:equipment:lead-time-share,feature,survey and backlog reading,public.gqh_source_records,153527,2015-02-03,2026-09-15,"the month after the survey reference month with a declared lag; table clock: heterogeneous EVENT_TIME_TEXT; ISO-date rows span this range, so dates are not exhaustive","populated; table total, not node-level usable-row count"
flow:index:reconstitution,flow,provider announcement plus fund holdings,public.gqh_source_records,0,,,"announcement date, with holdings quarterly; audit clock: checked for a matching source series; no matching rows found",blocked; no suitable backing data; audit table has no matching source series
flow:dealer:hedge-demand,flow,option surface and open interest,public.gqh_source_records,0,,,end of session; audit clock: checked for a matching source series; no matching rows found,blocked; no suitable backing data; audit table has no matching source series
price:datacentre:lease-rate,price,lease disclosures and segment revenue,public.gqh_source_records,0,,,filing acceptance time; audit clock: checked for a matching source series; no matching rows found,blocked; no suitable backing data; audit table has no matching source series
flow:project:financing-draw,flow,credit agreement and borrowings,public.gqh_source_records,0,,,filing acceptance time; audit clock: checked for a matching source series; no matching rows found,blocked; no suitable backing data; audit table has no matching source series
