group,sign,horizon,n,mean_abnormal,median_abnormal,t
all,down,1,1410,-0.0017488546626330903,-0.0027969697890128375,-1.6854156864490697
all,down,2,1410,-0.001060482146754167,-0.002176897834165359,-0.6708109066400815
all,down,5,1410,0.003207681696167681,-0.0023276512477543587,1.2817351385875129
all,down,10,1410,0.007436106163227338,-0.0014397780005125926,2.03917178868609
all,down,20,1410,0.013309172346968929,-0.007173939265469831,1.3653593757670976
all,up,1,1715,0.00184881494010562,-0.0004368538496318797,0.9446097509379012
all,up,2,1715,0.0024196716461610105,5.453248102127439e-05,1.150583753013672
all,up,5,1715,0.0034877075169815145,-0.0008637518119873899,1.4218622639032048
all,up,10,1715,0.003497454667089409,-0.00344953368962031,1.1690982836442925
all,up,20,1715,0.0017880268782885951,-0.007148988772281761,0.45676723948252135
contractor,down,1,27,0.0027265573660683463,0.003902372516249475,0.8581764753423385
contractor,down,2,27,0.00031645285459965027,0.0030190445482078943,0.05472867486046293
contractor,down,5,27,-0.004857680793734403,-0.010867618265957169,-0.572437686128403
contractor,down,10,27,0.012885527707943765,0.013100725010326775,1.0598525640935508
contractor,down,20,27,0.024017436910513675,0.0265357966179407,1.325552413757284
contractor,up,1,40,-0.0020049737177748107,-0.0028019222162550816,-0.5675905859792136
contractor,up,2,40,-0.0030192310827610895,-0.0018030791396449475,-0.6782869153404498
contractor,up,5,40,0.0031122823044714225,0.0024349502178909743,0.46759860316666524
contractor,up,10,40,0.013114829634223526,0.00979173923095672,1.5931966623283018
contractor,up,20,40,0.030335862627081666,0.0260891362156776,2.6145793243472357
datacenter,down,1,996,-0.0017127279792230501,-0.0030202444089349467,-1.3307606301524462
datacenter,down,2,996,-0.00010407893517809324,-0.0029034752574241818,-0.05086940935388017
datacenter,down,5,996,0.005875194824958087,-0.0014005198522933915,1.7971742281886207
datacenter,down,10,996,0.008738715356897032,-0.0015645573948715463,1.8156463344557612
datacenter,down,20,996,0.01839955873177527,-0.009247396288606824,1.3580705764668397
datacenter,up,1,1252,0.0030659840944433562,-0.0002311421600988961,1.1653551162840683
datacenter,up,2,1252,0.0038596996377386573,0.0013684934156541484,1.388491399936757
datacenter,up,5,1252,0.004271384474358478,7.35573990359728e-05,1.357595324099401
datacenter,up,10,1252,0.004229037491655373,-0.0032028364445712,1.117034774896387
datacenter,up,20,1252,-0.0011241580544991785,-0.010177595528518324,-0.2364967161471644
equipment,down,1,300,-0.001986320400713714,-0.0037855526842774934,-0.944345100562542
equipment,down,2,300,-0.003486894875358185,-0.002264627524420415,-1.2718535050067254
equipment,down,5,300,-0.0022127654942688184,-0.004871779198354909,-0.5681712368585472
equipment,down,10,300,0.00819693683040202,-0.002220919578233782,1.4317377322578502
equipment,down,20,300,0.00303258131584002,-0.004533013266042163,0.3996398196344388
equipment,up,1,322,-0.0017194772921007777,-0.0011146334944267533,-0.9168930585932008
equipment,up,2,322,-0.0014662712889602532,-0.003483606666938477,-0.5260433739569065
equipment,up,5,322,0.0012734775445679923,-0.003115574822228351,0.29045723168049203
equipment,up,10,322,0.00030563886024035454,-0.007057670706943298,0.05480287922881709
equipment,up,20,322,0.005851259006569194,-0.0046255728362607496,0.7588214623490228
utility,down,1,87,-0.0027325165020256397,0.0003561295408537335,-0.7754237417382811
utility,down,2,87,-0.004070034160376201,-0.0009554571047019067,-1.0360505001455196
utility,down,5,87,-0.006136503728164941,-0.001699171608574357,-0.8237804080616826
utility,down,10,87,-0.011791277040850392,-0.0035651247144574683,-1.6478394271748673
utility,down,20,87,-0.012853708953538557,-0.004431334006248955,-0.9575243205363381
utility,up,1,101,-0.00033686957618318076,-0.00022520447239560148,-0.19850415070707803
utility,up,2,101,-0.0008881037121487215,-0.001347226757652753,-0.3847071200426348
utility,up,5,101,0.0009811283979874487,0.00037779568889029225,0.2812704438615364
utility,up,10,101,0.0007957516449452849,-0.0020777059877379322,0.10999710644933183
utility,up,20,101,0.013627446290092724,-0.005689931193845199,0.7612966927113559
