plant_id,plant_name,state,capacity_mw,slip_months,promised,realized,promise_scene,promise_cloud,realized_scene,realized_cloud,promise_brightness,realized_brightness,background_promise_brightness,background_realized_brightness,brightness_did,promise_texture,realized_texture,texture_change,promise_bright_fraction,realized_bright_fraction
63209,Aviator Wind,TX,525.0,10,2020-08,2021-06,S2A_T14SLA_20200924T173252_L2A,0.000458,S2B_T14SLA_20210616T172546_L2A,0.016994,87.4,93.4,95.7,95.3,6.5,12.08,10.93,-1.15,0.162,0.173
62853,Maverick Creek Wind,TX,524.4,15,2020-12,2022-03,S2B_T14RMV_20210104T171941_L2A,2.3e-05,S2A_T14RMV_20220318T172539_L2A,0.088536,105.7,109.3,84.4,101.1,-13.1,5.74,10.34,4.59,0.194,0.458
62516,TB Flats,WY,503.2,11,2020-11,2021-10,S2B_T13TCG_20201207T175937_L2A,0.030126,S2A_T13TCG_20211107T180032_L2A,0.005128,170.8,130.7,180.1,151.8,-11.8,7.88,9.33,1.45,0.996,0.666
60927,Lake Charles Power,LA,500.0,-3,2020-06,2020-03,S2B_T15RVP_20200612T165615_L2A,1.652251,S2A_T15RVP_20200228T165544_L2A,0.240815,118.4,105.8,83.1,73.5,-3.0,12.76,13.11,0.35,0.424,0.367
60925,Montgomery County,TX,500.0,-5,2021-06,2021-01,S2A_T15RTP_20210506T171132_L2A,0.360477,S2A_T15RTP_20201207T171438_L2A,0.001798,96.7,50.8,94.4,81.3,-32.8,8.47,7.23,-1.24,0.337,0.083
61028,Hickory Run Energy Station,PA,450.0,3,2020-02,2020-05,S2B_T17TNF_20200221T161205_L2A,0.227922,S2B_T17TNF_20200521T161115_L2A,0.22831,75.9,71.7,71.7,66.0,1.6,9.9,9.01,-0.88,0.143,0.168
62562,"High Lonesome Wind Power, LLC",TX,449.5,19,2019-12,2021-07,S2B_T14RKV_20200123T172616_L2A,0.000372,S2B_T13RGQ_20210825T173502_L2A,2.007091,96.2,165.6,97.0,144.4,22.0,10.56,14.64,4.08,0.169,0.939
63255,2W Permian Solar Project,TX,420.0,3,2021-05,2021-08,S2B_T13SGR_20210520T173452_L2A,0.002228,S2A_T13SGR_20210922T174127_L2A,0.001085,137.8,108.6,126.1,112.3,-15.4,9.81,11.23,1.43,0.827,0.328
55460,Indeck Niles Energy Center,MI,397.8,5,2022-02,2022-07,S2A_16TEM_20220313_0_L2A,6.455341,S2A_16TEM_20220721_0_L2A,1.118687,226.3,55.5,230.6,49.4,10.3,10.21,7.86,-2.35,0.958,0.105
645,Big Bend,FL,392.0,6,2021-06,2021-12,S2A_T17RLL_20210508T160745_L2A,1.693077,S2B_T17RLL_20211229T161342_L2A,0.026967,90.1,57.6,87.0,59.3,-4.8,12.24,11.62,-0.62,0.266,0.164
62837,Frontier Windpower II,OK,351.8,5,2020-09,2021-02,S2B_T14SPF_20201006T171234_L2A,0.000252,S2B_T14SPF_20210223T171310_L2A,0.002989,77.4,84.5,80.1,84.3,3.0,7.18,7.8,0.62,0.106,0.105
62945,Fighting Jays Solar Project,TX,350.0,13,2021-05,2022-06,S2B_T15RTN_20210411T171141_L2A,0.144574,S2A_15RTN_20220710_0_L2A,6.466234,86.5,82.8,84.4,82.4,-1.7,9.56,8.67,-0.89,0.106,0.097
62481,Neosho Ridge Wind Energy Center,KS,301.0,5,2020-12,2021-05,S2B_T15STB_20201225T172004_L2A,0.000147,S2A_T15STB_20210615T170711_L2A,0.000435,93.2,104.1,81.4,82.4,9.9,6.9,13.28,6.38,0.182,0.343
61161,Broadlands Wind Farm,IL,300.0,6,2020-01,2020-07,S2B_T16TCK_20200101T165013_L2A,0.703017,S2B_T16TCK_20200729T165103_L2A,0.529046,74.1,34.7,82.9,32.7,10.8,6.34,3.92,-2.42,0.16,0.002
62955,Badger Hollow Solar Farm LLC,WI,300.0,11,2020-12,2021-11,S2B_T15TYH_20201209T170111_L2A,6.3e-05,S2A_T15TYH_20211030T165431_L2A,7.189436,114.4,72.6,116.8,83.2,-8.2,8.52,9.61,1.09,0.58,0.197
260,Dynegy Moss Landing Power Plant,CA,300.0,-7,2021-12,2021-05,S2B_T10SFF_20211210T185754_L2A,0.006361,S2A_T10SFF_20210618T185427_L2A,0.8794,63.7,110.5,41.4,84.8,3.4,9.32,11.3,1.98,0.17,0.365
62483,Taygete Energy Project LLC,TX,255.0,3,2020-12,2021-03,S2A_T13RFQ_20210125T173907_L2A,0.003849,S2B_T13RFQ_20210420T174315_L2A,0.004589,140.5,172.8,142.2,164.4,10.1,9.64,6.64,-3.0,0.787,0.987
60928,New Orleans Power,LA,250.0,4,2020-01,2020-05,S2A_T16RBU_20200222T163754_L2A,0.009804,S2B_T16RBU_20200616T164323_L2A,1.526432,57.8,58.4,42.2,44.2,-1.5,4.04,4.58,0.54,0.026,0.055
62142,Amadeus Wind Farm,TX,250.0,4,2020-08,2020-12,S2A_T14SLB_20200924T173252_L2A,0,S2A_T14SLB_20210102T173158_L2A,0.012021,92.1,87.7,94.0,91.8,-2.3,12.67,11.67,-0.99,0.156,0.1
62364,Nobles 2 Wind Project,MN,250.0,3,2020-09,2020-12,S2B_T14TQP_20201006T171234_L2A,0.000227,S2B_T14TQP_20210104T171941_L2A,0.001185,119.2,251.1,115.0,250.0,-3.3,7.98,2.26,-5.72,0.45,0.997
61346,RE Maplewood,TX,250.0,10,2020-12,2021-10,S2B_T13RGQ_20210107T172748_L2A,0.003631,S2A_T13RGQ_20211128T173123_L2A,0.000414,118.7,178.4,106.2,163.4,2.4,9.33,14.26,4.93,0.485,0.932
62547,Aquamarine,CA,250.0,4,2021-05,2021-09,S2B_T10SGF_20210620T185229_L2A,0.001038,S2A_T11SKA_20211013T185059_L2A,0.00209,160.9,142.3,172.3,110.6,43.2,4.64,7.09,2.45,0.923,0.898
61920,Galloway 1 Solar Farm,TX,250.0,4,2021-06,2021-10,S2B_T14RMV_20210723T171418_L2A,1.271065,S2A_T14RMV_20211115T172218_L2A,0.000322,102.1,79.4,106.5,103.2,-19.4,5.31,5.49,0.18,0.184,0.047
63300,Athos Solar Project,CA,250.0,6,2021-12,2022-06,S2B_T11SPT_20211121T182651_L2A,0.19263,S2B_T11SPT_20220619T182524_L2A,0.457112,228.7,236.0,228.1,233.4,1.9,1.41,0.92,-0.49,1.0,1.0
