holder,cik,form,filed,document,document_bytes,series,dscr_clause,cash_trap_clause,cross_default_clause,concentration_clause,coupon_clause,maturity_clause,reserve_clause,url
Blue Owl Digital Infrastructure Trust,2069692,10-K,2026-03-11,exhibit410-series2023x1sup.htm,103483,2023-1,,,,,,,05 Delivery of Liquidity Letter(s) of Credit Funding of the Liquidity Reserve Sub-Account 5 Section 2.,https://www.sec.gov/Archives/edgar/data/2069692/000206969226000016/exhibit410-series2023x1sup.htm
Blue Owl Digital Infrastructure Trust,2069692,10-K,2026-03-11,exhibit411-series2021x1sup.htm,123216,2021-1,"such release, the following conditions will be satisfied (A) the Class A LTV Ratio is not greater than 70% and (B) the three-month average DSCR as of the last day of the immediately preceding calendar month is greater than or equal to 1.",,,,,,06 Delivery of Liquidity Letter(s) of Credit Funding of the Liquidity Reserve Sub-Account 6 Section 2.,https://www.sec.gov/Archives/edgar/data/2069692/000206969226000016/exhibit411-series2021x1sup.htm
Blue Owl Digital Infrastructure Trust,2069692,10-K,2026-03-11,exhibit412-series2020x1sup.htm,119590,2020-1,"such release, the following conditions will be satisfied (A) the Class A LTV Ratio is not greater than 70% and (B) the three-month average DSCR as of the last day of the immediately preceding calendar month is greater than or equal to 1.",,,,,,06 Delivery of Liquidity Letter(s) of Credit Funding of the Liquidity Reserve Sub-Account 7 Section 2.,https://www.sec.gov/Archives/edgar/data/2069692/000206969226000016/exhibit412-series2020x1sup.htm
Blue Owl Digital Infrastructure Trust,2069692,10-K,2026-03-11,exhibit413-series2019x2sup.htm,95076,2019-2,,,,,,,06 Delivery of Liquidity Letter(s) of Credit Funding of the Liquidity Reserve Sub-Account 5 Section 2.,https://www.sec.gov/Archives/edgar/data/2069692/000206969226000016/exhibit413-series2019x2sup.htm
Blue Owl Digital Infrastructure Trust,2069692,10-K,2026-03-11,exhibit414-stack2019x1xser.htm,207022,2019-1,,,,,,,06 Funding of the Liquidity Reserve Sub-Account 7 Section 2.,https://www.sec.gov/Archives/edgar/data/2069692/000206969226000016/exhibit414-stack2019x1xser.htm
Blue Owl Digital Infrastructure Trust,2069692,10-K,2026-03-11,exhibit43oditfy25descripti.htm,48580,,,,,,,,,https://www.sec.gov/Archives/edgar/data/2069692/000206969226000016/exhibit43oditfy25descripti.htm
Blue Owl Digital Infrastructure Trust,2069692,10-K,2026-03-11,exhibit46-series2025x1supp.htm,109543,2025-1,,,,,,,06 Delivery of Liquidity Letter(s) of Credit Funding of the Liquidity Reserve Sub-Account 5 Section 2.,https://www.sec.gov/Archives/edgar/data/2069692/000206969226000016/exhibit46-series2025x1supp.htm
Blue Owl Digital Infrastructure Trust,2069692,10-K,2026-03-11,exhibit47-series2024x1supp.htm,103242,2024-1,,,,,,,05 Delivery of Liquidity Letter(s) of Credit Funding of the Liquidity Reserve Sub-Account 5 Section 2.,https://www.sec.gov/Archives/edgar/data/2069692/000206969226000016/exhibit47-series2024x1supp.htm
Blue Owl Digital Infrastructure Trust,2069692,10-K,2026-03-11,exhibit48-series2023x3supp.htm,102945,2023-3,,,,,,,05 Delivery of Liquidity Letter(s) of Credit Funding of the Liquidity Reserve Sub-Account 5 Section 2.,https://www.sec.gov/Archives/edgar/data/2069692/000206969226000016/exhibit48-series2023x3supp.htm
Blue Owl Digital Infrastructure Trust,2069692,10-K,2026-03-11,exhibit49-series2023x2supp.htm,103670,2023-2,,,,,,,05 Delivery of Liquidity Letter(s) of Credit Funding of the Liquidity Reserve Sub-Account 5 Section 2.,https://www.sec.gov/Archives/edgar/data/2069692/000206969226000016/exhibit49-series2023x2supp.htm
Blue Owl Digital Infrastructure Trust,2069692,8-K,2026-03-05,exhibit41-combinedstack202.htm,1490312,"2019-1, 2019-2, 2020-1, 2021-1, 2023-1, 2023-2","he end of any calendar month if (x) prior to the Seventh Amendment Springing Amendment Effective Date, the three-month average Amortization DSCR as of the last day of such calendar month is less than 1.",05 Cash Trap Reserve 73 Section 4.,,,,,08 Liquidity Reserve Liquidity Letters of Credit 75 Section 4.,https://www.sec.gov/Archives/edgar/data/2069692/000206969226000012/exhibit41-combinedstack202.htm
Blue Owl Digital Infrastructure Trust,2069692,8-K,2026-03-05,exhibit42-stack2026x1xinde.htm,110893,2026-1,,,,,,,06 Delivery of Liquidity Letter(s) of Credit Funding of the Liquidity Reserve Sub-Account 5 Section 2.,https://www.sec.gov/Archives/edgar/data/2069692/000206969226000012/exhibit42-stack2026x1xinde.htm
Blue Owl Digital Infrastructure Trust,2069692,10-12G/A,2025-08-08,exhibit42-form10a2.htm,44070,,,,,,,,,https://www.sec.gov/Archives/edgar/data/2069692/000162828025039061/exhibit42-form10a2.htm
Blue Owl Real Estate Net Lease Trust,1944366,10-K,2026-03-13,exhibit43-2025descriptiono.htm,52186,,,,,,,,,https://www.sec.gov/Archives/edgar/data/1944366/000194436626000020/exhibit43-2025descriptiono.htm
Blue Owl Real Estate Net Lease Trust,1944366,10-K,2025-03-13,exhibit43-2024descriptiono.htm,51153,,,,,,,,,https://www.sec.gov/Archives/edgar/data/1944366/000194436625000041/exhibit43-2024descriptiono.htm
Blue Owl Real Estate Net Lease Trust,1944366,8-K,2024-04-23,exhibit41-blueowlrealestat.htm,42649,,,,,,,,,https://www.sec.gov/Archives/edgar/data/1944366/000194436624000044/exhibit41-blueowlrealestat.htm
Blue Owl Real Estate Net Lease Trust,1944366,10-K,2024-03-18,exhibit41blueowlnetleasetr.htm,41338,,,,,,,,,https://www.sec.gov/Archives/edgar/data/1944366/000194436624000031/exhibit41blueowlnetleasetr.htm
Blue Owl Real Estate Net Lease Trust,1944366,10-K,2024-03-18,exhibit43orent2023xdescrip.htm,48188,,,,,,,,,https://www.sec.gov/Archives/edgar/data/1944366/000194436624000031/exhibit43orent2023xdescrip.htm
Blue Owl Real Estate Net Lease Trust,1944366,10-12G,2023-04-05,exhibit41-form10.htm,27963,,,,,,,,,https://www.sec.gov/Archives/edgar/data/1944366/000162828023010847/exhibit41-form10.htm
Blue Owl Real Estate Net Lease Trust,1944366,10-12G,2023-04-05,exhibit42-form10.htm,38305,,,,,,,,,https://www.sec.gov/Archives/edgar/data/1944366/000162828023010847/exhibit42-form10.htm
