event_id,index_id,ticker,security,direction,announcement_date,effective_date,availability_date,source_url,evidence_status,target_weight_change,tracking_assets,fund_assets_date,pre_event_price,price_date,forced_shares,eligibility,exclusion_reason
sp500-2015-07-01-BXLT-addition,sp500,BXLT,Baxalta,addition,,2015-07-01,,https://en.wikipedia.org/wiki/Historical_components_of_the_S%26P_500,secondary_public,,,,,,,excluded,missing announcement date
sp500-2015-07-01-JBHT-addition,sp500,JBHT,J.B. Hunt,addition,,2015-07-01,,https://en.wikipedia.org/wiki/Historical_components_of_the_S%26P_500,secondary_public,,,,,,,excluded,missing announcement date
sp500-2015-07-01-QEP-deletion,sp500,QEP,QEP Resources,deletion,,2015-07-01,,https://en.wikipedia.org/wiki/Historical_components_of_the_S%26P_500,secondary_public,,,,,,,excluded,missing announcement date
sp500-2015-07-01-TEG-deletion,sp500,TEG,Integrys Energy Group,deletion,,2015-07-01,,https://en.wikipedia.org/wiki/Historical_components_of_the_S%26P_500,secondary_public,,,,,,,excluded,missing announcement date
sp500-2015-07-02-CPGX-addition,sp500,CPGX,Columbia Pipeline Group,addition,,2015-07-02,,https://en.wikipedia.org/wiki/Historical_components_of_the_S%26P_500,secondary_public,,,,,,,excluded,missing announcement date
sp500-2015-07-02-ATI-deletion,sp500,ATI,Allegheny Technologies,deletion,,2015-07-02,,https://en.wikipedia.org/wiki/Historical_components_of_the_S%26P_500,secondary_public,,,,,,,excluded,missing announcement date
sp500-2015-07-06-KHC-addition,sp500,KHC,Kraft Heinz,addition,,2015-07-06,,https://en.wikipedia.org/wiki/Historical_components_of_the_S%26P_500,secondary_public,,,,,,,excluded,missing announcement date
sp500-2015-07-06-KRFT-deletion,sp500,KRFT,Kraft Foods,deletion,,2015-07-06,,https://en.wikipedia.org/wiki/Historical_components_of_the_S%26P_500,secondary_public,,,,,,,excluded,missing announcement date
sp500-2015-07-08-AAP-addition,sp500,AAP,Advance Auto Parts,addition,,2015-07-08,,https://en.wikipedia.org/wiki/Historical_components_of_the_S%26P_500,secondary_public,,,,,,,excluded,missing announcement date
sp500-2015-07-08-FDO-deletion,sp500,FDO,Family Dollar,deletion,,2015-07-08,,https://en.wikipedia.org/wiki/Historical_components_of_the_S%26P_500,secondary_public,,,,,,,excluded,missing announcement date
sp500-2015-07-20-PYPL-addition,sp500,PYPL,PayPal,addition,,2015-07-20,,https://en.wikipedia.org/wiki/Historical_components_of_the_S%26P_500,secondary_public,,,,,,,excluded,missing announcement date
sp500-2015-07-20-NE-deletion,sp500,NE,Noble Corporation,deletion,,2015-07-20,,https://en.wikipedia.org/wiki/Historical_components_of_the_S%26P_500,secondary_public,,,,,,,excluded,missing announcement date
sp500-2015-07-29-SIG-addition,sp500,SIG,Signet Jewelers,addition,,2015-07-29,,https://en.wikipedia.org/wiki/Historical_components_of_the_S%26P_500,secondary_public,,,,,,,excluded,missing announcement date
sp500-2015-07-29-DTV-deletion,sp500,DTV,DirecTV,deletion,,2015-07-29,,https://en.wikipedia.org/wiki/Historical_components_of_the_S%26P_500,secondary_public,,,,,,,excluded,missing announcement date
sp500-2015-08-28-ATVI-addition,sp500,ATVI,Activision Blizzard,addition,,2015-08-28,,https://en.wikipedia.org/wiki/Historical_components_of_the_S%26P_500,secondary_public,,,,,,,excluded,missing announcement date
sp500-2015-08-28-PLL-deletion,sp500,PLL,Pall Corporation,deletion,,2015-08-28,,https://en.wikipedia.org/wiki/Historical_components_of_the_S%26P_500,secondary_public,,,,,,,excluded,missing announcement date
sp500-2015-09-02-UAL-addition,sp500,UAL,United Continental Holdings,addition,,2015-09-02,,https://en.wikipedia.org/wiki/Historical_components_of_the_S%26P_500,secondary_public,,,,,,,excluded,missing announcement date
sp500-2015-09-02-HSP-deletion,sp500,HSP,Hospira,deletion,,2015-09-02,,https://en.wikipedia.org/wiki/Historical_components_of_the_S%26P_500,secondary_public,,,,,,,excluded,missing announcement date
sp500-2015-09-18-CMCSK-addition,sp500,CMCSK,Comcast Class K Special,addition,,2015-09-18,,https://en.wikipedia.org/wiki/Historical_components_of_the_S%26P_500,secondary_public,,,,,,,excluded,missing announcement date
sp500-2015-09-18-FOX-addition,sp500,FOX,Twenty-First Century Fox Class B,addition,,2015-09-18,,https://en.wikipedia.org/wiki/Historical_components_of_the_S%26P_500,secondary_public,,,,,,,excluded,missing announcement date
sp500-2015-09-18-NWS-addition,sp500,NWS,News Corporation Class B,addition,,2015-09-18,,https://en.wikipedia.org/wiki/Historical_components_of_the_S%26P_500,secondary_public,,,,,,,excluded,missing announcement date
sp500-2015-10-07-VRSK-addition,sp500,VRSK,Verisk Analytics,addition,,2015-10-07,,https://en.wikipedia.org/wiki/Historical_components_of_the_S%26P_500,secondary_public,,,,,,,excluded,missing announcement date
sp500-2015-10-07-JOY-deletion,sp500,JOY,Joy Global,deletion,,2015-10-07,,https://en.wikipedia.org/wiki/Historical_components_of_the_S%26P_500,secondary_public,,,,,,,excluded,missing announcement date
sp500-2015-11-02-HPE-addition,sp500,HPE,Hewlett Packard Enterprise,addition,,2015-11-02,,https://en.wikipedia.org/wiki/Historical_components_of_the_S%26P_500,secondary_public,,,,,,,excluded,missing announcement date
sp500-2015-11-02-HCBK-deletion,sp500,HCBK,Hudson City Bancorp,deletion,,2015-11-02,,https://en.wikipedia.org/wiki/Historical_components_of_the_S%26P_500,secondary_public,,,,,,,excluded,missing announcement date
sp500-2015-11-18-SYF-addition,sp500,SYF,Synchrony Financial,addition,,2015-11-18,,https://en.wikipedia.org/wiki/Historical_components_of_the_S%26P_500,secondary_public,,,,,,,excluded,missing announcement date
sp500-2015-11-18-GNW-deletion,sp500,GNW,Genworth Financial,deletion,,2015-11-18,,https://en.wikipedia.org/wiki/Historical_components_of_the_S%26P_500,secondary_public,,,,,,,excluded,missing announcement date
sp500-2015-11-19-ILMN-addition,sp500,ILMN,Illumina,addition,,2015-11-19,,https://en.wikipedia.org/wiki/Historical_components_of_the_S%26P_500,secondary_public,,,,,,,excluded,missing announcement date
sp500-2015-11-19-SIAL-deletion,sp500,SIAL,Sigma-Aldrich,deletion,,2015-11-19,,https://en.wikipedia.org/wiki/Historical_components_of_the_S%26P_500,secondary_public,,,,,,,excluded,missing announcement date
sp500-2015-12-01-CSRA-addition,sp500,CSRA,CSRA,addition,,2015-12-01,,https://en.wikipedia.org/wiki/Historical_components_of_the_S%26P_500,secondary_public,,,,,,,excluded,missing announcement date
sp500-2015-12-01-CSC-deletion,sp500,CSC,Computer Sciences Corporation,deletion,,2015-12-01,,https://en.wikipedia.org/wiki/Historical_components_of_the_S%26P_500,secondary_public,,,,,,,excluded,missing announcement date
sp500-2015-12-15-CMCSK-deletion,sp500,CMCSK,Comcast Series K,deletion,,2015-12-15,,https://en.wikipedia.org/wiki/Historical_components_of_the_S%26P_500,secondary_public,,,,,,,excluded,missing announcement date
sp500-2015-12-29-CHD-addition,sp500,CHD,Church & Dwight,addition,,2015-12-29,,https://en.wikipedia.org/wiki/Historical_components_of_the_S%26P_500,secondary_public,,,,,,,excluded,missing announcement date
sp500-2015-12-29-ALTR-deletion,sp500,ALTR,Altera,deletion,,2015-12-29,,https://en.wikipedia.org/wiki/Historical_components_of_the_S%26P_500,secondary_public,,,,,,,excluded,missing announcement date
sp500-2016-01-05-WLTW-addition,sp500,WLTW,Willis Towers Watson,addition,,2016-01-05,,https://en.wikipedia.org/wiki/Historical_components_of_the_S%26P_500,secondary_public,,,,,,,excluded,missing announcement date
sp500-2016-01-05-FOSL-deletion,sp500,FOSL,Fossil Group,deletion,,2016-01-05,,https://en.wikipedia.org/wiki/Historical_components_of_the_S%26P_500,secondary_public,,,,,,,excluded,missing announcement date
sp500-2016-01-19-EXR-addition,sp500,EXR,Extra Space Storage,addition,,2016-01-19,,https://en.wikipedia.org/wiki/Historical_components_of_the_S%26P_500,secondary_public,,,,,,,excluded,missing announcement date
sp500-2016-01-19-ACE-deletion,sp500,ACE,Chubb,deletion,,2016-01-19,,https://en.wikipedia.org/wiki/Historical_components_of_the_S%26P_500,secondary_public,,,,,,,excluded,missing announcement date
sp500-2016-02-01-CFG-addition,sp500,CFG,Citizens,addition,,2016-02-01,,https://en.wikipedia.org/wiki/Historical_components_of_the_S%26P_500,secondary_public,,,,,,,excluded,missing announcement date
sp500-2016-02-01-FRT-addition,sp500,FRT,Federal Realty Investment Trust,addition,,2016-02-01,,https://en.wikipedia.org/wiki/Historical_components_of_the_S%26P_500,secondary_public,,,,,,,excluded,missing announcement date
sp500-2016-02-01-BRCM-deletion,sp500,BRCM,Broadcom Corporation,deletion,,2016-02-01,,https://en.wikipedia.org/wiki/Historical_components_of_the_S%26P_500,secondary_public,,,,,,,excluded,missing announcement date
sp500-2016-02-01-PCP-deletion,sp500,PCP,Precision Castparts Corporation,deletion,,2016-02-01,,https://en.wikipedia.org/wiki/Historical_components_of_the_S%26P_500,secondary_public,,,,,,,excluded,missing announcement date
sp500-2016-02-22-CXO-addition,sp500,CXO,Concho Resources,addition,,2016-02-22,,https://en.wikipedia.org/wiki/Historical_components_of_the_S%26P_500,secondary_public,,,,,,,excluded,missing announcement date
sp500-2016-02-22-PCL-deletion,sp500,PCL,Plum Creek Timber,deletion,,2016-02-22,,https://en.wikipedia.org/wiki/Historical_components_of_the_S%26P_500,secondary_public,,,,,,,excluded,missing announcement date
sp500-2016-03-04-AWK-addition,sp500,AWK,American Water Works,addition,,2016-03-04,,https://en.wikipedia.org/wiki/Historical_components_of_the_S%26P_500,secondary_public,,,,,,,excluded,missing announcement date
sp500-2016-03-04-CNX-deletion,sp500,CNX,Consol Energy,deletion,,2016-03-04,,https://en.wikipedia.org/wiki/Historical_components_of_the_S%26P_500,secondary_public,,,,,,,excluded,missing announcement date
sp500-2016-03-07-UDR-addition,sp500,UDR,UDR,addition,,2016-03-07,,https://en.wikipedia.org/wiki/Historical_components_of_the_S%26P_500,secondary_public,,,,,,,excluded,missing announcement date
sp500-2016-03-07-GMCR-deletion,sp500,GMCR,Keurig Green Mountain,deletion,,2016-03-07,,https://en.wikipedia.org/wiki/Historical_components_of_the_S%26P_500,secondary_public,,,,,,,excluded,missing announcement date
sp500-2016-03-30-CNC-addition,sp500,CNC,Centene Corporation,addition,,2016-03-30,,https://en.wikipedia.org/wiki/Historical_components_of_the_S%26P_500,secondary_public,,,,,,,excluded,missing announcement date
sp500-2016-03-30-HOLX-addition,sp500,HOLX,Hologic,addition,,2016-03-30,,https://en.wikipedia.org/wiki/Historical_components_of_the_S%26P_500,secondary_public,,,,,,,excluded,missing announcement date
sp500-2016-03-30-ESV-deletion,sp500,ESV,Ensco,deletion,,2016-03-30,,https://en.wikipedia.org/wiki/Historical_components_of_the_S%26P_500,secondary_public,,,,,,,excluded,missing announcement date
sp500-2016-03-30-POM-deletion,sp500,POM,Pepco Holdings,deletion,,2016-03-30,,https://en.wikipedia.org/wiki/Historical_components_of_the_S%26P_500,secondary_public,,,,,,,excluded,missing announcement date
sp500-2016-04-04-FL-addition,sp500,FL,Foot Locker,addition,,2016-04-04,,https://en.wikipedia.org/wiki/Historical_components_of_the_S%26P_500,secondary_public,,,,,,,excluded,missing announcement date
sp500-2016-04-04-CAM-deletion,sp500,CAM,Cameron International,deletion,,2016-04-04,,https://en.wikipedia.org/wiki/Historical_components_of_the_S%26P_500,secondary_public,,,,,,,excluded,missing announcement date
sp500-2016-04-08-UA-addition,sp500,UA,Under Armour (Class C),addition,,2016-04-08,,https://en.wikipedia.org/wiki/Historical_components_of_the_S%26P_500,secondary_public,,,,,,,excluded,missing announcement date
sp500-2016-04-18-ULTA-addition,sp500,ULTA,Ulta Beauty,addition,,2016-04-18,,https://en.wikipedia.org/wiki/Historical_components_of_the_S%26P_500,secondary_public,,,,,,,excluded,missing announcement date
sp500-2016-04-18-THC-deletion,sp500,THC,Tenet Healthcare,deletion,,2016-04-18,,https://en.wikipedia.org/wiki/Historical_components_of_the_S%26P_500,secondary_public,,,,,,,excluded,missing announcement date
sp500-2016-04-25-GPN-addition,sp500,GPN,Global Payments,addition,,2016-04-25,,https://en.wikipedia.org/wiki/Historical_components_of_the_S%26P_500,secondary_public,,,,,,,excluded,missing announcement date
sp500-2016-04-25-GME-deletion,sp500,GME,GameStop,deletion,,2016-04-25,,https://en.wikipedia.org/wiki/Historical_components_of_the_S%26P_500,secondary_public,,,,,,,excluded,missing announcement date
sp500-2016-05-03-AYI-addition,sp500,AYI,Acuity Brands,addition,,2016-05-03,,https://en.wikipedia.org/wiki/Historical_components_of_the_S%26P_500,secondary_public,,,,,,,excluded,missing announcement date
sp500-2016-05-03-ADT-deletion,sp500,ADT,ADT,deletion,,2016-05-03,,https://en.wikipedia.org/wiki/Historical_components_of_the_S%26P_500,secondary_public,,,,,,,excluded,missing announcement date
sp500-2016-05-13-ALK-addition,sp500,ALK,Alaska Air Group,addition,,2016-05-13,,https://en.wikipedia.org/wiki/Historical_components_of_the_S%26P_500,secondary_public,,,,,,,excluded,missing announcement date
sp500-2016-05-13-SNDK-deletion,sp500,SNDK,SanDisk,deletion,,2016-05-13,,https://en.wikipedia.org/wiki/Historical_components_of_the_S%26P_500,secondary_public,,,,,,,excluded,missing announcement date
sp500-2016-05-18-DLR-addition,sp500,DLR,Digital Realty,addition,,2016-05-18,,https://en.wikipedia.org/wiki/Historical_components_of_the_S%26P_500,secondary_public,,,,,,,excluded,missing announcement date
sp500-2016-05-18-TWC-deletion,sp500,TWC,Time Warner Cable,deletion,,2016-05-18,,https://en.wikipedia.org/wiki/Historical_components_of_the_S%26P_500,secondary_public,,,,,,,excluded,missing announcement date
sp500-2016-05-23-LKQ-addition,sp500,LKQ,LKQ Corporation,addition,,2016-05-23,,https://en.wikipedia.org/wiki/Historical_components_of_the_S%26P_500,secondary_public,,,,,,,excluded,missing announcement date
sp500-2016-05-23-ARG-deletion,sp500,ARG,Airgas,deletion,,2016-05-23,,https://en.wikipedia.org/wiki/Historical_components_of_the_S%26P_500,secondary_public,,,,,,,excluded,missing announcement date
sp500-2016-05-31-AJG-addition,sp500,AJG,Arthur J. Gallagher & Co.,addition,,2016-05-31,,https://en.wikipedia.org/wiki/Historical_components_of_the_S%26P_500,secondary_public,,,,,,,excluded,missing announcement date
sp500-2016-05-31-CCE-deletion,sp500,CCE,Coca-Cola Enterprises,deletion,,2016-05-31,,https://en.wikipedia.org/wiki/Historical_components_of_the_S%26P_500,secondary_public,,,,,,,excluded,missing announcement date
sp500-2016-06-03-TDG-addition,sp500,TDG,TransDigm Group,addition,,2016-06-03,,https://en.wikipedia.org/wiki/Historical_components_of_the_S%26P_500,secondary_public,,,,,,,excluded,missing announcement date
sp500-2016-06-03-BXLT-deletion,sp500,BXLT,Baxalta,deletion,,2016-06-03,,https://en.wikipedia.org/wiki/Historical_components_of_the_S%26P_500,secondary_public,,,,,,,excluded,missing announcement date
sp500-2016-06-22-FBHS-addition,sp500,FBHS,Fortune Brands Home & Security,addition,,2016-06-22,,https://en.wikipedia.org/wiki/Historical_components_of_the_S%26P_500,secondary_public,,,,,,,excluded,missing announcement date
sp500-2016-06-22-CVC-deletion,sp500,CVC,Cablevision Systems,deletion,,2016-06-22,,https://en.wikipedia.org/wiki/Historical_components_of_the_S%26P_500,secondary_public,,,,,,,excluded,missing announcement date
sp500-2016-07-01-ALB-addition,sp500,ALB,Albemarle Corporation,addition,,2016-07-01,,https://en.wikipedia.org/wiki/Historical_components_of_the_S%26P_500,secondary_public,,,,,,,excluded,missing announcement date
sp500-2016-07-01-LNT-addition,sp500,LNT,Alliant Energy Corp,addition,,2016-07-01,,https://en.wikipedia.org/wiki/Historical_components_of_the_S%26P_500,secondary_public,,,,,,,excluded,missing announcement date
sp500-2016-07-01-GAS-deletion,sp500,GAS,AGL Resources,deletion,,2016-07-01,,https://en.wikipedia.org/wiki/Historical_components_of_the_S%26P_500,secondary_public,,,,,,,excluded,missing announcement date
sp500-2016-07-01-TE-deletion,sp500,TE,TECO Energy,deletion,,2016-07-01,,https://en.wikipedia.org/wiki/Historical_components_of_the_S%26P_500,secondary_public,,,,,,,excluded,missing announcement date
sp500-2016-07-05-FTV-addition,sp500,FTV,Fortive Corp,addition,,2016-07-05,,https://en.wikipedia.org/wiki/Historical_components_of_the_S%26P_500,secondary_public,,,,,,,excluded,missing announcement date
sp500-2016-07-05-CPGX-deletion,sp500,CPGX,Columbia Pipeline Group,deletion,,2016-07-05,,https://en.wikipedia.org/wiki/Historical_components_of_the_S%26P_500,secondary_public,,,,,,,excluded,missing announcement date
sp500-2016-09-06-MTD-addition,sp500,MTD,Mettler Toledo,addition,,2016-09-06,,https://en.wikipedia.org/wiki/Historical_components_of_the_S%26P_500,secondary_public,,,,,,,excluded,missing announcement date
sp500-2016-09-06-TYC-deletion,sp500,TYC,Tyco International,deletion,,2016-09-06,,https://en.wikipedia.org/wiki/Historical_components_of_the_S%26P_500,secondary_public,,,,,,,excluded,missing announcement date
sp500-2016-09-08-CHTR-addition,sp500,CHTR,Charter Communications,addition,,2016-09-08,,https://en.wikipedia.org/wiki/Historical_components_of_the_S%26P_500,secondary_public,,,,,,,excluded,missing announcement date
sp500-2016-09-08-EMC-deletion,sp500,EMC,EMC Corporation,deletion,,2016-09-08,,https://en.wikipedia.org/wiki/Historical_components_of_the_S%26P_500,secondary_public,,,,,,,excluded,missing announcement date
sp500-2016-09-22-COO-addition,sp500,COO,The Cooper Companies,addition,,2016-09-22,,https://en.wikipedia.org/wiki/Historical_components_of_the_S%26P_500,secondary_public,,,,,,,excluded,missing announcement date
sp500-2016-09-22-HOT-deletion,sp500,HOT,Starwood Hotels and Resorts,deletion,,2016-09-22,,https://en.wikipedia.org/wiki/Historical_components_of_the_S%26P_500,secondary_public,,,,,,,excluded,missing announcement date
sp500-2016-09-30-COTY-addition,sp500,COTY,Coty,addition,,2016-09-30,,https://en.wikipedia.org/wiki/Historical_components_of_the_S%26P_500,secondary_public,,,,,,,excluded,missing announcement date
sp500-2016-09-30-DO-deletion,sp500,DO,Diamond Offshore Drilling,deletion,,2016-09-30,,https://en.wikipedia.org/wiki/Historical_components_of_the_S%26P_500,secondary_public,,,,,,,excluded,missing announcement date
sp500-2016-12-02-EVHC-addition,sp500,EVHC,Envision Healthcare,addition,,2016-12-02,,https://en.wikipedia.org/wiki/Historical_components_of_the_S%26P_500,secondary_public,,,,,,,excluded,missing announcement date
sp500-2016-12-02-MAA-addition,sp500,MAA,Mid-America Apartments,addition,,2016-12-02,,https://en.wikipedia.org/wiki/Historical_components_of_the_S%26P_500,secondary_public,,,,,,,excluded,missing announcement date
sp500-2016-12-02-LM-deletion,sp500,LM,Legg Mason,deletion,,2016-12-02,,https://en.wikipedia.org/wiki/Historical_components_of_the_S%26P_500,secondary_public,,,,,,,excluded,missing announcement date
sp500-2016-12-02-OI-deletion,sp500,OI,Owens-Illinois,deletion,,2016-12-02,,https://en.wikipedia.org/wiki/Historical_components_of_the_S%26P_500,secondary_public,,,,,,,excluded,missing announcement date
sp500-2017-01-05-IDXX-addition,sp500,IDXX,Idexx Laboratories,addition,,2017-01-05,,https://en.wikipedia.org/wiki/Historical_components_of_the_S%26P_500,secondary_public,,,,,,,excluded,missing announcement date
sp500-2017-01-05-STJ-deletion,sp500,STJ,St Jude Medical,deletion,,2017-01-05,,https://en.wikipedia.org/wiki/Historical_components_of_the_S%26P_500,secondary_public,,,,,,,excluded,missing announcement date
sp500-2017-02-28-INCY-addition,sp500,INCY,Incyte,addition,,2017-02-28,,https://en.wikipedia.org/wiki/Historical_components_of_the_S%26P_500,secondary_public,,,,,,,excluded,missing announcement date
sp500-2017-02-28-SE-deletion,sp500,SE,Spectra Energy,deletion,,2017-02-28,,https://en.wikipedia.org/wiki/Historical_components_of_the_S%26P_500,secondary_public,,,,,,,excluded,missing announcement date
sp500-2017-03-01-CBOE-addition,sp500,CBOE,Cboe Holdings,addition,,2017-03-01,,https://en.wikipedia.org/wiki/Historical_components_of_the_S%26P_500,secondary_public,,,,,,,excluded,missing announcement date
sp500-2017-03-01-PBI-deletion,sp500,PBI,Pitney Bowes,deletion,,2017-03-01,,https://en.wikipedia.org/wiki/Historical_components_of_the_S%26P_500,secondary_public,,,,,,,excluded,missing announcement date
sp500-2017-03-02-REG-addition,sp500,REG,Regency Centers,addition,,2017-03-02,,https://en.wikipedia.org/wiki/Historical_components_of_the_S%26P_500,secondary_public,,,,,,,excluded,missing announcement date
sp500-2017-03-02-ENDP-deletion,sp500,ENDP,Endo International,deletion,,2017-03-02,,https://en.wikipedia.org/wiki/Historical_components_of_the_S%26P_500,secondary_public,,,,,,,excluded,missing announcement date
sp500-2017-03-13-DISH-addition,sp500,DISH,Dish Network,addition,,2017-03-13,,https://en.wikipedia.org/wiki/Historical_components_of_the_S%26P_500,secondary_public,,,,,,,excluded,missing announcement date
sp500-2017-03-13-LLTC-deletion,sp500,LLTC,Linear Technology,deletion,,2017-03-13,,https://en.wikipedia.org/wiki/Historical_components_of_the_S%26P_500,secondary_public,,,,,,,excluded,missing announcement date
sp500-2017-03-16-SNPS-addition,sp500,SNPS,Synopsys,addition,,2017-03-16,,https://en.wikipedia.org/wiki/Historical_components_of_the_S%26P_500,secondary_public,,,,,,,excluded,missing announcement date
sp500-2017-03-16-HAR-deletion,sp500,HAR,Harman International,deletion,,2017-03-16,,https://en.wikipedia.org/wiki/Historical_components_of_the_S%26P_500,secondary_public,,,,,,,excluded,missing announcement date
sp500-2017-03-20-AMD-addition,sp500,AMD,Advanced Micro Devices,addition,,2017-03-20,,https://en.wikipedia.org/wiki/Historical_components_of_the_S%26P_500,secondary_public,,,,,,,excluded,missing announcement date
sp500-2017-03-20-ARE-addition,sp500,ARE,Alexandria Real Estate Equities,addition,,2017-03-20,,https://en.wikipedia.org/wiki/Historical_components_of_the_S%26P_500,secondary_public,,,,,,,excluded,missing announcement date
sp500-2017-03-20-RJF-addition,sp500,RJF,Raymond James Financial,addition,,2017-03-20,,https://en.wikipedia.org/wiki/Historical_components_of_the_S%26P_500,secondary_public,,,,,,,excluded,missing announcement date
sp500-2017-03-20-FSLR-deletion,sp500,FSLR,First Solar,deletion,,2017-03-20,,https://en.wikipedia.org/wiki/Historical_components_of_the_S%26P_500,secondary_public,,,,,,,excluded,missing announcement date
sp500-2017-03-20-FTR-deletion,sp500,FTR,Frontier Communications,deletion,,2017-03-20,,https://en.wikipedia.org/wiki/Historical_components_of_the_S%26P_500,secondary_public,,,,,,,excluded,missing announcement date
sp500-2017-03-20-URBN-deletion,sp500,URBN,Urban Outfitters,deletion,,2017-03-20,,https://en.wikipedia.org/wiki/Historical_components_of_the_S%26P_500,secondary_public,,,,,,,excluded,missing announcement date
sp500-2017-04-04-DXC-addition,sp500,DXC,DXC Technology,addition,,2017-04-04,,https://en.wikipedia.org/wiki/Historical_components_of_the_S%26P_500,secondary_public,,,,,,,excluded,missing announcement date
sp500-2017-04-04-SWN-deletion,sp500,SWN,Southwestern Energy,deletion,,2017-04-04,,https://en.wikipedia.org/wiki/Historical_components_of_the_S%26P_500,secondary_public,,,,,,,excluded,missing announcement date
sp500-2017-04-05-IT-addition,sp500,IT,Gartner,addition,,2017-04-05,,https://en.wikipedia.org/wiki/Historical_components_of_the_S%26P_500,secondary_public,,,,,,,excluded,missing announcement date
sp500-2017-04-05-DNB-deletion,sp500,DNB,Dun & Bradstreet,deletion,,2017-04-05,,https://en.wikipedia.org/wiki/Historical_components_of_the_S%26P_500,secondary_public,,,,,,,excluded,missing announcement date
sp500-2017-06-02-INFO-addition,sp500,INFO,IHS Markit,addition,,2017-06-02,,https://en.wikipedia.org/wiki/Historical_components_of_the_S%26P_500,secondary_public,,,,,,,excluded,missing announcement date
sp500-2017-06-02-TGNA-deletion,sp500,TGNA,Tegna,deletion,,2017-06-02,,https://en.wikipedia.org/wiki/Historical_components_of_the_S%26P_500,secondary_public,,,,,,,excluded,missing announcement date
sp500-2017-06-19-ALGN-addition,sp500,ALGN,Align Technology,addition,,2017-06-19,,https://en.wikipedia.org/wiki/Historical_components_of_the_S%26P_500,secondary_public,,,,,,,excluded,missing announcement date
sp500-2017-06-19-ANSS-addition,sp500,ANSS,Ansys,addition,,2017-06-19,,https://en.wikipedia.org/wiki/Historical_components_of_the_S%26P_500,secondary_public,,,,,,,excluded,missing announcement date
sp500-2017-06-19-HLT-addition,sp500,HLT,Hilton,addition,,2017-06-19,,https://en.wikipedia.org/wiki/Historical_components_of_the_S%26P_500,secondary_public,,,,,,,excluded,missing announcement date
sp500-2017-06-19-RE-addition,sp500,RE,Everest Re,addition,,2017-06-19,,https://en.wikipedia.org/wiki/Historical_components_of_the_S%26P_500,secondary_public,,,,,,,excluded,missing announcement date
sp500-2017-06-19-MJN-deletion,sp500,MJN,Mead Johnson,deletion,,2017-06-19,,https://en.wikipedia.org/wiki/Historical_components_of_the_S%26P_500,secondary_public,,,,,,,excluded,missing announcement date
sp500-2017-06-19-R-deletion,sp500,R,Ryder System,deletion,,2017-06-19,,https://en.wikipedia.org/wiki/Historical_components_of_the_S%26P_500,secondary_public,,,,,,,excluded,missing announcement date
sp500-2017-06-19-TDC-deletion,sp500,TDC,Teradata,deletion,,2017-06-19,,https://en.wikipedia.org/wiki/Historical_components_of_the_S%26P_500,secondary_public,,,,,,,excluded,missing announcement date
sp500-2017-06-19-YHOO-deletion,sp500,YHOO,Yahoo!,deletion,,2017-06-19,,https://en.wikipedia.org/wiki/Historical_components_of_the_S%26P_500,secondary_public,,,,,,,excluded,missing announcement date
sp500-2017-07-07-BKR-addition,sp500,BKR,Baker Hughes,addition,,2017-07-07,,https://en.wikipedia.org/wiki/Historical_components_of_the_S%26P_500,secondary_public,,,,,,,excluded,missing announcement date
sp500-2017-07-07-BHI-deletion,sp500,BHI,Baker Hughes,deletion,,2017-07-07,,https://en.wikipedia.org/wiki/Historical_components_of_the_S%26P_500,secondary_public,,,,,,,excluded,missing announcement date
sp500-2017-07-26-AOS-addition,sp500,AOS,A. O. Smith,addition,,2017-07-26,,https://en.wikipedia.org/wiki/Historical_components_of_the_S%26P_500,secondary_public,,,,,,,excluded,missing announcement date
sp500-2017-07-26-DRE-addition,sp500,DRE,Duke Realty,addition,,2017-07-26,,https://en.wikipedia.org/wiki/Historical_components_of_the_S%26P_500,secondary_public,,,,,,,excluded,missing announcement date
sp500-2017-07-26-MGM-addition,sp500,MGM,MGM Resorts International,addition,,2017-07-26,,https://en.wikipedia.org/wiki/Historical_components_of_the_S%26P_500,secondary_public,,,,,,,excluded,missing announcement date
sp500-2017-07-26-PKG-addition,sp500,PKG,Packaging Corporation of America,addition,,2017-07-26,,https://en.wikipedia.org/wiki/Historical_components_of_the_S%26P_500,secondary_public,,,,,,,excluded,missing announcement date
sp500-2017-07-26-RMD-addition,sp500,RMD,ResMed,addition,,2017-07-26,,https://en.wikipedia.org/wiki/Historical_components_of_the_S%26P_500,secondary_public,,,,,,,excluded,missing announcement date
sp500-2017-07-26-BBBY-deletion,sp500,BBBY,Bed Bath & Beyond,deletion,,2017-07-26,,https://en.wikipedia.org/wiki/Historical_components_of_the_S%26P_500,secondary_public,,,,,,,excluded,missing announcement date
sp500-2017-07-26-MNK-deletion,sp500,MNK,Mallinckrodt,deletion,,2017-07-26,,https://en.wikipedia.org/wiki/Historical_components_of_the_S%26P_500,secondary_public,,,,,,,excluded,missing announcement date
sp500-2017-07-26-MUR-deletion,sp500,MUR,Murphy Oil,deletion,,2017-07-26,,https://en.wikipedia.org/wiki/Historical_components_of_the_S%26P_500,secondary_public,,,,,,,excluded,missing announcement date
sp500-2017-07-26-RAI-deletion,sp500,RAI,Reynolds American,deletion,,2017-07-26,,https://en.wikipedia.org/wiki/Historical_components_of_the_S%26P_500,secondary_public,,,,,,,excluded,missing announcement date
sp500-2017-07-26-RIG-deletion,sp500,RIG,Transocean,deletion,,2017-07-26,,https://en.wikipedia.org/wiki/Historical_components_of_the_S%26P_500,secondary_public,,,,,,,excluded,missing announcement date
sp500-2017-08-08-BHF-addition,sp500,BHF,Brighthouse Financial,addition,,2017-08-08,,https://en.wikipedia.org/wiki/Historical_components_of_the_S%26P_500,secondary_public,,,,,,,excluded,missing announcement date
sp500-2017-08-08-AN-deletion,sp500,AN,AutoNation,deletion,,2017-08-08,,https://en.wikipedia.org/wiki/Historical_components_of_the_S%26P_500,secondary_public,,,,,,,excluded,missing announcement date
sp500-2017-08-29-Q-addition,sp500,Q,QuintilesIMS,addition,,2017-08-29,,https://en.wikipedia.org/wiki/Historical_components_of_the_S%26P_500,secondary_public,,,,,,,excluded,missing announcement date
sp500-2017-08-29-WFM-deletion,sp500,WFM,Whole Foods Market,deletion,,2017-08-29,,https://en.wikipedia.org/wiki/Historical_components_of_the_S%26P_500,secondary_public,,,,,,,excluded,missing announcement date
sp500-2017-09-01-DWDP-addition,sp500,DWDP,DuPont,addition,,2017-09-01,,https://en.wikipedia.org/wiki/Historical_components_of_the_S%26P_500,secondary_public,,,,,,,excluded,missing announcement date
sp500-2017-09-01-SBAC-addition,sp500,SBAC,SBA Communications,addition,,2017-09-01,,https://en.wikipedia.org/wiki/Historical_components_of_the_S%26P_500,secondary_public,,,,,,,excluded,missing announcement date
sp500-2017-09-01-DD-deletion,sp500,DD,DuPont,deletion,,2017-09-01,,https://en.wikipedia.org/wiki/Historical_components_of_the_S%26P_500,secondary_public,,,,,,,excluded,missing announcement date
sp500-2017-09-01-DOW-deletion,sp500,DOW,Dow Chemical Company,deletion,,2017-09-01,,https://en.wikipedia.org/wiki/Historical_components_of_the_S%26P_500,secondary_public,,,,,,,excluded,missing announcement date
sp500-2017-09-18-CDNS-addition,sp500,CDNS,Cadence Design Systems,addition,,2017-09-18,,https://en.wikipedia.org/wiki/Historical_components_of_the_S%26P_500,secondary_public,,,,,,,excluded,missing announcement date
sp500-2017-09-18-SPLS-deletion,sp500,SPLS,Staples,deletion,,2017-09-18,,https://en.wikipedia.org/wiki/Historical_components_of_the_S%26P_500,secondary_public,,,,,,,excluded,missing announcement date
sp500-2017-10-13-NCLH-addition,sp500,NCLH,Norwegian Cruise Line Holdings,addition,,2017-10-13,,https://en.wikipedia.org/wiki/Historical_components_of_the_S%26P_500,secondary_public,,,,,,,excluded,missing announcement date
sp500-2017-10-13-LVLT-deletion,sp500,LVLT,Level 3 Communications,deletion,,2017-10-13,,https://en.wikipedia.org/wiki/Historical_components_of_the_S%26P_500,secondary_public,,,,,,,excluded,missing announcement date
sp500-2017-11-15-IQV-addition,sp500,IQV,IQVIA,addition,,2017-11-15,,https://en.wikipedia.org/wiki/Historical_components_of_the_S%26P_500,secondary_public,,,,,,,excluded,missing announcement date
sp500-2017-11-15-Q-deletion,sp500,Q,QuintilesIMS,deletion,,2017-11-15,,https://en.wikipedia.org/wiki/Historical_components_of_the_S%26P_500,secondary_public,,,,,,,excluded,missing announcement date
sp500-2018-01-03-HII-addition,sp500,HII,Huntington Ingalls Industries,addition,,2018-01-03,,https://en.wikipedia.org/wiki/Historical_components_of_the_S%26P_500,secondary_public,,,,,,,excluded,missing announcement date
sp500-2018-01-03-BCR-deletion,sp500,BCR,CR Bard,deletion,,2018-01-03,,https://en.wikipedia.org/wiki/Historical_components_of_the_S%26P_500,secondary_public,,,,,,,excluded,missing announcement date
sp500-2018-03-07-IPGP-addition,sp500,IPGP,IPG Photonics,addition,,2018-03-07,,https://en.wikipedia.org/wiki/Historical_components_of_the_S%26P_500,secondary_public,,,,,,,excluded,missing announcement date
sp500-2018-03-07-SNI-deletion,sp500,SNI,Scripps Networks Interactive,deletion,,2018-03-07,,https://en.wikipedia.org/wiki/Historical_components_of_the_S%26P_500,secondary_public,,,,,,,excluded,missing announcement date
sp500-2018-03-19-NKTR-addition,sp500,NKTR,Nektar Therapeutics,addition,,2018-03-19,,https://en.wikipedia.org/wiki/Historical_components_of_the_S%26P_500,secondary_public,,,,,,,excluded,missing announcement date
sp500-2018-03-19-SIVB-addition,sp500,SIVB,SVB Financial Group,addition,,2018-03-19,,https://en.wikipedia.org/wiki/Historical_components_of_the_S%26P_500,secondary_public,,,,,,,excluded,missing announcement date
sp500-2018-03-19-TTWO-addition,sp500,TTWO,Take-Two Interactive,addition,,2018-03-19,,https://en.wikipedia.org/wiki/Historical_components_of_the_S%26P_500,secondary_public,,,,,,,excluded,missing announcement date
sp500-2018-03-19-CHK-deletion,sp500,CHK,Chesapeake Energy,deletion,,2018-03-19,,https://en.wikipedia.org/wiki/Historical_components_of_the_S%26P_500,secondary_public,,,,,,,excluded,missing announcement date
sp500-2018-03-19-PDCO-deletion,sp500,PDCO,Patterson Companies,deletion,,2018-03-19,,https://en.wikipedia.org/wiki/Historical_components_of_the_S%26P_500,secondary_public,,,,,,,excluded,missing announcement date
sp500-2018-03-19-SIG-deletion,sp500,SIG,Signet Jewelers,deletion,,2018-03-19,,https://en.wikipedia.org/wiki/Historical_components_of_the_S%26P_500,secondary_public,,,,,,,excluded,missing announcement date
sp500-2018-04-04-MSCI-addition,sp500,MSCI,MSCI,addition,,2018-04-04,,https://en.wikipedia.org/wiki/Historical_components_of_the_S%26P_500,secondary_public,,,,,,,excluded,missing announcement date
sp500-2018-04-04-CSRA-deletion,sp500,CSRA,CSRA,deletion,,2018-04-04,,https://en.wikipedia.org/wiki/Historical_components_of_the_S%26P_500,secondary_public,,,,,,,excluded,missing announcement date
sp500-2018-05-31-ABMD-addition,sp500,ABMD,Abiomed,addition,,2018-05-31,,https://en.wikipedia.org/wiki/Historical_components_of_the_S%26P_500,secondary_public,,,,,,,excluded,missing announcement date
sp500-2018-05-31-WYN-deletion,sp500,WYN,Wyndham Worldwide,deletion,,2018-05-31,,https://en.wikipedia.org/wiki/Historical_components_of_the_S%26P_500,secondary_public,,,,,,,excluded,missing announcement date
sp500-2018-06-05-EVRG-addition,sp500,EVRG,Evergy,addition,,2018-06-05,,https://en.wikipedia.org/wiki/Historical_components_of_the_S%26P_500,secondary_public,,,,,,,excluded,missing announcement date
sp500-2018-06-05-NAVI-deletion,sp500,NAVI,Navient,deletion,,2018-06-05,,https://en.wikipedia.org/wiki/Historical_components_of_the_S%26P_500,secondary_public,,,,,,,excluded,missing announcement date
sp500-2018-06-07-TWTR-addition,sp500,TWTR,Twitter,addition,,2018-06-07,,https://en.wikipedia.org/wiki/Historical_components_of_the_S%26P_500,secondary_public,,,,,,,excluded,missing announcement date
sp500-2018-06-07-MON-deletion,sp500,MON,Monsanto,deletion,,2018-06-07,,https://en.wikipedia.org/wiki/Historical_components_of_the_S%26P_500,secondary_public,,,,,,,excluded,missing announcement date
sp500-2018-06-18-BR-addition,sp500,BR,Broadridge Financial Solutions,addition,,2018-06-18,,https://en.wikipedia.org/wiki/Historical_components_of_the_S%26P_500,secondary_public,,,,,,,excluded,missing announcement date
sp500-2018-06-18-HFC-addition,sp500,HFC,HollyFrontier,addition,,2018-06-18,,https://en.wikipedia.org/wiki/Historical_components_of_the_S%26P_500,secondary_public,,,,,,,excluded,missing announcement date
sp500-2018-06-18-AYI-deletion,sp500,AYI,Acuity Brands,deletion,,2018-06-18,,https://en.wikipedia.org/wiki/Historical_components_of_the_S%26P_500,secondary_public,,,,,,,excluded,missing announcement date
sp500-2018-06-18-RRC-deletion,sp500,RRC,Range Resources,deletion,,2018-06-18,,https://en.wikipedia.org/wiki/Historical_components_of_the_S%26P_500,secondary_public,,,,,,,excluded,missing announcement date
sp500-2018-06-20-FLT-addition,sp500,FLT,FleetCor Technologies,addition,,2018-06-20,,https://en.wikipedia.org/wiki/Historical_components_of_the_S%26P_500,secondary_public,,,,,,,excluded,missing announcement date
sp500-2018-06-20-TWX-deletion,sp500,TWX,Time Warner,deletion,,2018-06-20,,https://en.wikipedia.org/wiki/Historical_components_of_the_S%26P_500,secondary_public,,,,,,,excluded,missing announcement date
sp500-2018-07-02-CPRT-addition,sp500,CPRT,Copart,addition,,2018-07-02,,https://en.wikipedia.org/wiki/Historical_components_of_the_S%26P_500,secondary_public,,,,,,,excluded,missing announcement date
sp500-2018-07-02-DPS-deletion,sp500,DPS,Dr Pepper Snapple Group,deletion,,2018-07-02,,https://en.wikipedia.org/wiki/Historical_components_of_the_S%26P_500,secondary_public,,,,,,,excluded,missing announcement date
sp500-2018-08-28-ANET-addition,sp500,ANET,Arista Networks,addition,,2018-08-28,,https://en.wikipedia.org/wiki/Historical_components_of_the_S%26P_500,secondary_public,,,,,,,excluded,missing announcement date
sp500-2018-08-28-GGP-deletion,sp500,GGP,GGP Inc.,deletion,,2018-08-28,,https://en.wikipedia.org/wiki/Historical_components_of_the_S%26P_500,secondary_public,,,,,,,excluded,missing announcement date
sp500-2018-09-14-WCG-addition,sp500,WCG,WellCare,addition,,2018-09-14,,https://en.wikipedia.org/wiki/Historical_components_of_the_S%26P_500,secondary_public,,,,,,,excluded,missing announcement date
sp500-2018-09-14-XL-deletion,sp500,XL,XL Group,deletion,,2018-09-14,,https://en.wikipedia.org/wiki/Historical_components_of_the_S%26P_500,secondary_public,,,,,,,excluded,missing announcement date
sp500-2018-10-01-ROL-addition,sp500,ROL,Rollins,addition,,2018-10-01,,https://en.wikipedia.org/wiki/Historical_components_of_the_S%26P_500,secondary_public,,,,,,,excluded,missing announcement date
sp500-2018-10-01-ANDV-deletion,sp500,ANDV,Andeavor,deletion,,2018-10-01,,https://en.wikipedia.org/wiki/Historical_components_of_the_S%26P_500,secondary_public,,,,,,,excluded,missing announcement date
sp500-2018-10-11-FTNT-addition,sp500,FTNT,Fortinet,addition,,2018-10-11,,https://en.wikipedia.org/wiki/Historical_components_of_the_S%26P_500,secondary_public,,,,,,,excluded,missing announcement date
sp500-2018-10-11-EVHC-deletion,sp500,EVHC,Envision Healthcare,deletion,,2018-10-11,,https://en.wikipedia.org/wiki/Historical_components_of_the_S%26P_500,secondary_public,,,,,,,excluded,missing announcement date
sp500-2018-11-06-KEYS-addition,sp500,KEYS,Keysight,addition,,2018-11-06,,https://en.wikipedia.org/wiki/Historical_components_of_the_S%26P_500,secondary_public,,,,,,,excluded,missing announcement date
sp500-2018-11-06-CA-deletion,sp500,CA,CA Technologies,deletion,,2018-11-06,,https://en.wikipedia.org/wiki/Historical_components_of_the_S%26P_500,secondary_public,,,,,,,excluded,missing announcement date
sp500-2018-11-13-JKHY-addition,sp500,JKHY,Jack Henry & Associates,addition,,2018-11-13,,https://en.wikipedia.org/wiki/Historical_components_of_the_S%26P_500,secondary_public,,,,,,,excluded,missing announcement date
sp500-2018-11-13-EQT-deletion,sp500,EQT,EQT Corporation,deletion,,2018-11-13,,https://en.wikipedia.org/wiki/Historical_components_of_the_S%26P_500,secondary_public,,,,,,,excluded,missing announcement date
sp500-2018-12-03-FANG-addition,sp500,FANG,Diamondback Energy,addition,,2018-12-03,,https://en.wikipedia.org/wiki/Historical_components_of_the_S%26P_500,secondary_public,,,,,,,excluded,missing announcement date
sp500-2018-12-03-LW-addition,sp500,LW,Lamb Weston,addition,,2018-12-03,,https://en.wikipedia.org/wiki/Historical_components_of_the_S%26P_500,secondary_public,,,,,,,excluded,missing announcement date
sp500-2018-12-03-MXIM-addition,sp500,MXIM,Maxim Integrated,addition,,2018-12-03,,https://en.wikipedia.org/wiki/Historical_components_of_the_S%26P_500,secondary_public,,,,,,,excluded,missing announcement date
sp500-2018-12-03-AET-deletion,sp500,AET,Aetna,deletion,,2018-12-03,,https://en.wikipedia.org/wiki/Historical_components_of_the_S%26P_500,secondary_public,,,,,,,excluded,missing announcement date
sp500-2018-12-03-COL-deletion,sp500,COL,Rockwell Collins,deletion,,2018-12-03,,https://en.wikipedia.org/wiki/Historical_components_of_the_S%26P_500,secondary_public,,,,,,,excluded,missing announcement date
sp500-2018-12-03-SRCL-deletion,sp500,SRCL,Stericycle,deletion,,2018-12-03,,https://en.wikipedia.org/wiki/Historical_components_of_the_S%26P_500,secondary_public,,,,,,,excluded,missing announcement date
sp500-2018-12-24-CE-addition,sp500,CE,Celanese,addition,,2018-12-24,,https://en.wikipedia.org/wiki/Historical_components_of_the_S%26P_500,secondary_public,,,,,,,excluded,missing announcement date
sp500-2018-12-24-ESRX-deletion,sp500,ESRX,Express Scripts,deletion,,2018-12-24,,https://en.wikipedia.org/wiki/Historical_components_of_the_S%26P_500,secondary_public,,,,,,,excluded,missing announcement date
sp500-2019-01-02-FRC-addition,sp500,FRC,First Republic Bank,addition,,2019-01-02,,https://en.wikipedia.org/wiki/Historical_components_of_the_S%26P_500,secondary_public,,,,,,,excluded,missing announcement date
sp500-2019-01-02-SCG-deletion,sp500,SCG,SCANA,deletion,,2019-01-02,,https://en.wikipedia.org/wiki/Historical_components_of_the_S%26P_500,secondary_public,,,,,,,excluded,missing announcement date
sp500-2019-01-18-TFX-addition,sp500,TFX,Teleflex,addition,,2019-01-18,,https://en.wikipedia.org/wiki/Historical_components_of_the_S%26P_500,secondary_public,,,,,,,excluded,missing announcement date
sp500-2019-01-18-PCG-deletion,sp500,PCG,Pacific Gas & Electric Company,deletion,,2019-01-18,,https://en.wikipedia.org/wiki/Historical_components_of_the_S%26P_500,secondary_public,,,,,,,excluded,missing announcement date
sp500-2019-02-15-ATO-addition,sp500,ATO,Atmos Energy,addition,,2019-02-15,,https://en.wikipedia.org/wiki/Historical_components_of_the_S%26P_500,secondary_public,,,,,,,excluded,missing announcement date
sp500-2019-02-15-NFX-deletion,sp500,NFX,Newfield Exploration,deletion,,2019-02-15,,https://en.wikipedia.org/wiki/Historical_components_of_the_S%26P_500,secondary_public,,,,,,,excluded,missing announcement date
sp500-2019-02-27-WAB-addition,sp500,WAB,Wabtec,addition,,2019-02-27,,https://en.wikipedia.org/wiki/Historical_components_of_the_S%26P_500,secondary_public,,,,,,,excluded,missing announcement date
sp500-2019-02-27-GT-deletion,sp500,GT,The Goodyear Tire & Rubber Company,deletion,,2019-02-27,,https://en.wikipedia.org/wiki/Historical_components_of_the_S%26P_500,secondary_public,,,,,,,excluded,missing announcement date
sp500-2019-03-19-FOX-addition,sp500,FOX,Fox Corporation,addition,,2019-03-19,,https://en.wikipedia.org/wiki/Historical_components_of_the_S%26P_500,secondary_public,,,,,,,excluded,missing announcement date
sp500-2019-03-19-FOXA-addition,sp500,FOXA,Fox Corporation,addition,,2019-03-19,,https://en.wikipedia.org/wiki/Historical_components_of_the_S%26P_500,secondary_public,,,,,,,excluded,missing announcement date
sp500-2019-03-19-FOX-deletion,sp500,FOX,21st Century Fox,deletion,,2019-03-19,,https://en.wikipedia.org/wiki/Historical_components_of_the_S%26P_500,secondary_public,,,,,,,excluded,missing announcement date
sp500-2019-03-19-FOXA-deletion,sp500,FOXA,21st Century Fox,deletion,,2019-03-19,,https://en.wikipedia.org/wiki/Historical_components_of_the_S%26P_500,secondary_public,,,,,,,excluded,missing announcement date
sp500-2019-04-02-DOW-addition,sp500,DOW,Dow,addition,,2019-04-02,,https://en.wikipedia.org/wiki/Historical_components_of_the_S%26P_500,secondary_public,,,,,,,excluded,missing announcement date
sp500-2019-04-02-BHF-deletion,sp500,BHF,Brighthouse Financial,deletion,,2019-04-02,,https://en.wikipedia.org/wiki/Historical_components_of_the_S%26P_500,secondary_public,,,,,,,excluded,missing announcement date
sp500-2019-06-03-CTVA-addition,sp500,CTVA,Corteva,addition,,2019-06-03,,https://en.wikipedia.org/wiki/Historical_components_of_the_S%26P_500,secondary_public,,,,,,,excluded,missing announcement date
sp500-2019-06-03-DD-addition,sp500,DD,DuPont,addition,,2019-06-03,,https://en.wikipedia.org/wiki/Historical_components_of_the_S%26P_500,secondary_public,,,,,,,excluded,missing announcement date
sp500-2019-06-03-DWDP-deletion,sp500,DWDP,DuPont,deletion,,2019-06-03,,https://en.wikipedia.org/wiki/Historical_components_of_the_S%26P_500,secondary_public,,,,,,,excluded,missing announcement date
sp500-2019-06-03-FLR-deletion,sp500,FLR,Fluor Corporation,deletion,,2019-06-03,,https://en.wikipedia.org/wiki/Historical_components_of_the_S%26P_500,secondary_public,,,,,,,excluded,missing announcement date
sp500-2019-06-07-BMS-addition,sp500,BMS,Bemis,addition,,2019-06-07,,https://en.wikipedia.org/wiki/Historical_components_of_the_S%26P_500,secondary_public,,,,,,,excluded,missing announcement date
sp500-2019-06-07-MAT-deletion,sp500,MAT,Mattel,deletion,,2019-06-07,,https://en.wikipedia.org/wiki/Historical_components_of_the_S%26P_500,secondary_public,,,,,,,excluded,missing announcement date
sp500-2019-06-11-AMCR-addition,sp500,AMCR,Amcor,addition,,2019-06-11,,https://en.wikipedia.org/wiki/Historical_components_of_the_S%26P_500,secondary_public,,,,,,,excluded,missing announcement date
sp500-2019-06-11-BMS-deletion,sp500,BMS,Bemis,deletion,,2019-06-11,,https://en.wikipedia.org/wiki/Historical_components_of_the_S%26P_500,secondary_public,,,,,,,excluded,missing announcement date
sp500-2019-07-01-MKTX-addition,sp500,MKTX,MarketAxess,addition,,2019-07-01,,https://en.wikipedia.org/wiki/Historical_components_of_the_S%26P_500,secondary_public,,,,,,,excluded,missing announcement date
sp500-2019-07-01-LLL-deletion,sp500,LLL,L3 Technologies,deletion,,2019-07-01,,https://en.wikipedia.org/wiki/Historical_components_of_the_S%26P_500,secondary_public,,,,,,,excluded,missing announcement date
sp500-2019-07-15-TMUS-addition,sp500,TMUS,T-Mobile US,addition,,2019-07-15,,https://en.wikipedia.org/wiki/Historical_components_of_the_S%26P_500,secondary_public,,,,,,,excluded,missing announcement date
sp500-2019-07-15-RHT-deletion,sp500,RHT,Red Hat,deletion,,2019-07-15,,https://en.wikipedia.org/wiki/Historical_components_of_the_S%26P_500,secondary_public,,,,,,,excluded,missing announcement date
sp500-2019-08-09-IEX-addition,sp500,IEX,IDEX Corporation,addition,,2019-08-09,,https://en.wikipedia.org/wiki/Historical_components_of_the_S%26P_500,secondary_public,,,,,,,excluded,missing announcement date
sp500-2019-08-09-LDOS-addition,sp500,LDOS,Leidos,addition,,2019-08-09,,https://en.wikipedia.org/wiki/Historical_components_of_the_S%26P_500,secondary_public,,,,,,,excluded,missing announcement date
sp500-2019-08-09-APC-deletion,sp500,APC,Anadarko Petroleum,deletion,,2019-08-09,,https://en.wikipedia.org/wiki/Historical_components_of_the_S%26P_500,secondary_public,,,,,,,excluded,missing announcement date
sp500-2019-08-09-FL-deletion,sp500,FL,Foot Locker,deletion,,2019-08-09,,https://en.wikipedia.org/wiki/Historical_components_of_the_S%26P_500,secondary_public,,,,,,,excluded,missing announcement date
sp500-2019-09-23-CDW-addition,sp500,CDW,CDW,addition,,2019-09-23,,https://en.wikipedia.org/wiki/Historical_components_of_the_S%26P_500,secondary_public,,,,,,,excluded,missing announcement date
sp500-2019-09-23-TSS-deletion,sp500,TSS,TSYS,deletion,,2019-09-23,,https://en.wikipedia.org/wiki/Historical_components_of_the_S%26P_500,secondary_public,,,,,,,excluded,missing announcement date
sp500-2019-09-26-NVR-addition,sp500,NVR,NVR,addition,,2019-09-26,,https://en.wikipedia.org/wiki/Historical_components_of_the_S%26P_500,secondary_public,,,,,,,excluded,missing announcement date
sp500-2019-09-26-JEF-deletion,sp500,JEF,Jefferies Financial Group,deletion,,2019-09-26,,https://en.wikipedia.org/wiki/Historical_components_of_the_S%26P_500,secondary_public,,,,,,,excluded,missing announcement date
sp500-2019-10-03-LVS-addition,sp500,LVS,Las Vegas Sands,addition,,2019-10-03,,https://en.wikipedia.org/wiki/Historical_components_of_the_S%26P_500,secondary_public,,,,,,,excluded,missing announcement date
sp500-2019-10-03-NKTR-deletion,sp500,NKTR,Nektar Therapeutics,deletion,,2019-10-03,,https://en.wikipedia.org/wiki/Historical_components_of_the_S%26P_500,secondary_public,,,,,,,excluded,missing announcement date
sp500-2019-11-21-NOW-addition,sp500,NOW,ServiceNow,addition,,2019-11-21,,https://en.wikipedia.org/wiki/Historical_components_of_the_S%26P_500,secondary_public,,,,,,,excluded,missing announcement date
sp500-2019-11-21-CELG-deletion,sp500,CELG,Celgene,deletion,,2019-11-21,,https://en.wikipedia.org/wiki/Historical_components_of_the_S%26P_500,secondary_public,,,,,,,excluded,missing announcement date
sp500-2019-12-05-WRB-addition,sp500,WRB,W. R. Berkley Corporation,addition,,2019-12-05,,https://en.wikipedia.org/wiki/Historical_components_of_the_S%26P_500,secondary_public,,,,,,,excluded,missing announcement date
sp500-2019-12-05-VIAB-deletion,sp500,VIAB,Viacom,deletion,,2019-12-05,,https://en.wikipedia.org/wiki/Historical_components_of_the_S%26P_500,secondary_public,,,,,,,excluded,missing announcement date
sp500-2019-12-09-ODFL-addition,sp500,ODFL,Old Dominion Freight Line,addition,,2019-12-09,,https://en.wikipedia.org/wiki/Historical_components_of_the_S%26P_500,secondary_public,,,,,,,excluded,missing announcement date
sp500-2019-12-09-STI-deletion,sp500,STI,SunTrust Banks,deletion,,2019-12-09,,https://en.wikipedia.org/wiki/Historical_components_of_the_S%26P_500,secondary_public,,,,,,,excluded,missing announcement date
sp500-2019-12-23-LYV-addition,sp500,LYV,Live Nation Entertainment,addition,,2019-12-23,,https://en.wikipedia.org/wiki/Historical_components_of_the_S%26P_500,secondary_public,,,,,,,excluded,missing announcement date
sp500-2019-12-23-STE-addition,sp500,STE,Steris,addition,,2019-12-23,,https://en.wikipedia.org/wiki/Historical_components_of_the_S%26P_500,secondary_public,,,,,,,excluded,missing announcement date
sp500-2019-12-23-ZBRA-addition,sp500,ZBRA,Zebra Technologies,addition,,2019-12-23,,https://en.wikipedia.org/wiki/Historical_components_of_the_S%26P_500,secondary_public,,,,,,,excluded,missing announcement date
sp500-2019-12-23-AMG-deletion,sp500,AMG,Affiliated Managers Group,deletion,,2019-12-23,,https://en.wikipedia.org/wiki/Historical_components_of_the_S%26P_500,secondary_public,,,,,,,excluded,missing announcement date
sp500-2019-12-23-MAC-deletion,sp500,MAC,Macerich,deletion,,2019-12-23,,https://en.wikipedia.org/wiki/Historical_components_of_the_S%26P_500,secondary_public,,,,,,,excluded,missing announcement date
sp500-2019-12-23-TRIP-deletion,sp500,TRIP,TripAdvisor,deletion,,2019-12-23,,https://en.wikipedia.org/wiki/Historical_components_of_the_S%26P_500,secondary_public,,,,,,,excluded,missing announcement date
sp500-2020-01-28-PAYC-addition,sp500,PAYC,Paycom,addition,,2020-01-28,,https://en.wikipedia.org/wiki/Historical_components_of_the_S%26P_500,secondary_public,,,,,,,excluded,missing announcement date
sp500-2020-01-28-WCG-deletion,sp500,WCG,WellCare,deletion,,2020-01-28,,https://en.wikipedia.org/wiki/Historical_components_of_the_S%26P_500,secondary_public,,,,,,,excluded,missing announcement date
sp500-2020-03-02-IR-addition,sp500,IR,Ingersoll Rand,addition,,2020-03-02,,https://en.wikipedia.org/wiki/Historical_components_of_the_S%26P_500,secondary_public,,,,,,,excluded,missing announcement date
sp500-2020-03-02-XEC-deletion,sp500,XEC,Cimarex Energy,deletion,,2020-03-02,,https://en.wikipedia.org/wiki/Historical_components_of_the_S%26P_500,secondary_public,,,,,,,excluded,missing announcement date
sp500-2020-04-01-HWM-addition,sp500,HWM,Howmet Aerospace,addition,,2020-04-01,,https://en.wikipedia.org/wiki/Historical_components_of_the_S%26P_500,secondary_public,,,,,,,excluded,missing announcement date
sp500-2020-04-01-ARNC-deletion,sp500,ARNC,Arconic,deletion,,2020-04-01,,https://en.wikipedia.org/wiki/Historical_components_of_the_S%26P_500,secondary_public,,,,,,,excluded,missing announcement date
sp500-2020-04-03-CARR-addition,sp500,CARR,Carrier,addition,,2020-04-03,,https://en.wikipedia.org/wiki/Historical_components_of_the_S%26P_500,secondary_public,,,,,,,excluded,missing announcement date
sp500-2020-04-03-OTIS-addition,sp500,OTIS,Otis Worldwide,addition,,2020-04-03,,https://en.wikipedia.org/wiki/Historical_components_of_the_S%26P_500,secondary_public,,,,,,,excluded,missing announcement date
sp500-2020-04-06-M-deletion,sp500,M,Macy's,deletion,,2020-04-06,,https://en.wikipedia.org/wiki/Historical_components_of_the_S%26P_500,secondary_public,,,,,,,excluded,missing announcement date
sp500-2020-04-06-RTN-deletion,sp500,RTN,Raytheon Company,deletion,,2020-04-06,,https://en.wikipedia.org/wiki/Historical_components_of_the_S%26P_500,secondary_public,,,,,,,excluded,missing announcement date
sp500-2020-05-12-DPZ-addition,sp500,DPZ,Domino's Pizza,addition,,2020-05-12,,https://en.wikipedia.org/wiki/Historical_components_of_the_S%26P_500,secondary_public,,,,,,,excluded,missing announcement date
sp500-2020-05-12-DXCM-addition,sp500,DXCM,Dexcom,addition,,2020-05-12,,https://en.wikipedia.org/wiki/Historical_components_of_the_S%26P_500,secondary_public,,,,,,,excluded,missing announcement date
sp500-2020-05-12-AGN-deletion,sp500,AGN,Allergan,deletion,,2020-05-12,,https://en.wikipedia.org/wiki/Historical_components_of_the_S%26P_500,secondary_public,,,,,,,excluded,missing announcement date
sp500-2020-05-12-CPRI-deletion,sp500,CPRI,Capri Holdings,deletion,,2020-05-12,,https://en.wikipedia.org/wiki/Historical_components_of_the_S%26P_500,secondary_public,,,,,,,excluded,missing announcement date
sp500-2020-05-22-WST-addition,sp500,WST,West Pharmaceutical Services,addition,,2020-05-22,,https://en.wikipedia.org/wiki/Historical_components_of_the_S%26P_500,secondary_public,,,,,,,excluded,missing announcement date
sp500-2020-05-22-HP-deletion,sp500,HP,Helmerich & Payne,deletion,,2020-05-22,,https://en.wikipedia.org/wiki/Historical_components_of_the_S%26P_500,secondary_public,,,,,,,excluded,missing announcement date
sp500-2020-06-22-BIO-addition,sp500,BIO,Bio-Rad Laboratories,addition,,2020-06-22,,https://en.wikipedia.org/wiki/Historical_components_of_the_S%26P_500,secondary_public,,,,,,,excluded,missing announcement date
sp500-2020-06-22-TDY-addition,sp500,TDY,Teledyne,addition,,2020-06-22,,https://en.wikipedia.org/wiki/Historical_components_of_the_S%26P_500,secondary_public,,,,,,,excluded,missing announcement date
sp500-2020-06-22-TYL-addition,sp500,TYL,Tyler Technologies,addition,,2020-06-22,,https://en.wikipedia.org/wiki/Historical_components_of_the_S%26P_500,secondary_public,,,,,,,excluded,missing announcement date
sp500-2020-06-22-ADS-deletion,sp500,ADS,Alliance Data Systems,deletion,,2020-06-22,,https://en.wikipedia.org/wiki/Historical_components_of_the_S%26P_500,secondary_public,,,,,,,excluded,missing announcement date
sp500-2020-06-22-HOG-deletion,sp500,HOG,Harley-Davidson,deletion,,2020-06-22,,https://en.wikipedia.org/wiki/Historical_components_of_the_S%26P_500,secondary_public,,,,,,,excluded,missing announcement date
sp500-2020-06-22-JWN-deletion,sp500,JWN,Nordstrom,deletion,,2020-06-22,,https://en.wikipedia.org/wiki/Historical_components_of_the_S%26P_500,secondary_public,,,,,,,excluded,missing announcement date
sp500-2020-09-21-CTLT-addition,sp500,CTLT,Catalent,addition,,2020-09-21,,https://en.wikipedia.org/wiki/Historical_components_of_the_S%26P_500,secondary_public,,,,,,,excluded,missing announcement date
sp500-2020-09-21-ETSY-addition,sp500,ETSY,Etsy,addition,,2020-09-21,,https://en.wikipedia.org/wiki/Historical_components_of_the_S%26P_500,secondary_public,,,,,,,excluded,missing announcement date
sp500-2020-09-21-TER-addition,sp500,TER,Teradyne,addition,,2020-09-21,,https://en.wikipedia.org/wiki/Historical_components_of_the_S%26P_500,secondary_public,,,,,,,excluded,missing announcement date
sp500-2020-09-21-COTY-deletion,sp500,COTY,Coty,deletion,,2020-09-21,,https://en.wikipedia.org/wiki/Historical_components_of_the_S%26P_500,secondary_public,,,,,,,excluded,missing announcement date
sp500-2020-09-21-HRB-deletion,sp500,HRB,H&R Block,deletion,,2020-09-21,,https://en.wikipedia.org/wiki/Historical_components_of_the_S%26P_500,secondary_public,,,,,,,excluded,missing announcement date
sp500-2020-09-21-KSS-deletion,sp500,KSS,Kohl's,deletion,,2020-09-21,,https://en.wikipedia.org/wiki/Historical_components_of_the_S%26P_500,secondary_public,,,,,,,excluded,missing announcement date
sp500-2020-10-07-POOL-addition,sp500,POOL,Pool Corporation,addition,,2020-10-07,,https://en.wikipedia.org/wiki/Historical_components_of_the_S%26P_500,secondary_public,,,,,,,excluded,missing announcement date
sp500-2020-10-07-ETFC-deletion,sp500,ETFC,E-Trade,deletion,,2020-10-07,,https://en.wikipedia.org/wiki/Historical_components_of_the_S%26P_500,secondary_public,,,,,,,excluded,missing announcement date
sp500-2020-10-09-VNT-addition,sp500,VNT,Vontier,addition,,2020-10-09,,https://en.wikipedia.org/wiki/Historical_components_of_the_S%26P_500,secondary_public,,,,,,,excluded,missing announcement date
sp500-2020-10-12-NBL-deletion,sp500,NBL,Noble Energy,deletion,,2020-10-12,,https://en.wikipedia.org/wiki/Historical_components_of_the_S%26P_500,secondary_public,,,,,,,excluded,missing announcement date
sp500-2020-12-21-TSLA-addition,sp500,TSLA,Tesla,addition,,2020-12-21,,https://en.wikipedia.org/wiki/Historical_components_of_the_S%26P_500,secondary_public,,,,,,,excluded,missing announcement date
sp500-2020-12-21-AIV-deletion,sp500,AIV,Aimco,deletion,,2020-12-21,,https://en.wikipedia.org/wiki/Historical_components_of_the_S%26P_500,secondary_public,,,,,,,excluded,missing announcement date
sp500-2021-01-07-ENPH-addition,sp500,ENPH,Enphase Energy,addition,,2021-01-07,,https://en.wikipedia.org/wiki/Historical_components_of_the_S%26P_500,secondary_public,,,,,,,excluded,missing announcement date
sp500-2021-01-07-TIF-deletion,sp500,TIF,Tiffany & Co,deletion,,2021-01-07,,https://en.wikipedia.org/wiki/Historical_components_of_the_S%26P_500,secondary_public,,,,,,,excluded,missing announcement date
sp500-2021-01-21-TRMB-addition,sp500,TRMB,Trimble,addition,,2021-01-21,,https://en.wikipedia.org/wiki/Historical_components_of_the_S%26P_500,secondary_public,,,,,,,excluded,missing announcement date
sp500-2021-01-21-CXO-deletion,sp500,CXO,Concho Resources,deletion,,2021-01-21,,https://en.wikipedia.org/wiki/Historical_components_of_the_S%26P_500,secondary_public,,,,,,,excluded,missing announcement date
sp500-2021-02-12-MPWR-addition,sp500,MPWR,Monolithic Power Systems,addition,,2021-02-12,,https://en.wikipedia.org/wiki/Historical_components_of_the_S%26P_500,secondary_public,,,,,,,excluded,missing announcement date
sp500-2021-02-12-FTI-deletion,sp500,FTI,TechnipFMC,deletion,,2021-02-12,,https://en.wikipedia.org/wiki/Historical_components_of_the_S%26P_500,secondary_public,,,,,,,excluded,missing announcement date
sp500-2021-03-22-CZR-addition,sp500,CZR,Caesars Entertainment,addition,,2021-03-22,,https://en.wikipedia.org/wiki/Historical_components_of_the_S%26P_500,secondary_public,,,,,,,excluded,missing announcement date
sp500-2021-03-22-GNRC-addition,sp500,GNRC,Generac Holdings,addition,,2021-03-22,,https://en.wikipedia.org/wiki/Historical_components_of_the_S%26P_500,secondary_public,,,,,,,excluded,missing announcement date
sp500-2021-03-22-NXPI-addition,sp500,NXPI,NXP,addition,,2021-03-22,,https://en.wikipedia.org/wiki/Historical_components_of_the_S%26P_500,secondary_public,,,,,,,excluded,missing announcement date
sp500-2021-03-22-PENN-addition,sp500,PENN,Penn National Gaming,addition,,2021-03-22,,https://en.wikipedia.org/wiki/Historical_components_of_the_S%26P_500,secondary_public,,,,,,,excluded,missing announcement date
sp500-2021-03-22-FLS-deletion,sp500,FLS,Flowserve,deletion,,2021-03-22,,https://en.wikipedia.org/wiki/Historical_components_of_the_S%26P_500,secondary_public,,,,,,,excluded,missing announcement date
sp500-2021-03-22-SLG-deletion,sp500,SLG,SL Green Realty,deletion,,2021-03-22,,https://en.wikipedia.org/wiki/Historical_components_of_the_S%26P_500,secondary_public,,,,,,,excluded,missing announcement date
sp500-2021-03-22-VNT-deletion,sp500,VNT,Vontier,deletion,,2021-03-22,,https://en.wikipedia.org/wiki/Historical_components_of_the_S%26P_500,secondary_public,,,,,,,excluded,missing announcement date
sp500-2021-03-22-XRX-deletion,sp500,XRX,Xerox,deletion,,2021-03-22,,https://en.wikipedia.org/wiki/Historical_components_of_the_S%26P_500,secondary_public,,,,,,,excluded,missing announcement date
sp500-2021-04-20-PTC-addition,sp500,PTC,PTC,addition,,2021-04-20,,https://en.wikipedia.org/wiki/Historical_components_of_the_S%26P_500,secondary_public,,,,,,,excluded,missing announcement date
sp500-2021-04-20-VAR-deletion,sp500,VAR,Varian Medical Systems,deletion,,2021-04-20,,https://en.wikipedia.org/wiki/Historical_components_of_the_S%26P_500,secondary_public,,,,,,,excluded,missing announcement date
sp500-2021-05-14-CRL-addition,sp500,CRL,Charles River Laboratories,addition,,2021-05-14,,https://en.wikipedia.org/wiki/Historical_components_of_the_S%26P_500,secondary_public,,,,,,,excluded,missing announcement date
sp500-2021-05-14-FLIR-deletion,sp500,FLIR,FLIR Systems,deletion,,2021-05-14,,https://en.wikipedia.org/wiki/Historical_components_of_the_S%26P_500,secondary_public,,,,,,,excluded,missing announcement date
sp500-2021-06-03-OGN-addition,sp500,OGN,Organon & Co.,addition,,2021-06-03,,https://en.wikipedia.org/wiki/Historical_components_of_the_S%26P_500,secondary_public,,,,,,,excluded,missing announcement date
sp500-2021-06-04-HFC-deletion,sp500,HFC,HollyFrontier,deletion,,2021-06-04,,https://en.wikipedia.org/wiki/Historical_components_of_the_S%26P_500,secondary_public,,,,,,,excluded,missing announcement date
sp500-2021-07-21-MRNA-addition,sp500,MRNA,Moderna,addition,,2021-07-21,,https://en.wikipedia.org/wiki/Historical_components_of_the_S%26P_500,secondary_public,,,,,,,excluded,missing announcement date
sp500-2021-07-21-ALXN-deletion,sp500,ALXN,Alexion Pharmaceuticals,deletion,,2021-07-21,,https://en.wikipedia.org/wiki/Historical_components_of_the_S%26P_500,secondary_public,,,,,,,excluded,missing announcement date
sp500-2021-08-30-TECH-addition,sp500,TECH,Bio-Techne,addition,,2021-08-30,,https://en.wikipedia.org/wiki/Historical_components_of_the_S%26P_500,secondary_public,,,,,,,excluded,missing announcement date
sp500-2021-08-30-MXIM-deletion,sp500,MXIM,Maxim Integrated,deletion,,2021-08-30,,https://en.wikipedia.org/wiki/Historical_components_of_the_S%26P_500,secondary_public,,,,,,,excluded,missing announcement date
sp500-2021-09-20-BRO-addition,sp500,BRO,Brown & Brown,addition,,2021-09-20,,https://en.wikipedia.org/wiki/Historical_components_of_the_S%26P_500,secondary_public,,,,,,,excluded,missing announcement date
sp500-2021-09-20-CDAY-addition,sp500,CDAY,Ceridian,addition,,2021-09-20,,https://en.wikipedia.org/wiki/Historical_components_of_the_S%26P_500,secondary_public,,,,,,,excluded,missing announcement date
sp500-2021-09-20-MTCH-addition,sp500,MTCH,Match Group,addition,,2021-09-20,,https://en.wikipedia.org/wiki/Historical_components_of_the_S%26P_500,secondary_public,,,,,,,excluded,missing announcement date
sp500-2021-09-20-NOV-deletion,sp500,NOV,Nov,deletion,,2021-09-20,,https://en.wikipedia.org/wiki/Historical_components_of_the_S%26P_500,secondary_public,,,,,,,excluded,missing announcement date
sp500-2021-09-20-PRGO-deletion,sp500,PRGO,Perrigo,deletion,,2021-09-20,,https://en.wikipedia.org/wiki/Historical_components_of_the_S%26P_500,secondary_public,,,,,,,excluded,missing announcement date
sp500-2021-09-20-UNM-deletion,sp500,UNM,Unum,deletion,,2021-09-20,,https://en.wikipedia.org/wiki/Historical_components_of_the_S%26P_500,secondary_public,,,,,,,excluded,missing announcement date
sp500-2021-12-14-EPAM-addition,sp500,EPAM,EPAM Systems,addition,,2021-12-14,,https://en.wikipedia.org/wiki/Historical_components_of_the_S%26P_500,secondary_public,,,,,,,excluded,missing announcement date
sp500-2021-12-14-KSU-deletion,sp500,KSU,Kansas City Southern,deletion,,2021-12-14,,https://en.wikipedia.org/wiki/Historical_components_of_the_S%26P_500,secondary_public,,,,,,,excluded,missing announcement date
sp500-2021-12-20-FDS-addition,sp500,FDS,FactSet,addition,,2021-12-20,,https://en.wikipedia.org/wiki/Historical_components_of_the_S%26P_500,secondary_public,,,,,,,excluded,missing announcement date
sp500-2021-12-20-SBNY-addition,sp500,SBNY,Signature Bank,addition,,2021-12-20,,https://en.wikipedia.org/wiki/Historical_components_of_the_S%26P_500,secondary_public,,,,,,,excluded,missing announcement date
sp500-2021-12-20-SEDG-addition,sp500,SEDG,SolarEdge,addition,,2021-12-20,,https://en.wikipedia.org/wiki/Historical_components_of_the_S%26P_500,secondary_public,,,,,,,excluded,missing announcement date
sp500-2021-12-20-HBI-deletion,sp500,HBI,Hanesbrands,deletion,,2021-12-20,,https://en.wikipedia.org/wiki/Historical_components_of_the_S%26P_500,secondary_public,,,,,,,excluded,missing announcement date
sp500-2021-12-20-LEG-deletion,sp500,LEG,Leggett & Platt,deletion,,2021-12-20,,https://en.wikipedia.org/wiki/Historical_components_of_the_S%26P_500,secondary_public,,,,,,,excluded,missing announcement date
sp500-2021-12-20-WU-deletion,sp500,WU,Western Union,deletion,,2021-12-20,,https://en.wikipedia.org/wiki/Historical_components_of_the_S%26P_500,secondary_public,,,,,,,excluded,missing announcement date
sp500-2022-01-10-WTW-addition,sp500,WTW,Willis Towers Watson,addition,,2022-01-10,,https://en.wikipedia.org/wiki/Historical_components_of_the_S%26P_500,secondary_public,,,,,,,excluded,missing announcement date
sp500-2022-01-10-WLTW-deletion,sp500,WLTW,Willis Towers Watson,deletion,,2022-01-10,,https://en.wikipedia.org/wiki/Historical_components_of_the_S%26P_500,secondary_public,,,,,,,excluded,missing announcement date
sp500-2022-02-02-CEG-addition,sp500,CEG,Constellation Energy,addition,,2022-02-02,,https://en.wikipedia.org/wiki/Historical_components_of_the_S%26P_500,secondary_public,,,,,,,excluded,missing announcement date
sp500-2022-02-03-GPS-deletion,sp500,GPS,Gap,deletion,,2022-02-03,,https://en.wikipedia.org/wiki/Historical_components_of_the_S%26P_500,secondary_public,,,,,,,excluded,missing announcement date
sp500-2022-02-15-NDSN-addition,sp500,NDSN,Nordson Corporation,addition,,2022-02-15,,https://en.wikipedia.org/wiki/Historical_components_of_the_S%26P_500,secondary_public,,,,,,,excluded,missing announcement date
sp500-2022-02-15-XLNX-deletion,sp500,XLNX,Xilinx,deletion,,2022-02-15,,https://en.wikipedia.org/wiki/Historical_components_of_the_S%26P_500,secondary_public,,,,,,,excluded,missing announcement date
sp500-2022-03-02-MOH-addition,sp500,MOH,Molina Healthcare,addition,,2022-03-02,,https://en.wikipedia.org/wiki/Historical_components_of_the_S%26P_500,secondary_public,,,,,,,excluded,missing announcement date
sp500-2022-03-02-INFO-deletion,sp500,INFO,IHS Markit,deletion,,2022-03-02,,https://en.wikipedia.org/wiki/Historical_components_of_the_S%26P_500,secondary_public,,,,,,,excluded,missing announcement date
sp500-2022-04-04-CPT-addition,sp500,CPT,Camden Property Trust,addition,,2022-04-04,,https://en.wikipedia.org/wiki/Historical_components_of_the_S%26P_500,secondary_public,,,,,,,excluded,missing announcement date
sp500-2022-04-04-PBCT-deletion,sp500,PBCT,People's United Financial,deletion,,2022-04-04,,https://en.wikipedia.org/wiki/Historical_components_of_the_S%26P_500,secondary_public,,,,,,,excluded,missing announcement date
sp500-2022-04-11-WBD-addition,sp500,WBD,Warner Bros. Discovery,addition,,2022-04-11,,https://en.wikipedia.org/wiki/Historical_components_of_the_S%26P_500,secondary_public,,,,,,,excluded,missing announcement date
sp500-2022-04-11-DISCA-deletion,sp500,DISCA,"Discovery, Inc.",deletion,,2022-04-11,,https://en.wikipedia.org/wiki/Historical_components_of_the_S%26P_500,secondary_public,,,,,,,excluded,missing announcement date
sp500-2022-04-11-DISCK-deletion,sp500,DISCK,"Discovery, Inc.",deletion,,2022-04-11,,https://en.wikipedia.org/wiki/Historical_components_of_the_S%26P_500,secondary_public,,,,,,,excluded,missing announcement date
sp500-2022-06-08-VICI-addition,sp500,VICI,Vici Properties,addition,,2022-06-08,,https://en.wikipedia.org/wiki/Historical_components_of_the_S%26P_500,secondary_public,,,,,,,excluded,missing announcement date
sp500-2022-06-08-CERN-deletion,sp500,CERN,Cerner,deletion,,2022-06-08,,https://en.wikipedia.org/wiki/Historical_components_of_the_S%26P_500,secondary_public,,,,,,,excluded,missing announcement date
sp500-2022-06-21-KDP-addition,sp500,KDP,Keurig Dr Pepper,addition,,2022-06-21,,https://en.wikipedia.org/wiki/Historical_components_of_the_S%26P_500,secondary_public,,,,,,,excluded,missing announcement date
sp500-2022-06-21-ON-addition,sp500,ON,ON Semiconductor,addition,,2022-06-21,,https://en.wikipedia.org/wiki/Historical_components_of_the_S%26P_500,secondary_public,,,,,,,excluded,missing announcement date
sp500-2022-06-21-IPGP-deletion,sp500,IPGP,IPG Photonics,deletion,,2022-06-21,,https://en.wikipedia.org/wiki/Historical_components_of_the_S%26P_500,secondary_public,,,,,,,excluded,missing announcement date
sp500-2022-06-21-UA-deletion,sp500,UA,Under Armour (Class C),deletion,,2022-06-21,,https://en.wikipedia.org/wiki/Historical_components_of_the_S%26P_500,secondary_public,,,,,,,excluded,missing announcement date
sp500-2022-06-21-UAA-deletion,sp500,UAA,Under Armour (Class A),deletion,,2022-06-21,,https://en.wikipedia.org/wiki/Historical_components_of_the_S%26P_500,secondary_public,,,,,,,excluded,missing announcement date
sp500-2022-09-19-CSGP-addition,sp500,CSGP,CoStar Group,addition,,2022-09-19,,https://en.wikipedia.org/wiki/Historical_components_of_the_S%26P_500,secondary_public,,,,,,,excluded,missing announcement date
sp500-2022-09-19-INVH-addition,sp500,INVH,Invitation Homes,addition,,2022-09-19,,https://en.wikipedia.org/wiki/Historical_components_of_the_S%26P_500,secondary_public,,,,,,,excluded,missing announcement date
sp500-2022-09-19-PENN-deletion,sp500,PENN,Penn Entertainment,deletion,,2022-09-19,,https://en.wikipedia.org/wiki/Historical_components_of_the_S%26P_500,secondary_public,,,,,,,excluded,missing announcement date
sp500-2022-09-19-PVH-deletion,sp500,PVH,PVH,deletion,,2022-09-19,,https://en.wikipedia.org/wiki/Historical_components_of_the_S%26P_500,secondary_public,,,,,,,excluded,missing announcement date
