holder,form,filed,document,document_bytes,series_seen,url,dscr_test,cash_trap,cash_sweep,cross_default,event_of_default,reserve,coverage_ratio_number,permitted_debt,lien
Blue Owl Digital Infrastructure Trust,10-Q,2026-08-12,osnl-20260630.htm,1579385,2026-1,https://www.sec.gov/Archives/edgar/data/2069692/000206969226000057/osnl-20260630.htm,,,,,,,,,
Blue Owl Digital Infrastructure Trust,8-K/A,2026-08-07,osnl-20260623.htm,405587,,https://www.sec.gov/Archives/edgar/data/2069692/000206969226000052/osnl-20260623.htm,,,,,,,,,
Blue Owl Digital Infrastructure Trust,8-K,2026-06-29,exhibit101-blueowlxgainesv.htm,591477,,https://www.sec.gov/Archives/edgar/data/2069692/000206969226000042/exhibit101-blueowlxgainesv.htm,,,,,,"rein, Seller shall be entitled to cause Property Owner to distribute to Seller, and Seller shall retain and be entitled to, all cash, cash equivalents, and funds on deposit in any operating accounts, reserve accounts, or other deposit accounts of Property Owner as of the Closing Date (collectively, the Retained Cash ), and such Retained Cash shall not be transferred or assigned to Purchaser as part of the transactions contemplated hereby.",,,
Blue Owl Digital Infrastructure Trust,8-K,2026-06-29,exhibit102-projectcrossing.htm,1694110,,https://www.sec.gov/Archives/edgar/data/2069692/000206969226000042/exhibit102-projectcrossing.htm,,,Excess Cash Flow Reserve Fund.,,Event of Default 137 Section 8.,Deposits to Excess Cash Flow Reserve Account 132 7.,,1 hereof and (b) Permitted Debt or obligations under the Loan Documents.,
Blue Owl Digital Infrastructure Trust,10-Q,2026-05-13,osnl-20260331.htm,1198114,2026-1,https://www.sec.gov/Archives/edgar/data/2069692/000206969226000031/osnl-20260331.htm,,,,,,,,,
Blue Owl Digital Infrastructure Trust,8-K,2026-04-03,exhibit101-oditxrevolvingc.htm,1565155,,https://www.sec.gov/Archives/edgar/data/2069692/000206969226000022/exhibit101-oditxrevolvingc.htm,4 Debt Service Coverage Ratio .,,,,Events of Default.,,,"the event that an item of Indebtedness, Disqualified Stock or preferred stock (or any portion thereof) meets the criteria of more than one of the categories of permitted Indebtedness, Disqualified Stock or preferred stock described in clauses (i) through (xix) above or is entitled to be incurred pursuant to Section 10.","2 (iii) the incurrence of any Permitted Liens or the making of any Restricted Payment that is permitted to be made, and is made, pursuant to Section 10."
Blue Owl Digital Infrastructure Trust,10-K,2026-03-11,exhibit414-stack2019x1xser.htm,207022,2019-1,https://www.sec.gov/Archives/edgar/data/2069692/000206969226000016/exhibit414-stack2019x1xser.htm,,,,,,06 Funding of the Liquidity Reserve Sub-Account 7 Section 2.,,,
Blue Owl Digital Infrastructure Trust,10-K,2026-03-11,osnl-20251231.htm,2177944,2026-1,https://www.sec.gov/Archives/edgar/data/2069692/000206969226000016/osnl-20251231.htm,,,,,Table of Contents We may invest in commercial mortgage loans which are non-recourse in nature and include limited options for financial recovery in the event of default; an event of default may adversely affect our results of operations and financial condition.,"Restricted Cash As of December 31, 2025, the restricted cash balance of $ 9,972 consists of a cash collateral reserve account related to the secured mortgage loans and notes.",,,d advances; pay certain subordinated indebtedness; modify the terms of organizational documents; engage in certain transactions with affiliates; and enter into negative pledge clauses and clauses restricting subsidiary distributions.
Blue Owl Digital Infrastructure Trust,8-K,2026-03-05,exhibit41-combinedstack202.htm,1490312,"2019-1, 2019-2, 2020-1, 2021-1, 2023-1, 2023-2, 2023-3, 2024-1",https://www.sec.gov/Archives/edgar/data/2069692/000206969226000012/exhibit41-combinedstack202.htm,"zation Period shall mean a period that will commence as of the end of any calendar month if (x) prior to the Seventh Amendment Springing Amendment Effective Date, the three-month average Amortization DSCR as of the last day of such calendar month is less than 1.",05 Cash Trap Reserve 73 Section 4.,"Excess Cash Flow shall mean, with respect to any Payment Date, the amount remaining in the Debt Service Sub-Account on such Payment Date after payment of all amounts required to be paid on such Payment Date pursuant to Section 5.",,05 Application of Funds after Event of Default 71 ARTICLE IV RESERVES 71 Section 4.,08 Liquidity Reserve Liquidity Letters of Credit 75 Section 4.,,Permitted Indebtedness shall have the meaning ascribed to it in Section 7.,
Blue Owl Digital Infrastructure Trust,8-K/A,2026-02-17,osnl-20251201.htm,341773,,https://www.sec.gov/Archives/edgar/data/2069692/000206969226000007/osnl-20251201.htm,,,,,,,,,
Blue Owl Digital Infrastructure Trust,10-Q,2025-11-07,osnl-20250930.htm,203569,,https://www.sec.gov/Archives/edgar/data/2069692/000206969225000020/osnl-20250930.htm,,,,,,,,,
Blue Owl Digital Infrastructure Trust,8-K,2025-10-09,a103amendedandrestatedlimi.htm,483877,,https://www.sec.gov/Archives/edgar/data/2069692/000206969225000016/a103amendedandrestatedlimi.htm,,,,,,,,,
Blue Owl Digital Infrastructure Trust,8-K,2025-10-09,a105transactionagreement.htm,555507,,https://www.sec.gov/Archives/edgar/data/2069692/000206969225000016/a105transactionagreement.htm,,,,,16 Absence of Events of Default 16 Section 2.,,,,"g) legally and beneficially and of record by such BODI I Fund (through either STACK USA Holdco or 394 Pacific Holdco), free and clear of any Lien, other than a Permitted Lien."
Blue Owl Digital Infrastructure Trust,10-12G/A,2025-08-08,exhibit104-form10a2.htm,431084,,https://www.sec.gov/Archives/edgar/data/2069692/000162828025039061/exhibit104-form10a2.htm,,,,,,,,,
Blue Owl Digital Infrastructure Trust,10-12G/A,2025-08-08,odit-form10a2.htm,1427722,,https://www.sec.gov/Archives/edgar/data/2069692/000162828025039061/odit-form10a2.htm,,,,,an be no assurance that we will make follow-on investments or that we will have sufficient funds to make all or any of such follow-on investments (including an event of default under applicable debt documents if an equity cure cannot be made).,These tax-exempt holders should consult their own tax advisors concerning these set aside and reserve requirements.,,,s and advances pay certain subordinated indebtedness modify the terms of organizational documents engage in certain transactions with affiliates and enter into negative pledge clauses and clauses restricting subsidiary distributions.
Blue Owl Digital Infrastructure Trust,10-12G/A,2025-07-18,odit-form10a1.htm,1426666,,https://www.sec.gov/Archives/edgar/data/2069692/000206969225000011/odit-form10a1.htm,,,,,an be no assurance that we will make follow-on investments or that we will have sufficient funds to make all or any of such follow-on investments (including an event of default under applicable debt documents if an equity cure cannot be made).,These tax-exempt holders should consult their own tax advisors concerning these set aside and reserve requirements.,,,s and advances pay certain subordinated indebtedness modify the terms of organizational documents engage in certain transactions with affiliates and enter into negative pledge clauses and clauses restricting subsidiary distributions.
Blue Owl Digital Infrastructure Trust,10-12G,2025-06-10,odit-form10.htm,1404144,,https://www.sec.gov/Archives/edgar/data/2069692/000206969225000003/odit-form10.htm,,,,,an be no assurance that we will make follow-on investments or that we will have sufficient funds to make all or any of such follow-on investments (including an event of default under applicable debt documents in the event an equity cure cannot be made).,These tax-exempt holders should consult their own tax advisors concerning these set aside and reserve requirements.,,,s and advances pay certain subordinated indebtedness modify the terms of organizational documents engage in certain transactions with affiliates and enter into negative pledge clauses and clauses restricting subsidiary distributions.
