event_id,issuer,security,segment,direction,weight,status,evidence,source_receipt,identity_vintage
sec:0001050915-18-000061:us-gaap:RevenueRemainingPerformanceObligation:2018-06-30,"QUANTA SERVICES, INC.",PWR,corporate,positive,1.0,verified,SEC accession 0001050915-18-000061; us-gaap:RevenueRemainingPerformanceObligation,https://data.sec.gov/api/xbrl/companyfacts/CIK0001050915.json,2018-08-07
sec:0001050915-18-000065:us-gaap:RevenueRemainingPerformanceObligation:2018-09-30,"QUANTA SERVICES, INC.",PWR,corporate,negative,1.0,verified,SEC accession 0001050915-18-000065; us-gaap:RevenueRemainingPerformanceObligation,https://data.sec.gov/api/xbrl/companyfacts/CIK0001050915.json,2018-11-07
sec:0001050915-19-000014:us-gaap:RevenueRemainingPerformanceObligation:2018-12-31,"QUANTA SERVICES, INC.",PWR,corporate,negative,1.0,verified,SEC accession 0001050915-19-000014; us-gaap:RevenueRemainingPerformanceObligation,https://data.sec.gov/api/xbrl/companyfacts/CIK0001050915.json,2019-02-28
sec:0001050915-20-000020:us-gaap:RevenueRemainingPerformanceObligation:2018-12-31,"QUANTA SERVICES, INC.",PWR,corporate,neutral,1.0,verified,SEC accession 0001050915-20-000020; us-gaap:RevenueRemainingPerformanceObligation,https://data.sec.gov/api/xbrl/companyfacts/CIK0001050915.json,2020-02-28
sec:0001050915-19-000049:us-gaap:RevenueRemainingPerformanceObligation:2019-03-31,"QUANTA SERVICES, INC.",PWR,corporate,positive,1.0,verified,SEC accession 0001050915-19-000049; us-gaap:RevenueRemainingPerformanceObligation,https://data.sec.gov/api/xbrl/companyfacts/CIK0001050915.json,2019-05-06
sec:0001050915-19-000074:us-gaap:RevenueRemainingPerformanceObligation:2019-06-30,"QUANTA SERVICES, INC.",PWR,corporate,negative,1.0,verified,SEC accession 0001050915-19-000074; us-gaap:RevenueRemainingPerformanceObligation,https://data.sec.gov/api/xbrl/companyfacts/CIK0001050915.json,2019-08-02
sec:0001050915-19-000081:us-gaap:RevenueRemainingPerformanceObligation:2019-09-30,"QUANTA SERVICES, INC.",PWR,corporate,negative,1.0,verified,SEC accession 0001050915-19-000081; us-gaap:RevenueRemainingPerformanceObligation,https://data.sec.gov/api/xbrl/companyfacts/CIK0001050915.json,2019-11-01
sec:0001050915-20-000020:us-gaap:RevenueRemainingPerformanceObligation:2019-12-31,"QUANTA SERVICES, INC.",PWR,corporate,positive,1.0,verified,SEC accession 0001050915-20-000020; us-gaap:RevenueRemainingPerformanceObligation,https://data.sec.gov/api/xbrl/companyfacts/CIK0001050915.json,2020-02-28
sec:0001050915-20-000073:us-gaap:RevenueRemainingPerformanceObligation:2019-12-31,"QUANTA SERVICES, INC.",PWR,corporate,neutral,1.0,verified,SEC accession 0001050915-20-000073; us-gaap:RevenueRemainingPerformanceObligation,https://data.sec.gov/api/xbrl/companyfacts/CIK0001050915.json,2020-05-08
sec:0001050915-20-000100:us-gaap:RevenueRemainingPerformanceObligation:2019-12-31,"QUANTA SERVICES, INC.",PWR,corporate,neutral,1.0,verified,SEC accession 0001050915-20-000100; us-gaap:RevenueRemainingPerformanceObligation,https://data.sec.gov/api/xbrl/companyfacts/CIK0001050915.json,2020-08-07
sec:0001050915-20-000107:us-gaap:RevenueRemainingPerformanceObligation:2019-12-31,"QUANTA SERVICES, INC.",PWR,corporate,neutral,1.0,verified,SEC accession 0001050915-20-000107; us-gaap:RevenueRemainingPerformanceObligation,https://data.sec.gov/api/xbrl/companyfacts/CIK0001050915.json,2020-11-02
sec:0001050915-21-000009:us-gaap:RevenueRemainingPerformanceObligation:2019-12-31,"QUANTA SERVICES, INC.",PWR,corporate,neutral,1.0,verified,SEC accession 0001050915-21-000009; us-gaap:RevenueRemainingPerformanceObligation,https://data.sec.gov/api/xbrl/companyfacts/CIK0001050915.json,2021-03-01
sec:0001050915-20-000073:us-gaap:RevenueRemainingPerformanceObligation:2020-03-31,"QUANTA SERVICES, INC.",PWR,corporate,positive,1.0,verified,SEC accession 0001050915-20-000073; us-gaap:RevenueRemainingPerformanceObligation,https://data.sec.gov/api/xbrl/companyfacts/CIK0001050915.json,2020-05-08
sec:0001050915-20-000100:us-gaap:RevenueRemainingPerformanceObligation:2020-06-30,"QUANTA SERVICES, INC.",PWR,corporate,negative,1.0,verified,SEC accession 0001050915-20-000100; us-gaap:RevenueRemainingPerformanceObligation,https://data.sec.gov/api/xbrl/companyfacts/CIK0001050915.json,2020-08-07
sec:0001050915-20-000107:us-gaap:RevenueRemainingPerformanceObligation:2020-09-30,"QUANTA SERVICES, INC.",PWR,corporate,negative,1.0,verified,SEC accession 0001050915-20-000107; us-gaap:RevenueRemainingPerformanceObligation,https://data.sec.gov/api/xbrl/companyfacts/CIK0001050915.json,2020-11-02
sec:0001050915-21-000009:us-gaap:RevenueRemainingPerformanceObligation:2020-12-31,"QUANTA SERVICES, INC.",PWR,corporate,negative,1.0,verified,SEC accession 0001050915-21-000009; us-gaap:RevenueRemainingPerformanceObligation,https://data.sec.gov/api/xbrl/companyfacts/CIK0001050915.json,2021-03-01
sec:0001050915-21-000072:us-gaap:RevenueRemainingPerformanceObligation:2020-12-31,"QUANTA SERVICES, INC.",PWR,corporate,neutral,1.0,verified,SEC accession 0001050915-21-000072; us-gaap:RevenueRemainingPerformanceObligation,https://data.sec.gov/api/xbrl/companyfacts/CIK0001050915.json,2021-05-07
sec:0001050915-21-000103:us-gaap:RevenueRemainingPerformanceObligation:2020-12-31,"QUANTA SERVICES, INC.",PWR,corporate,neutral,1.0,verified,SEC accession 0001050915-21-000103; us-gaap:RevenueRemainingPerformanceObligation,https://data.sec.gov/api/xbrl/companyfacts/CIK0001050915.json,2021-08-06
sec:0001050915-21-000114:us-gaap:RevenueRemainingPerformanceObligation:2020-12-31,"QUANTA SERVICES, INC.",PWR,corporate,neutral,1.0,verified,SEC accession 0001050915-21-000114; us-gaap:RevenueRemainingPerformanceObligation,https://data.sec.gov/api/xbrl/companyfacts/CIK0001050915.json,2021-11-04
sec:0001050915-22-000008:us-gaap:RevenueRemainingPerformanceObligation:2020-12-31,"QUANTA SERVICES, INC.",PWR,corporate,neutral,1.0,verified,SEC accession 0001050915-22-000008; us-gaap:RevenueRemainingPerformanceObligation,https://data.sec.gov/api/xbrl/companyfacts/CIK0001050915.json,2022-02-25
sec:0001050915-21-000072:us-gaap:RevenueRemainingPerformanceObligation:2021-03-31,"QUANTA SERVICES, INC.",PWR,corporate,positive,1.0,verified,SEC accession 0001050915-21-000072; us-gaap:RevenueRemainingPerformanceObligation,https://data.sec.gov/api/xbrl/companyfacts/CIK0001050915.json,2021-05-07
sec:0001050915-21-000103:us-gaap:RevenueRemainingPerformanceObligation:2021-06-30,"QUANTA SERVICES, INC.",PWR,corporate,positive,1.0,verified,SEC accession 0001050915-21-000103; us-gaap:RevenueRemainingPerformanceObligation,https://data.sec.gov/api/xbrl/companyfacts/CIK0001050915.json,2021-08-06
sec:0001050915-21-000114:us-gaap:RevenueRemainingPerformanceObligation:2021-09-30,"QUANTA SERVICES, INC.",PWR,corporate,negative,1.0,verified,SEC accession 0001050915-21-000114; us-gaap:RevenueRemainingPerformanceObligation,https://data.sec.gov/api/xbrl/companyfacts/CIK0001050915.json,2021-11-04
sec:0001050915-22-000008:us-gaap:RevenueRemainingPerformanceObligation:2021-12-31,"QUANTA SERVICES, INC.",PWR,corporate,positive,1.0,verified,SEC accession 0001050915-22-000008; us-gaap:RevenueRemainingPerformanceObligation,https://data.sec.gov/api/xbrl/companyfacts/CIK0001050915.json,2022-02-25
sec:0001050915-22-000078:us-gaap:RevenueRemainingPerformanceObligation:2021-12-31,"QUANTA SERVICES, INC.",PWR,corporate,neutral,1.0,verified,SEC accession 0001050915-22-000078; us-gaap:RevenueRemainingPerformanceObligation,https://data.sec.gov/api/xbrl/companyfacts/CIK0001050915.json,2022-05-05
sec:0001050915-22-000116:us-gaap:RevenueRemainingPerformanceObligation:2021-12-31,"QUANTA SERVICES, INC.",PWR,corporate,neutral,1.0,verified,SEC accession 0001050915-22-000116; us-gaap:RevenueRemainingPerformanceObligation,https://data.sec.gov/api/xbrl/companyfacts/CIK0001050915.json,2022-08-04
sec:0001050915-22-000122:us-gaap:RevenueRemainingPerformanceObligation:2021-12-31,"QUANTA SERVICES, INC.",PWR,corporate,neutral,1.0,verified,SEC accession 0001050915-22-000122; us-gaap:RevenueRemainingPerformanceObligation,https://data.sec.gov/api/xbrl/companyfacts/CIK0001050915.json,2022-11-04
sec:0001050915-23-000010:us-gaap:RevenueRemainingPerformanceObligation:2021-12-31,"QUANTA SERVICES, INC.",PWR,corporate,neutral,1.0,verified,SEC accession 0001050915-23-000010; us-gaap:RevenueRemainingPerformanceObligation,https://data.sec.gov/api/xbrl/companyfacts/CIK0001050915.json,2023-02-23
sec:0001050915-22-000078:us-gaap:RevenueRemainingPerformanceObligation:2022-03-31,"QUANTA SERVICES, INC.",PWR,corporate,positive,1.0,verified,SEC accession 0001050915-22-000078; us-gaap:RevenueRemainingPerformanceObligation,https://data.sec.gov/api/xbrl/companyfacts/CIK0001050915.json,2022-05-05
sec:0001050915-22-000116:us-gaap:RevenueRemainingPerformanceObligation:2022-06-30,"QUANTA SERVICES, INC.",PWR,corporate,positive,1.0,verified,SEC accession 0001050915-22-000116; us-gaap:RevenueRemainingPerformanceObligation,https://data.sec.gov/api/xbrl/companyfacts/CIK0001050915.json,2022-08-04
sec:0001050915-22-000122:us-gaap:RevenueRemainingPerformanceObligation:2022-09-30,"QUANTA SERVICES, INC.",PWR,corporate,negative,1.0,verified,SEC accession 0001050915-22-000122; us-gaap:RevenueRemainingPerformanceObligation,https://data.sec.gov/api/xbrl/companyfacts/CIK0001050915.json,2022-11-04
sec:0001050915-23-000010:us-gaap:RevenueRemainingPerformanceObligation:2022-12-31,"QUANTA SERVICES, INC.",PWR,corporate,positive,1.0,verified,SEC accession 0001050915-23-000010; us-gaap:RevenueRemainingPerformanceObligation,https://data.sec.gov/api/xbrl/companyfacts/CIK0001050915.json,2023-02-23
sec:0001050915-23-000080:us-gaap:RevenueRemainingPerformanceObligation:2022-12-31,"QUANTA SERVICES, INC.",PWR,corporate,neutral,1.0,verified,SEC accession 0001050915-23-000080; us-gaap:RevenueRemainingPerformanceObligation,https://data.sec.gov/api/xbrl/companyfacts/CIK0001050915.json,2023-05-04
sec:0001050915-23-000150:us-gaap:RevenueRemainingPerformanceObligation:2022-12-31,"QUANTA SERVICES, INC.",PWR,corporate,neutral,1.0,verified,SEC accession 0001050915-23-000150; us-gaap:RevenueRemainingPerformanceObligation,https://data.sec.gov/api/xbrl/companyfacts/CIK0001050915.json,2023-08-03
sec:0001050915-23-000164:us-gaap:RevenueRemainingPerformanceObligation:2022-12-31,"QUANTA SERVICES, INC.",PWR,corporate,neutral,1.0,verified,SEC accession 0001050915-23-000164; us-gaap:RevenueRemainingPerformanceObligation,https://data.sec.gov/api/xbrl/companyfacts/CIK0001050915.json,2023-11-02
sec:0001050915-24-000009:us-gaap:RevenueRemainingPerformanceObligation:2022-12-31,"QUANTA SERVICES, INC.",PWR,corporate,neutral,1.0,verified,SEC accession 0001050915-24-000009; us-gaap:RevenueRemainingPerformanceObligation,https://data.sec.gov/api/xbrl/companyfacts/CIK0001050915.json,2024-02-22
sec:0001050915-23-000080:us-gaap:RevenueRemainingPerformanceObligation:2023-03-31,"QUANTA SERVICES, INC.",PWR,corporate,positive,1.0,verified,SEC accession 0001050915-23-000080; us-gaap:RevenueRemainingPerformanceObligation,https://data.sec.gov/api/xbrl/companyfacts/CIK0001050915.json,2023-05-04
sec:0001050915-23-000150:us-gaap:RevenueRemainingPerformanceObligation:2023-06-30,"QUANTA SERVICES, INC.",PWR,corporate,positive,1.0,verified,SEC accession 0001050915-23-000150; us-gaap:RevenueRemainingPerformanceObligation,https://data.sec.gov/api/xbrl/companyfacts/CIK0001050915.json,2023-08-03
sec:0001050915-23-000164:us-gaap:RevenueRemainingPerformanceObligation:2023-09-30,"QUANTA SERVICES, INC.",PWR,corporate,positive,1.0,verified,SEC accession 0001050915-23-000164; us-gaap:RevenueRemainingPerformanceObligation,https://data.sec.gov/api/xbrl/companyfacts/CIK0001050915.json,2023-11-02
sec:0001050915-24-000009:us-gaap:RevenueRemainingPerformanceObligation:2023-12-31,"QUANTA SERVICES, INC.",PWR,corporate,positive,1.0,verified,SEC accession 0001050915-24-000009; us-gaap:RevenueRemainingPerformanceObligation,https://data.sec.gov/api/xbrl/companyfacts/CIK0001050915.json,2024-02-22
sec:0001050915-24-000082:us-gaap:RevenueRemainingPerformanceObligation:2023-12-31,"QUANTA SERVICES, INC.",PWR,corporate,neutral,1.0,verified,SEC accession 0001050915-24-000082; us-gaap:RevenueRemainingPerformanceObligation,https://data.sec.gov/api/xbrl/companyfacts/CIK0001050915.json,2024-05-02
sec:0001050915-24-000140:us-gaap:RevenueRemainingPerformanceObligation:2023-12-31,"QUANTA SERVICES, INC.",PWR,corporate,neutral,1.0,verified,SEC accession 0001050915-24-000140; us-gaap:RevenueRemainingPerformanceObligation,https://data.sec.gov/api/xbrl/companyfacts/CIK0001050915.json,2024-08-01
sec:0001050915-24-000082:us-gaap:RevenueRemainingPerformanceObligation:2024-03-31,"QUANTA SERVICES, INC.",PWR,corporate,positive,1.0,verified,SEC accession 0001050915-24-000082; us-gaap:RevenueRemainingPerformanceObligation,https://data.sec.gov/api/xbrl/companyfacts/CIK0001050915.json,2024-05-02
sec:0001050915-24-000140:us-gaap:RevenueRemainingPerformanceObligation:2024-06-30,"QUANTA SERVICES, INC.",PWR,corporate,negative,1.0,verified,SEC accession 0001050915-24-000140; us-gaap:RevenueRemainingPerformanceObligation,https://data.sec.gov/api/xbrl/companyfacts/CIK0001050915.json,2024-08-01
sec:0000950123-11-096452:us-gaap:UnapprovedChangeOrdersAmount:2010-12-31,"QUANTA SERVICES, INC.",PWR,corporate,neutral,1.0,verified,SEC accession 0000950123-11-096452; us-gaap:UnapprovedChangeOrdersAmount,https://data.sec.gov/api/xbrl/companyfacts/CIK0001050915.json,2011-11-08
sec:0001193125-12-088822:us-gaap:UnapprovedChangeOrdersAmount:2010-12-31,"QUANTA SERVICES, INC.",PWR,corporate,neutral,1.0,verified,SEC accession 0001193125-12-088822; us-gaap:UnapprovedChangeOrdersAmount,https://data.sec.gov/api/xbrl/companyfacts/CIK0001050915.json,2012-02-29
sec:0000950123-11-073814:us-gaap:UnapprovedChangeOrdersAmount:2011-06-30,"QUANTA SERVICES, INC.",PWR,corporate,negative,1.0,verified,SEC accession 0000950123-11-073814; us-gaap:UnapprovedChangeOrdersAmount,https://data.sec.gov/api/xbrl/companyfacts/CIK0001050915.json,2011-08-05
sec:0000950123-11-096452:us-gaap:UnapprovedChangeOrdersAmount:2011-09-30,"QUANTA SERVICES, INC.",PWR,corporate,negative,1.0,verified,SEC accession 0000950123-11-096452; us-gaap:UnapprovedChangeOrdersAmount,https://data.sec.gov/api/xbrl/companyfacts/CIK0001050915.json,2011-11-08
sec:0001193125-12-088822:us-gaap:UnapprovedChangeOrdersAmount:2011-12-31,"QUANTA SERVICES, INC.",PWR,corporate,positive,1.0,verified,SEC accession 0001193125-12-088822; us-gaap:UnapprovedChangeOrdersAmount,https://data.sec.gov/api/xbrl/companyfacts/CIK0001050915.json,2012-02-29
sec:0001193125-12-221254:us-gaap:UnapprovedChangeOrdersAmount:2011-12-31,"QUANTA SERVICES, INC.",PWR,corporate,neutral,1.0,verified,SEC accession 0001193125-12-221254; us-gaap:UnapprovedChangeOrdersAmount,https://data.sec.gov/api/xbrl/companyfacts/CIK0001050915.json,2012-05-09
sec:0001193125-12-344072:us-gaap:UnapprovedChangeOrdersAmount:2011-12-31,"QUANTA SERVICES, INC.",PWR,corporate,neutral,1.0,verified,SEC accession 0001193125-12-344072; us-gaap:UnapprovedChangeOrdersAmount,https://data.sec.gov/api/xbrl/companyfacts/CIK0001050915.json,2012-08-08
sec:0001193125-12-457556:us-gaap:UnapprovedChangeOrdersAmount:2011-12-31,"QUANTA SERVICES, INC.",PWR,corporate,neutral,1.0,verified,SEC accession 0001193125-12-457556; us-gaap:UnapprovedChangeOrdersAmount,https://data.sec.gov/api/xbrl/companyfacts/CIK0001050915.json,2012-11-07
sec:0001193125-13-087221:us-gaap:UnapprovedChangeOrdersAmount:2011-12-31,"QUANTA SERVICES, INC.",PWR,corporate,neutral,1.0,verified,SEC accession 0001193125-13-087221; us-gaap:UnapprovedChangeOrdersAmount,https://data.sec.gov/api/xbrl/companyfacts/CIK0001050915.json,2013-03-01
sec:0001193125-12-221254:us-gaap:UnapprovedChangeOrdersAmount:2012-03-31,"QUANTA SERVICES, INC.",PWR,corporate,positive,1.0,verified,SEC accession 0001193125-12-221254; us-gaap:UnapprovedChangeOrdersAmount,https://data.sec.gov/api/xbrl/companyfacts/CIK0001050915.json,2012-05-09
sec:0001193125-12-344072:us-gaap:UnapprovedChangeOrdersAmount:2012-06-30,"QUANTA SERVICES, INC.",PWR,corporate,positive,1.0,verified,SEC accession 0001193125-12-344072; us-gaap:UnapprovedChangeOrdersAmount,https://data.sec.gov/api/xbrl/companyfacts/CIK0001050915.json,2012-08-08
sec:0001193125-12-457556:us-gaap:UnapprovedChangeOrdersAmount:2012-09-30,"QUANTA SERVICES, INC.",PWR,corporate,negative,1.0,verified,SEC accession 0001193125-12-457556; us-gaap:UnapprovedChangeOrdersAmount,https://data.sec.gov/api/xbrl/companyfacts/CIK0001050915.json,2012-11-07
sec:0001193125-13-087221:us-gaap:UnapprovedChangeOrdersAmount:2012-12-31,"QUANTA SERVICES, INC.",PWR,corporate,negative,1.0,verified,SEC accession 0001193125-13-087221; us-gaap:UnapprovedChangeOrdersAmount,https://data.sec.gov/api/xbrl/companyfacts/CIK0001050915.json,2013-03-01
sec:0001193125-13-206743:us-gaap:UnapprovedChangeOrdersAmount:2012-12-31,"QUANTA SERVICES, INC.",PWR,corporate,neutral,1.0,verified,SEC accession 0001193125-13-206743; us-gaap:UnapprovedChangeOrdersAmount,https://data.sec.gov/api/xbrl/companyfacts/CIK0001050915.json,2013-05-08
sec:0001193125-13-328613:us-gaap:UnapprovedChangeOrdersAmount:2012-12-31,"QUANTA SERVICES, INC.",PWR,corporate,neutral,1.0,verified,SEC accession 0001193125-13-328613; us-gaap:UnapprovedChangeOrdersAmount,https://data.sec.gov/api/xbrl/companyfacts/CIK0001050915.json,2013-08-09
sec:0001193125-13-435250:us-gaap:UnapprovedChangeOrdersAmount:2012-12-31,"QUANTA SERVICES, INC.",PWR,corporate,neutral,1.0,verified,SEC accession 0001193125-13-435250; us-gaap:UnapprovedChangeOrdersAmount,https://data.sec.gov/api/xbrl/companyfacts/CIK0001050915.json,2013-11-08
sec:0001193125-14-079763:us-gaap:UnapprovedChangeOrdersAmount:2012-12-31,"QUANTA SERVICES, INC.",PWR,corporate,neutral,1.0,verified,SEC accession 0001193125-14-079763; us-gaap:UnapprovedChangeOrdersAmount,https://data.sec.gov/api/xbrl/companyfacts/CIK0001050915.json,2014-03-03
sec:0001193125-13-206743:us-gaap:UnapprovedChangeOrdersAmount:2013-03-31,"QUANTA SERVICES, INC.",PWR,corporate,positive,1.0,verified,SEC accession 0001193125-13-206743; us-gaap:UnapprovedChangeOrdersAmount,https://data.sec.gov/api/xbrl/companyfacts/CIK0001050915.json,2013-05-08
sec:0001193125-13-328613:us-gaap:UnapprovedChangeOrdersAmount:2013-06-30,"QUANTA SERVICES, INC.",PWR,corporate,positive,1.0,verified,SEC accession 0001193125-13-328613; us-gaap:UnapprovedChangeOrdersAmount,https://data.sec.gov/api/xbrl/companyfacts/CIK0001050915.json,2013-08-09
sec:0001193125-13-435250:us-gaap:UnapprovedChangeOrdersAmount:2013-09-30,"QUANTA SERVICES, INC.",PWR,corporate,negative,1.0,verified,SEC accession 0001193125-13-435250; us-gaap:UnapprovedChangeOrdersAmount,https://data.sec.gov/api/xbrl/companyfacts/CIK0001050915.json,2013-11-08
sec:0001193125-14-079763:us-gaap:UnapprovedChangeOrdersAmount:2013-12-31,"QUANTA SERVICES, INC.",PWR,corporate,positive,1.0,verified,SEC accession 0001193125-14-079763; us-gaap:UnapprovedChangeOrdersAmount,https://data.sec.gov/api/xbrl/companyfacts/CIK0001050915.json,2014-03-03
sec:0001193125-14-190173:us-gaap:UnapprovedChangeOrdersAmount:2013-12-31,"QUANTA SERVICES, INC.",PWR,corporate,neutral,1.0,verified,SEC accession 0001193125-14-190173; us-gaap:UnapprovedChangeOrdersAmount,https://data.sec.gov/api/xbrl/companyfacts/CIK0001050915.json,2014-05-08
sec:0001193125-14-303240:us-gaap:UnapprovedChangeOrdersAmount:2013-12-31,"QUANTA SERVICES, INC.",PWR,corporate,negative,1.0,verified,SEC accession 0001193125-14-303240; us-gaap:UnapprovedChangeOrdersAmount,https://data.sec.gov/api/xbrl/companyfacts/CIK0001050915.json,2014-08-08
sec:0001193125-14-399068:us-gaap:UnapprovedChangeOrdersAmount:2013-12-31,"QUANTA SERVICES, INC.",PWR,corporate,neutral,1.0,verified,SEC accession 0001193125-14-399068; us-gaap:UnapprovedChangeOrdersAmount,https://data.sec.gov/api/xbrl/companyfacts/CIK0001050915.json,2014-11-06
sec:0001193125-15-073003:us-gaap:UnapprovedChangeOrdersAmount:2013-12-31,"QUANTA SERVICES, INC.",PWR,corporate,neutral,1.0,verified,SEC accession 0001193125-15-073003; us-gaap:UnapprovedChangeOrdersAmount,https://data.sec.gov/api/xbrl/companyfacts/CIK0001050915.json,2015-03-02
sec:0001193125-14-190173:us-gaap:UnapprovedChangeOrdersAmount:2014-03-31,"QUANTA SERVICES, INC.",PWR,corporate,positive,1.0,verified,SEC accession 0001193125-14-190173; us-gaap:UnapprovedChangeOrdersAmount,https://data.sec.gov/api/xbrl/companyfacts/CIK0001050915.json,2014-05-08
sec:0001193125-14-303240:us-gaap:UnapprovedChangeOrdersAmount:2014-06-30,"QUANTA SERVICES, INC.",PWR,corporate,negative,1.0,verified,SEC accession 0001193125-14-303240; us-gaap:UnapprovedChangeOrdersAmount,https://data.sec.gov/api/xbrl/companyfacts/CIK0001050915.json,2014-08-08
sec:0001193125-14-399068:us-gaap:UnapprovedChangeOrdersAmount:2014-09-30,"QUANTA SERVICES, INC.",PWR,corporate,positive,1.0,verified,SEC accession 0001193125-14-399068; us-gaap:UnapprovedChangeOrdersAmount,https://data.sec.gov/api/xbrl/companyfacts/CIK0001050915.json,2014-11-06
sec:0001193125-15-073003:us-gaap:UnapprovedChangeOrdersAmount:2014-12-31,"QUANTA SERVICES, INC.",PWR,corporate,positive,1.0,verified,SEC accession 0001193125-15-073003; us-gaap:UnapprovedChangeOrdersAmount,https://data.sec.gov/api/xbrl/companyfacts/CIK0001050915.json,2015-03-02
sec:0001193125-15-179586:us-gaap:UnapprovedChangeOrdersAmount:2014-12-31,"QUANTA SERVICES, INC.",PWR,corporate,neutral,1.0,verified,SEC accession 0001193125-15-179586; us-gaap:UnapprovedChangeOrdersAmount,https://data.sec.gov/api/xbrl/companyfacts/CIK0001050915.json,2015-05-08
sec:0001193125-15-284664:us-gaap:UnapprovedChangeOrdersAmount:2014-12-31,"QUANTA SERVICES, INC.",PWR,corporate,neutral,1.0,verified,SEC accession 0001193125-15-284664; us-gaap:UnapprovedChangeOrdersAmount,https://data.sec.gov/api/xbrl/companyfacts/CIK0001050915.json,2015-08-10
sec:0001193125-15-370391:us-gaap:UnapprovedChangeOrdersAmount:2014-12-31,"QUANTA SERVICES, INC.",PWR,corporate,neutral,1.0,verified,SEC accession 0001193125-15-370391; us-gaap:UnapprovedChangeOrdersAmount,https://data.sec.gov/api/xbrl/companyfacts/CIK0001050915.json,2015-11-06
sec:0001193125-16-485494:us-gaap:UnapprovedChangeOrdersAmount:2014-12-31,"QUANTA SERVICES, INC.",PWR,corporate,neutral,1.0,verified,SEC accession 0001193125-16-485494; us-gaap:UnapprovedChangeOrdersAmount,https://data.sec.gov/api/xbrl/companyfacts/CIK0001050915.json,2016-02-29
sec:0001193125-15-179586:us-gaap:UnapprovedChangeOrdersAmount:2015-03-31,"QUANTA SERVICES, INC.",PWR,corporate,positive,1.0,verified,SEC accession 0001193125-15-179586; us-gaap:UnapprovedChangeOrdersAmount,https://data.sec.gov/api/xbrl/companyfacts/CIK0001050915.json,2015-05-08
sec:0001193125-15-284664:us-gaap:UnapprovedChangeOrdersAmount:2015-06-30,"QUANTA SERVICES, INC.",PWR,corporate,positive,1.0,verified,SEC accession 0001193125-15-284664; us-gaap:UnapprovedChangeOrdersAmount,https://data.sec.gov/api/xbrl/companyfacts/CIK0001050915.json,2015-08-10
sec:0001193125-15-370391:us-gaap:UnapprovedChangeOrdersAmount:2015-09-30,"QUANTA SERVICES, INC.",PWR,corporate,negative,1.0,verified,SEC accession 0001193125-15-370391; us-gaap:UnapprovedChangeOrdersAmount,https://data.sec.gov/api/xbrl/companyfacts/CIK0001050915.json,2015-11-06
sec:0001193125-16-485494:us-gaap:UnapprovedChangeOrdersAmount:2015-12-31,"QUANTA SERVICES, INC.",PWR,corporate,positive,1.0,verified,SEC accession 0001193125-16-485494; us-gaap:UnapprovedChangeOrdersAmount,https://data.sec.gov/api/xbrl/companyfacts/CIK0001050915.json,2016-02-29
sec:0001193125-16-585468:us-gaap:UnapprovedChangeOrdersAmount:2015-12-31,"QUANTA SERVICES, INC.",PWR,corporate,neutral,1.0,verified,SEC accession 0001193125-16-585468; us-gaap:UnapprovedChangeOrdersAmount,https://data.sec.gov/api/xbrl/companyfacts/CIK0001050915.json,2016-05-10
sec:0001193125-16-675265:us-gaap:UnapprovedChangeOrdersAmount:2015-12-31,"QUANTA SERVICES, INC.",PWR,corporate,neutral,1.0,verified,SEC accession 0001193125-16-675265; us-gaap:UnapprovedChangeOrdersAmount,https://data.sec.gov/api/xbrl/companyfacts/CIK0001050915.json,2016-08-08
sec:0001193125-16-762970:us-gaap:UnapprovedChangeOrdersAmount:2015-12-31,"QUANTA SERVICES, INC.",PWR,corporate,neutral,1.0,verified,SEC accession 0001193125-16-762970; us-gaap:UnapprovedChangeOrdersAmount,https://data.sec.gov/api/xbrl/companyfacts/CIK0001050915.json,2016-11-08
sec:0001193125-17-064821:us-gaap:UnapprovedChangeOrdersAmount:2015-12-31,"QUANTA SERVICES, INC.",PWR,corporate,neutral,1.0,verified,SEC accession 0001193125-17-064821; us-gaap:UnapprovedChangeOrdersAmount,https://data.sec.gov/api/xbrl/companyfacts/CIK0001050915.json,2017-03-01
sec:0001193125-16-585468:us-gaap:UnapprovedChangeOrdersAmount:2016-03-31,"QUANTA SERVICES, INC.",PWR,corporate,negative,1.0,verified,SEC accession 0001193125-16-585468; us-gaap:UnapprovedChangeOrdersAmount,https://data.sec.gov/api/xbrl/companyfacts/CIK0001050915.json,2016-05-10
sec:0001193125-16-675265:us-gaap:UnapprovedChangeOrdersAmount:2016-06-30,"QUANTA SERVICES, INC.",PWR,corporate,negative,1.0,verified,SEC accession 0001193125-16-675265; us-gaap:UnapprovedChangeOrdersAmount,https://data.sec.gov/api/xbrl/companyfacts/CIK0001050915.json,2016-08-08
sec:0001193125-16-762970:us-gaap:UnapprovedChangeOrdersAmount:2016-09-30,"QUANTA SERVICES, INC.",PWR,corporate,positive,1.0,verified,SEC accession 0001193125-16-762970; us-gaap:UnapprovedChangeOrdersAmount,https://data.sec.gov/api/xbrl/companyfacts/CIK0001050915.json,2016-11-08
sec:0001193125-17-064821:us-gaap:UnapprovedChangeOrdersAmount:2016-12-31,"QUANTA SERVICES, INC.",PWR,corporate,positive,1.0,verified,SEC accession 0001193125-17-064821; us-gaap:UnapprovedChangeOrdersAmount,https://data.sec.gov/api/xbrl/companyfacts/CIK0001050915.json,2017-03-01
sec:0001193125-17-164407:us-gaap:UnapprovedChangeOrdersAmount:2016-12-31,"QUANTA SERVICES, INC.",PWR,corporate,neutral,1.0,verified,SEC accession 0001193125-17-164407; us-gaap:UnapprovedChangeOrdersAmount,https://data.sec.gov/api/xbrl/companyfacts/CIK0001050915.json,2017-05-09
sec:0001050915-17-000031:us-gaap:UnapprovedChangeOrdersAmount:2016-12-31,"QUANTA SERVICES, INC.",PWR,corporate,neutral,1.0,verified,SEC accession 0001050915-17-000031; us-gaap:UnapprovedChangeOrdersAmount,https://data.sec.gov/api/xbrl/companyfacts/CIK0001050915.json,2017-08-08
sec:0001050915-17-000057:us-gaap:UnapprovedChangeOrdersAmount:2016-12-31,"QUANTA SERVICES, INC.",PWR,corporate,negative,1.0,verified,SEC accession 0001050915-17-000057; us-gaap:UnapprovedChangeOrdersAmount,https://data.sec.gov/api/xbrl/companyfacts/CIK0001050915.json,2017-11-09
sec:0001050915-18-000003:us-gaap:UnapprovedChangeOrdersAmount:2016-12-31,"QUANTA SERVICES, INC.",PWR,corporate,neutral,1.0,verified,SEC accession 0001050915-18-000003; us-gaap:UnapprovedChangeOrdersAmount,https://data.sec.gov/api/xbrl/companyfacts/CIK0001050915.json,2018-02-28
sec:0001193125-17-164407:us-gaap:UnapprovedChangeOrdersAmount:2017-03-31,"QUANTA SERVICES, INC.",PWR,corporate,positive,1.0,verified,SEC accession 0001193125-17-164407; us-gaap:UnapprovedChangeOrdersAmount,https://data.sec.gov/api/xbrl/companyfacts/CIK0001050915.json,2017-05-09
sec:0001050915-17-000031:us-gaap:UnapprovedChangeOrdersAmount:2017-06-30,"QUANTA SERVICES, INC.",PWR,corporate,negative,1.0,verified,SEC accession 0001050915-17-000031; us-gaap:UnapprovedChangeOrdersAmount,https://data.sec.gov/api/xbrl/companyfacts/CIK0001050915.json,2017-08-08
sec:0001050915-17-000057:us-gaap:UnapprovedChangeOrdersAmount:2017-09-30,"QUANTA SERVICES, INC.",PWR,corporate,negative,1.0,verified,SEC accession 0001050915-17-000057; us-gaap:UnapprovedChangeOrdersAmount,https://data.sec.gov/api/xbrl/companyfacts/CIK0001050915.json,2017-11-09
sec:0001050915-18-000003:us-gaap:UnapprovedChangeOrdersAmount:2017-12-31,"QUANTA SERVICES, INC.",PWR,corporate,negative,1.0,verified,SEC accession 0001050915-18-000003; us-gaap:UnapprovedChangeOrdersAmount,https://data.sec.gov/api/xbrl/companyfacts/CIK0001050915.json,2018-02-28
