node,representation,months,first,last,mean,standard_deviation,rolling_12m_standard_deviation_mean,scale_stability_ratio,skew,kurtosis,minimum,maximum,share_of_months_in_top_decile_of_scale
feature:equipment:lead-time-share,delivery_time_index,105,2014-01,2022-09,10.06095238,5.106773316,3.544142994,0.320281287,0.982819563,1.198726209,2,29.2,0.1063829787
feature:equipment:lead-time-share,lead_time_growth,46,2018-08,2022-09,0.01451698693,0.01905869539,0.01185047101,0.247990982,0.7958861605,0.1307508435,-0.01371858267,0.06891917887,0.1142857143
feature:equipment:lead-time-share,negative_lead_time_share,48,2018-05,2022-09,0.4098094212,0.297964338,0.2850580428,0.1078672801,0.5875384143,-0.9201593207,0,1,0.1081081081
feature:equipment:lead-time-share,supply_chain_pressure,105,2014-01,2022-09,0.6377160344,1.400735991,0.4979708813,0.2707700057,1.04725962,-0.06835874779,-1.028534876,4.430888199,0.1063829787
firm:obligation:remaining-performance,firm_share_negative_revision,30,2015-03,2022-08,0.3166666667,0.3849416535,0.4152199084,0.1289219699,0.6856704471,-1.065961462,0,1,0.1578947368
firm:obligation:remaining-performance,reported_obligation_value,19,2018-05,2022-08,5358684211,844292855.4,477974176.8,0.2728155441,1.592203226,1.770048841,4400000000,7673333333,0.125
firm:obligation:unapproved-change-orders,change_over_abs_value,13,2015-03,2018-02,-0.07634801523,0.6454054367,0.6718709061,0.004811313412,-1.750123866,3.788993251,-2.014718615,0.9683888511,0.5
price:commodity:gas,monthly_gas_level,87,2015-07,2022-09,3.149456647,1.371070339,0.4818757771,0.2433855122,2.277726598,5.379616732,1.700863632,8.779478198,0.1052631579
price:compute:rental,monthly_median_family_rebased_index,22,2022-06,2024-03,1.096098487,0.1770505683,0.1933169291,0.07607520368,0.8190572557,-0.9929301711,0.9150231579,1.43672579,0.1818181818
price:equity:buildout,buildout_basket,87,2015-07,2022-09,1.713658034,0.5928655889,0.1629491567,0.1667079705,0.7852013301,-0.690170808,0.8865889653,2.955928778,0.1052631579
price:equity:scarcity,scarcity_basket,57,2018-01,2022-09,1.596354321,0.2641523302,0.09722868371,0.05525674388,0.2352497888,-0.8027436746,1.107314409,2.115392698,0.1086956522
promise:power:planned-capacity-revision,promise_next_year_level,87,2015-07,2022-09,34017.86207,8190.612649,4550.750934,0.1803261662,0.3169648172,-1.071001003,21379.4,53449.1,0.1052631579
promise:power:planned-capacity-revision,promise_next_year_revision,75,2016-07,2022-09,0.361455317,0.2486850261,0.1409077689,0.2821080013,-0.4917742517,-0.7113312135,-0.3158723046,0.8015756227,0.109375
promise:power:planned-capacity-revision,promise_total_level,87,2015-07,2022-09,110473.3149,14456.52043,4927.418806,0.1263080836,0.5856950408,-0.4442447514,90281.9,152093.2,0.1052631579
water:drought:severity,monthly_drought_severity,87,2015-07,2022-09,8.491665703,8.308203536,3.425634145,0.2108495916,0.9452435909,-0.4093392666,0,30.52103497,0.1052631579
