event_id,ticker,available,horizon,firm_return,market_return,sector_return,market_abnormal,sector_abnormal,source_receipt
market:0001050915-18-000061:us-gaap:RevenueRemainingPerformanceObligation:2018-06-30,PWR,2018-08-07T20:41:16+00:00,5,-0.025273145958217613,-0.012891418281763212,-0.01693818222213861,-0.012381727676454402,-0.008334963736079004,market:yfinance:results/bar-cache
market:0001050915-18-000065:us-gaap:RevenueRemainingPerformanceObligation:2018-09-30,PWR,2018-11-07T22:03:11+00:00,5,-0.029994735988519317,-0.026666949537897944,-0.015718939484009042,-0.003327786450621373,-0.014275796504510274,market:yfinance:results/bar-cache
market:0001050915-19-000014:us-gaap:RevenueRemainingPerformanceObligation:2018-12-31,PWR,2019-02-28T22:27:22+00:00,5,-0.020867886812640735,-0.021253385391815205,-0.02800682164943713,0.0003854985791744703,0.007138934836796396,market:yfinance:results/bar-cache
market:0001050915-20-000020:us-gaap:RevenueRemainingPerformanceObligation:2018-12-31,PWR,2020-02-28T22:25:05+00:00,5,-0.14447591644602054,-0.11278288032268469,-0.1306016463352162,-0.03169303612333585,-0.013874270110804332,market:yfinance:results/bar-cache
market:0001050915-19-000049:us-gaap:RevenueRemainingPerformanceObligation:2019-03-31,PWR,2019-05-06T18:25:43+00:00,5,-0.059257435702823824,-0.015733096228070398,-0.015904469696233603,-0.043524339474753426,-0.04335296600659022,market:yfinance:results/bar-cache
market:0001050915-19-000074:us-gaap:RevenueRemainingPerformanceObligation:2019-06-30,PWR,2019-08-02T21:25:36+00:00,5,0.018370982282630788,0.01497383622819548,0.008952542435450406,0.003397146054435307,0.009418439847180382,market:yfinance:results/bar-cache
market:0001050915-19-000081:us-gaap:RevenueRemainingPerformanceObligation:2019-09-30,PWR,2019-11-01T20:53:17+00:00,5,-0.020576171776407137,0.003188017539857313,0.00800994644929709,-0.02376418931626445,-0.028586118225704227,market:yfinance:results/bar-cache
market:0001050915-20-000020:us-gaap:RevenueRemainingPerformanceObligation:2019-12-31,PWR,2020-02-28T22:25:05+00:00,5,-0.14447591644602054,-0.11278288032268469,-0.1306016463352162,-0.03169303612333585,-0.013874270110804332,market:yfinance:results/bar-cache
market:0001050915-20-000073:us-gaap:RevenueRemainingPerformanceObligation:2019-12-31,PWR,2020-05-08T21:07:01+00:00,5,0.012738583373273604,0.008547156746545603,0.017008883207309644,0.004191426626728001,-0.00427029983403604,market:yfinance:results/bar-cache
market:0001050915-20-000100:us-gaap:RevenueRemainingPerformanceObligation:2019-12-31,PWR,2020-08-08T00:40:23+00:00,5,0.05373417986951723,0.0069732953842345236,0.0024681013339096225,0.046760884485282705,0.051266078535607607,market:yfinance:results/bar-cache
market:0001050915-20-000107:us-gaap:RevenueRemainingPerformanceObligation:2019-12-31,PWR,2020-10-30T22:49:47+00:00,5,-0.01444696972069659,0.07377323926880908,0.07944111199904991,-0.08822020898950567,-0.0938880817197465,market:yfinance:results/bar-cache
market:0001050915-21-000009:us-gaap:RevenueRemainingPerformanceObligation:2019-12-31,PWR,2021-02-27T00:09:46+00:00,5,-0.027537998739351477,-0.02017552339151829,0.01603349790888209,-0.007362475347833186,-0.043571496648233565,market:yfinance:results/bar-cache
market:0001050915-20-000073:us-gaap:RevenueRemainingPerformanceObligation:2020-03-31,PWR,2020-05-08T21:07:01+00:00,5,0.012738583373273604,0.008547156746545603,0.017008883207309644,0.004191426626728001,-0.00427029983403604,market:yfinance:results/bar-cache
market:0001050915-20-000100:us-gaap:RevenueRemainingPerformanceObligation:2020-06-30,PWR,2020-08-08T00:40:23+00:00,5,0.05373417986951723,0.0069732953842345236,0.0024681013339096225,0.046760884485282705,0.051266078535607607,market:yfinance:results/bar-cache
market:0001050915-20-000107:us-gaap:RevenueRemainingPerformanceObligation:2020-09-30,PWR,2020-10-30T22:49:47+00:00,5,-0.01444696972069659,0.07377323926880908,0.07944111199904991,-0.08822020898950567,-0.0938880817197465,market:yfinance:results/bar-cache
market:0001050915-21-000009:us-gaap:RevenueRemainingPerformanceObligation:2020-12-31,PWR,2021-02-27T00:09:46+00:00,5,-0.027537998739351477,-0.02017552339151829,0.01603349790888209,-0.007362475347833186,-0.043571496648233565,market:yfinance:results/bar-cache
market:0001050915-21-000072:us-gaap:RevenueRemainingPerformanceObligation:2020-12-31,PWR,2021-05-07T16:48:41+00:00,5,-0.037972240232727605,-0.005790289223728817,-0.009862424274959314,-0.03218195100899879,-0.02810981595776829,market:yfinance:results/bar-cache
market:0001050915-21-000103:us-gaap:RevenueRemainingPerformanceObligation:2020-12-31,PWR,2021-08-05T22:25:00+00:00,5,0.05544127578696667,0.007751445392866652,0.014100813297308612,0.04768983039410002,0.04134046248965806,market:yfinance:results/bar-cache
market:0001050915-21-000114:us-gaap:RevenueRemainingPerformanceObligation:2020-12-31,PWR,2021-11-04T21:14:54+00:00,5,-0.0037472201259574067,-0.0026892993921376895,0.00479347663598495,-0.0010579207338197172,-0.008540696761942357,market:yfinance:results/bar-cache
market:0001050915-22-000008:us-gaap:RevenueRemainingPerformanceObligation:2020-12-31,PWR,2022-02-25T22:25:27+00:00,5,-0.008536703962457759,-0.0393927370974394,-0.02192421151672108,0.030856033134981642,0.013387507554263323,market:yfinance:results/bar-cache
market:0001050915-21-000072:us-gaap:RevenueRemainingPerformanceObligation:2021-03-31,PWR,2021-05-07T16:48:41+00:00,5,-0.037972240232727605,-0.005790289223728817,-0.009862424274959314,-0.03218195100899879,-0.02810981595776829,market:yfinance:results/bar-cache
market:0001050915-21-000103:us-gaap:RevenueRemainingPerformanceObligation:2021-06-30,PWR,2021-08-05T22:25:00+00:00,5,0.05544127578696667,0.007751445392866652,0.014100813297308612,0.04768983039410002,0.04134046248965806,market:yfinance:results/bar-cache
market:0001050915-21-000114:us-gaap:RevenueRemainingPerformanceObligation:2021-09-30,PWR,2021-11-04T21:14:54+00:00,5,-0.0037472201259574067,-0.0026892993921376895,0.00479347663598495,-0.0010579207338197172,-0.008540696761942357,market:yfinance:results/bar-cache
market:0001050915-22-000008:us-gaap:RevenueRemainingPerformanceObligation:2021-12-31,PWR,2022-02-25T22:25:27+00:00,5,-0.008536703962457759,-0.0393927370974394,-0.02192421151672108,0.030856033134981642,0.013387507554263323,market:yfinance:results/bar-cache
market:0001050915-22-000078:us-gaap:RevenueRemainingPerformanceObligation:2021-12-31,PWR,2022-05-05T20:42:40+00:00,5,-0.04269071617039455,-0.023387005137294192,-0.025334860640357615,-0.019303711033100357,-0.017355855530036934,market:yfinance:results/bar-cache
market:0001050915-22-000116:us-gaap:RevenueRemainingPerformanceObligation:2021-12-31,PWR,2022-08-04T14:28:37+00:00,5,0.0478418672726848,0.032964953734445857,0.03870166700286681,0.014876913538238945,0.009140200269817988,market:yfinance:results/bar-cache
market:0001050915-22-000122:us-gaap:RevenueRemainingPerformanceObligation:2021-12-31,PWR,2022-11-03T22:40:41+00:00,5,-0.015670941069594324,0.05888131346128711,0.046912984929452284,-0.07455225453088143,-0.06258392599904661,market:yfinance:results/bar-cache
market:0001050915-23-000010:us-gaap:RevenueRemainingPerformanceObligation:2021-12-31,PWR,2023-02-23T15:18:37+00:00,5,0.015438311651128078,0.01970334916334271,0.03349624912107285,-0.004265037512214631,-0.018057937469944774,market:yfinance:results/bar-cache
market:0001050915-22-000078:us-gaap:RevenueRemainingPerformanceObligation:2022-03-31,PWR,2022-05-05T20:42:40+00:00,5,-0.04269071617039455,-0.023387005137294192,-0.025334860640357615,-0.019303711033100357,-0.017355855530036934,market:yfinance:results/bar-cache
market:0001050915-22-000116:us-gaap:RevenueRemainingPerformanceObligation:2022-06-30,PWR,2022-08-04T14:28:37+00:00,5,0.0478418672726848,0.032964953734445857,0.03870166700286681,0.014876913538238945,0.009140200269817988,market:yfinance:results/bar-cache
market:0001050915-22-000122:us-gaap:RevenueRemainingPerformanceObligation:2022-09-30,PWR,2022-11-03T22:40:41+00:00,5,-0.015670941069594324,0.05888131346128711,0.046912984929452284,-0.07455225453088143,-0.06258392599904661,market:yfinance:results/bar-cache
market:0001050915-23-000010:us-gaap:RevenueRemainingPerformanceObligation:2022-12-31,PWR,2023-02-23T15:18:37+00:00,5,0.015438311651128078,0.01970334916334271,0.03349624912107285,-0.004265037512214631,-0.018057937469944774,market:yfinance:results/bar-cache
market:0001050915-23-000080:us-gaap:RevenueRemainingPerformanceObligation:2022-12-31,PWR,2023-05-04T14:23:00+00:00,5,0.016250464554273814,-0.002520505272089024,-0.010350489535151497,0.018770969826362838,0.02660095408942531,market:yfinance:results/bar-cache
market:0001050915-23-000150:us-gaap:RevenueRemainingPerformanceObligation:2022-12-31,PWR,2023-08-03T14:38:22+00:00,5,-0.0005493470509745357,-0.0025961166563825966,0.006005231700946245,0.002046769605408061,-0.006554578751920781,market:yfinance:results/bar-cache
market:0001050915-23-000164:us-gaap:RevenueRemainingPerformanceObligation:2022-12-31,PWR,2023-11-02T14:18:08+00:00,5,0.028904236176603648,0.013618972478875557,0.009350432388398167,0.015285263697728091,0.01955380378820548,market:yfinance:results/bar-cache
market:0001050915-24-000009:us-gaap:RevenueRemainingPerformanceObligation:2022-12-31,PWR,2024-02-22T15:11:10+00:00,5,0.027731645572595776,0.00984541113347892,0.010813541501312418,0.017886234439116855,0.016918104071283357,market:yfinance:results/bar-cache
market:0001050915-23-000080:us-gaap:RevenueRemainingPerformanceObligation:2023-03-31,PWR,2023-05-04T14:23:00+00:00,5,0.016250464554273814,-0.002520505272089024,-0.010350489535151497,0.018770969826362838,0.02660095408942531,market:yfinance:results/bar-cache
market:0001050915-23-000150:us-gaap:RevenueRemainingPerformanceObligation:2023-06-30,PWR,2023-08-03T14:38:22+00:00,5,-0.0005493470509745357,-0.0025961166563825966,0.006005231700946245,0.002046769605408061,-0.006554578751920781,market:yfinance:results/bar-cache
market:0001050915-23-000164:us-gaap:RevenueRemainingPerformanceObligation:2023-09-30,PWR,2023-11-02T14:18:08+00:00,5,0.028904236176603648,0.013618972478875557,0.009350432388398167,0.015285263697728091,0.01955380378820548,market:yfinance:results/bar-cache
market:0001050915-24-000009:us-gaap:RevenueRemainingPerformanceObligation:2023-12-31,PWR,2024-02-22T15:11:10+00:00,5,0.027731645572595776,0.00984541113347892,0.010813541501312418,0.017886234439116855,0.016918104071283357,market:yfinance:results/bar-cache
market:0001050915-24-000082:us-gaap:RevenueRemainingPerformanceObligation:2023-12-31,PWR,2024-05-02T14:25:24+00:00,5,0.05910367736797162,0.018678327699108044,0.023702879722596437,0.040425349668863575,0.03540079764537518,market:yfinance:results/bar-cache
market:0001050915-24-000140:us-gaap:RevenueRemainingPerformanceObligation:2023-12-31,PWR,2024-08-01T14:10:33+00:00,5,0.07761917231244353,0.00016854738832061678,0.01262930895067882,0.07745062492412291,0.06498986336176471,market:yfinance:results/bar-cache
market:0001050915-24-000159:us-gaap:RevenueRemainingPerformanceObligation:2023-12-31,PWR,2024-10-31T14:44:28+00:00,5,0.09054351843008113,0.04754486089974508,0.060294066058453,0.04299865753033605,0.030249452371628127,market:yfinance:results/bar-cache
market:0001050915-25-000005:us-gaap:RevenueRemainingPerformanceObligation:2023-12-31,PWR,2025-02-20T15:25:36+00:00,5,-0.03612241173784325,-0.009601004477889252,0.011050308947045284,-0.026521407259954,-0.047172720684888536,market:yfinance:results/bar-cache
market:0001050915-24-000082:us-gaap:RevenueRemainingPerformanceObligation:2024-03-31,PWR,2024-05-02T14:25:24+00:00,5,0.05910367736797162,0.018678327699108044,0.023702879722596437,0.040425349668863575,0.03540079764537518,market:yfinance:results/bar-cache
market:0001050915-24-000140:us-gaap:RevenueRemainingPerformanceObligation:2024-06-30,PWR,2024-08-01T14:10:33+00:00,5,0.07761917231244353,0.00016854738832061678,0.01262930895067882,0.07745062492412291,0.06498986336176471,market:yfinance:results/bar-cache
market:0001050915-24-000159:us-gaap:RevenueRemainingPerformanceObligation:2024-09-30,PWR,2024-10-31T14:44:28+00:00,5,0.09054351843008113,0.04754486089974508,0.060294066058453,0.04299865753033605,0.030249452371628127,market:yfinance:results/bar-cache
market:0001050915-25-000005:us-gaap:RevenueRemainingPerformanceObligation:2024-12-31,PWR,2025-02-20T15:25:36+00:00,5,-0.03612241173784325,-0.009601004477889252,0.011050308947045284,-0.026521407259954,-0.047172720684888536,market:yfinance:results/bar-cache
market:0001050915-25-000047:us-gaap:RevenueRemainingPerformanceObligation:2024-12-31,PWR,2025-05-01T14:13:24+00:00,5,0.014790976958838353,-0.004269848935017473,0.011368546474714636,0.019060825893855826,0.0034224304841237174,market:yfinance:results/bar-cache
market:0001050915-25-000103:us-gaap:RevenueRemainingPerformanceObligation:2024-12-31,PWR,2025-07-31T14:19:24+00:00,5,-0.022825670263354136,0.024866677267342263,0.007279356441842966,-0.0476923475306964,-0.030105026705197102,market:yfinance:results/bar-cache
market:0001050915-25-000111:us-gaap:RevenueRemainingPerformanceObligation:2024-12-31,PWR,2025-10-30T14:19:25+00:00,5,-0.009173307503719141,-0.016259548558033465,-0.011156983665035702,0.007086241054314324,0.001983676161316561,market:yfinance:results/bar-cache
market:0001050915-26-000006:us-gaap:RevenueRemainingPerformanceObligation:2024-12-31,PWR,2026-02-19T15:13:03+00:00,5,0.01885443979991308,-0.0049896155255164665,-0.0005077668982844674,0.023844055325429547,0.019362206698197548,market:yfinance:results/bar-cache
market:0001050915-25-000047:us-gaap:RevenueRemainingPerformanceObligation:2025-03-31,PWR,2025-05-01T14:13:24+00:00,5,0.014790976958838353,-0.004269848935017473,0.011368546474714636,0.019060825893855826,0.0034224304841237174,market:yfinance:results/bar-cache
market:0001050915-25-000103:us-gaap:RevenueRemainingPerformanceObligation:2025-06-30,PWR,2025-07-31T14:19:24+00:00,5,-0.022825670263354136,0.024866677267342263,0.007279356441842966,-0.0476923475306964,-0.030105026705197102,market:yfinance:results/bar-cache
market:0001050915-25-000111:us-gaap:RevenueRemainingPerformanceObligation:2025-09-30,PWR,2025-10-30T14:19:25+00:00,5,-0.009173307503719141,-0.016259548558033465,-0.011156983665035702,0.007086241054314324,0.001983676161316561,market:yfinance:results/bar-cache
market:0001050915-26-000006:us-gaap:RevenueRemainingPerformanceObligation:2025-12-31,PWR,2026-02-19T15:13:03+00:00,5,0.01885443979991308,-0.0049896155255164665,-0.0005077668982844674,0.023844055325429547,0.019362206698197548,market:yfinance:results/bar-cache
market:0001050915-26-000016:us-gaap:RevenueRemainingPerformanceObligation:2025-12-31,PWR,2026-04-30T14:27:43+00:00,5,0.0037590805853362497,0.023548178022131827,0.0013876056699226869,-0.019789097436795577,0.002371474915413563,market:yfinance:results/bar-cache
market:0001050915-26-000025:us-gaap:RevenueRemainingPerformanceObligation:2025-12-31,PWR,2026-07-30T14:22:12+00:00,5,0.006743044417413024,0.03511230996943815,0.029693043534410046,-0.028369265552025125,-0.022949999116997022,market:yfinance:results/bar-cache
market:0001050915-26-000016:us-gaap:RevenueRemainingPerformanceObligation:2026-03-31,PWR,2026-04-30T14:27:43+00:00,5,0.0037590805853362497,0.023548178022131827,0.0013876056699226869,-0.019789097436795577,0.002371474915413563,market:yfinance:results/bar-cache
market:0001050915-26-000025:us-gaap:RevenueRemainingPerformanceObligation:2026-06-30,PWR,2026-07-30T14:22:12+00:00,5,0.006743044417413024,0.03511230996943815,0.029693043534410046,-0.028369265552025125,-0.022949999116997022,market:yfinance:results/bar-cache
market:0001193125-15-073003:us-gaap:UnapprovedChangeOrdersAmount:2013-12-31,PWR,2015-03-02T20:14:41+00:00,5,-0.0161993625469945,-0.006070879472128032,-0.0018807817298772678,-0.010128483074866468,-0.014318580817117232,market:yfinance:results/bar-cache
market:0001193125-15-073003:us-gaap:UnapprovedChangeOrdersAmount:2014-12-31,PWR,2015-03-02T20:14:41+00:00,5,-0.0161993625469945,-0.006070879472128032,-0.0018807817298772678,-0.010128483074866468,-0.014318580817117232,market:yfinance:results/bar-cache
market:0001193125-15-179586:us-gaap:UnapprovedChangeOrdersAmount:2014-12-31,PWR,2015-05-08T20:30:02+00:00,5,-0.0161993625469945,-0.006070879472128032,-0.0018807817298772678,-0.010128483074866468,-0.014318580817117232,market:yfinance:results/bar-cache
market:0001193125-15-284664:us-gaap:UnapprovedChangeOrdersAmount:2014-12-31,PWR,2015-08-10T19:15:06+00:00,5,-0.0161993625469945,-0.006070879472128032,-0.0018807817298772678,-0.010128483074866468,-0.014318580817117232,market:yfinance:results/bar-cache
market:0001193125-15-370391:us-gaap:UnapprovedChangeOrdersAmount:2014-12-31,PWR,2015-11-06T22:32:21+00:00,5,-0.0161993625469945,-0.006070879472128032,-0.0018807817298772678,-0.010128483074866468,-0.014318580817117232,market:yfinance:results/bar-cache
market:0001193125-16-485494:us-gaap:UnapprovedChangeOrdersAmount:2014-12-31,PWR,2016-02-29T22:06:57+00:00,5,-0.0161993625469945,-0.006070879472128032,-0.0018807817298772678,-0.010128483074866468,-0.014318580817117232,market:yfinance:results/bar-cache
market:0001193125-15-179586:us-gaap:UnapprovedChangeOrdersAmount:2015-03-31,PWR,2015-05-08T20:30:02+00:00,5,-0.0161993625469945,-0.006070879472128032,-0.0018807817298772678,-0.010128483074866468,-0.014318580817117232,market:yfinance:results/bar-cache
market:0001193125-15-284664:us-gaap:UnapprovedChangeOrdersAmount:2015-06-30,PWR,2015-08-10T19:15:06+00:00,5,-0.0161993625469945,-0.006070879472128032,-0.0018807817298772678,-0.010128483074866468,-0.014318580817117232,market:yfinance:results/bar-cache
market:0001193125-15-370391:us-gaap:UnapprovedChangeOrdersAmount:2015-09-30,PWR,2015-11-06T22:32:21+00:00,5,-0.0161993625469945,-0.006070879472128032,-0.0018807817298772678,-0.010128483074866468,-0.014318580817117232,market:yfinance:results/bar-cache
market:0001193125-16-485494:us-gaap:UnapprovedChangeOrdersAmount:2015-12-31,PWR,2016-02-29T22:06:57+00:00,5,-0.0161993625469945,-0.006070879472128032,-0.0018807817298772678,-0.010128483074866468,-0.014318580817117232,market:yfinance:results/bar-cache
market:0001193125-16-585468:us-gaap:UnapprovedChangeOrdersAmount:2015-12-31,PWR,2016-05-10T19:34:23+00:00,5,-0.0161993625469945,-0.006070879472128032,-0.0018807817298772678,-0.010128483074866468,-0.014318580817117232,market:yfinance:results/bar-cache
market:0001193125-16-675265:us-gaap:UnapprovedChangeOrdersAmount:2015-12-31,PWR,2016-08-08T21:10:09+00:00,5,-0.0161993625469945,-0.006070879472128032,-0.0018807817298772678,-0.010128483074866468,-0.014318580817117232,market:yfinance:results/bar-cache
market:0001193125-16-762970:us-gaap:UnapprovedChangeOrdersAmount:2015-12-31,PWR,2016-11-08T21:24:08+00:00,5,-0.0161993625469945,-0.006070879472128032,-0.0018807817298772678,-0.010128483074866468,-0.014318580817117232,market:yfinance:results/bar-cache
market:0001193125-17-064821:us-gaap:UnapprovedChangeOrdersAmount:2015-12-31,PWR,2017-03-01T18:22:31+00:00,5,-0.0161993625469945,-0.006070879472128032,-0.0018807817298772678,-0.010128483074866468,-0.014318580817117232,market:yfinance:results/bar-cache
market:0001193125-16-585468:us-gaap:UnapprovedChangeOrdersAmount:2016-03-31,PWR,2016-05-10T19:34:23+00:00,5,-0.0161993625469945,-0.006070879472128032,-0.0018807817298772678,-0.010128483074866468,-0.014318580817117232,market:yfinance:results/bar-cache
market:0001193125-16-675265:us-gaap:UnapprovedChangeOrdersAmount:2016-06-30,PWR,2016-08-08T21:10:09+00:00,5,-0.0161993625469945,-0.006070879472128032,-0.0018807817298772678,-0.010128483074866468,-0.014318580817117232,market:yfinance:results/bar-cache
market:0001193125-16-762970:us-gaap:UnapprovedChangeOrdersAmount:2016-09-30,PWR,2016-11-08T21:24:08+00:00,5,-0.0161993625469945,-0.006070879472128032,-0.0018807817298772678,-0.010128483074866468,-0.014318580817117232,market:yfinance:results/bar-cache
market:0001193125-17-064821:us-gaap:UnapprovedChangeOrdersAmount:2016-12-31,PWR,2017-03-01T18:22:31+00:00,5,-0.0161993625469945,-0.006070879472128032,-0.0018807817298772678,-0.010128483074866468,-0.014318580817117232,market:yfinance:results/bar-cache
market:0001193125-17-164407:us-gaap:UnapprovedChangeOrdersAmount:2016-12-31,PWR,2017-05-09T21:38:10+00:00,5,-0.0161993625469945,-0.006070879472128032,-0.0018807817298772678,-0.010128483074866468,-0.014318580817117232,market:yfinance:results/bar-cache
market:0001050915-17-000031:us-gaap:UnapprovedChangeOrdersAmount:2016-12-31,PWR,2017-08-08T21:23:24+00:00,5,-0.0161993625469945,-0.006070879472128032,-0.0018807817298772678,-0.010128483074866468,-0.014318580817117232,market:yfinance:results/bar-cache
market:0001050915-17-000057:us-gaap:UnapprovedChangeOrdersAmount:2016-12-31,PWR,2017-11-09T20:40:41+00:00,5,-0.0161993625469945,-0.006070879472128032,-0.0018807817298772678,-0.010128483074866468,-0.014318580817117232,market:yfinance:results/bar-cache
market:0001050915-18-000003:us-gaap:UnapprovedChangeOrdersAmount:2016-12-31,PWR,2018-02-28T21:33:55+00:00,5,0.03868829724629674,0.023907250495662113,0.02142393124495645,0.01478104675063463,0.017264366001340292,market:yfinance:results/bar-cache
market:0001193125-17-164407:us-gaap:UnapprovedChangeOrdersAmount:2017-03-31,PWR,2017-05-09T21:38:10+00:00,5,-0.0161993625469945,-0.006070879472128032,-0.0018807817298772678,-0.010128483074866468,-0.014318580817117232,market:yfinance:results/bar-cache
market:0001050915-17-000031:us-gaap:UnapprovedChangeOrdersAmount:2017-06-30,PWR,2017-08-08T21:23:24+00:00,5,-0.0161993625469945,-0.006070879472128032,-0.0018807817298772678,-0.010128483074866468,-0.014318580817117232,market:yfinance:results/bar-cache
market:0001050915-17-000057:us-gaap:UnapprovedChangeOrdersAmount:2017-09-30,PWR,2017-11-09T20:40:41+00:00,5,-0.0161993625469945,-0.006070879472128032,-0.0018807817298772678,-0.010128483074866468,-0.014318580817117232,market:yfinance:results/bar-cache
market:0001050915-18-000003:us-gaap:UnapprovedChangeOrdersAmount:2017-12-31,PWR,2018-02-28T21:33:55+00:00,5,0.03868829724629674,0.023907250495662113,0.02142393124495645,0.01478104675063463,0.017264366001340292,market:yfinance:results/bar-cache
