ticker,cik,concept,unit,period_end,value,previous_value,change,days_to_public,form,filed,accession,acceptance_utc,earliest_availability_utc,availability_status,in_sealed_window,source_receipt
PWR,1050915,us-gaap:RevenueRemainingPerformanceObligation,USD,2018-03-31,5190000000,,,39,10-Q,2018-05-09,0001050915-18-000027,2018-05-09T18:52:17+00:00,2018-05-09T19:07:17+00:00,acceptance recorded,False,https://data.sec.gov/api/xbrl/companyfacts/CIK0001050915.json
PWR,1050915,us-gaap:RevenueRemainingPerformanceObligation,USD,2018-06-30,5580000000,5190000000,390000000,38,10-Q,2018-08-07,0001050915-18-000061,2018-08-07T20:26:16+00:00,2018-08-07T20:41:16+00:00,acceptance recorded,False,https://data.sec.gov/api/xbrl/companyfacts/CIK0001050915.json
PWR,1050915,us-gaap:RevenueRemainingPerformanceObligation,USD,2018-09-30,5290000000,5580000000,-290000000,38,10-Q,2018-11-07,0001050915-18-000065,2018-11-07T21:48:11+00:00,2018-11-07T22:03:11+00:00,acceptance recorded,False,https://data.sec.gov/api/xbrl/companyfacts/CIK0001050915.json
PWR,1050915,us-gaap:RevenueRemainingPerformanceObligation,USD,2018-12-31,4680000000,5290000000,-610000000,59,10-K,2019-02-28,0001050915-19-000014,2019-02-28T22:12:22+00:00,2019-02-28T22:27:22+00:00,acceptance recorded,False,https://data.sec.gov/api/xbrl/companyfacts/CIK0001050915.json
PWR,1050915,us-gaap:RevenueRemainingPerformanceObligation,USD,2018-12-31,4680000000,4680000000,0,424,10-K,2020-02-28,0001050915-20-000020,2020-02-28T22:10:05+00:00,2020-02-28T22:25:05+00:00,acceptance recorded,False,https://data.sec.gov/api/xbrl/companyfacts/CIK0001050915.json
PWR,1050915,us-gaap:RevenueRemainingPerformanceObligation,USD,2019-03-31,4710000000,4680000000,30000000,36,10-Q,2019-05-06,0001050915-19-000049,2019-05-06T18:10:43+00:00,2019-05-06T18:25:43+00:00,acceptance recorded,False,https://data.sec.gov/api/xbrl/companyfacts/CIK0001050915.json
PWR,1050915,us-gaap:RevenueRemainingPerformanceObligation,USD,2019-06-30,4650000000,4710000000,-60000000,33,10-Q,2019-08-02,0001050915-19-000074,2019-08-02T21:10:36+00:00,2019-08-02T21:25:36+00:00,acceptance recorded,False,https://data.sec.gov/api/xbrl/companyfacts/CIK0001050915.json
PWR,1050915,us-gaap:RevenueRemainingPerformanceObligation,USD,2019-09-30,4400000000,4650000000,-250000000,32,10-Q,2019-11-01,0001050915-19-000081,2019-11-01T20:38:17+00:00,2019-11-01T20:53:17+00:00,acceptance recorded,False,https://data.sec.gov/api/xbrl/companyfacts/CIK0001050915.json
PWR,1050915,us-gaap:RevenueRemainingPerformanceObligation,USD,2019-12-31,5300000000,4400000000,900000000,59,10-K,2020-02-28,0001050915-20-000020,2020-02-28T22:10:05+00:00,2020-02-28T22:25:05+00:00,acceptance recorded,False,https://data.sec.gov/api/xbrl/companyfacts/CIK0001050915.json
PWR,1050915,us-gaap:RevenueRemainingPerformanceObligation,USD,2019-12-31,5300000000,5300000000,0,129,10-Q,2020-05-08,0001050915-20-000073,2020-05-08T20:52:01+00:00,2020-05-08T21:07:01+00:00,acceptance recorded,False,https://data.sec.gov/api/xbrl/companyfacts/CIK0001050915.json
PWR,1050915,us-gaap:RevenueRemainingPerformanceObligation,USD,2019-12-31,5300000000,5300000000,0,221,10-Q,2020-08-07,0001050915-20-000100,2020-08-08T00:25:23+00:00,2020-08-08T00:40:23+00:00,acceptance recorded,False,https://data.sec.gov/api/xbrl/companyfacts/CIK0001050915.json
PWR,1050915,us-gaap:RevenueRemainingPerformanceObligation,USD,2019-12-31,5300000000,5300000000,0,304,10-Q,2020-11-02,0001050915-20-000107,2020-10-30T22:34:47+00:00,2020-10-30T22:49:47+00:00,acceptance recorded,False,https://data.sec.gov/api/xbrl/companyfacts/CIK0001050915.json
PWR,1050915,us-gaap:RevenueRemainingPerformanceObligation,USD,2019-12-31,5300000000,5300000000,0,424,10-K,2021-03-01,0001050915-21-000009,2021-02-26T23:54:46+00:00,2021-02-27T00:09:46+00:00,acceptance recorded,False,https://data.sec.gov/api/xbrl/companyfacts/CIK0001050915.json
PWR,1050915,us-gaap:RevenueRemainingPerformanceObligation,USD,2020-03-31,5370000000,5300000000,70000000,38,10-Q,2020-05-08,0001050915-20-000073,2020-05-08T20:52:01+00:00,2020-05-08T21:07:01+00:00,acceptance recorded,False,https://data.sec.gov/api/xbrl/companyfacts/CIK0001050915.json
PWR,1050915,us-gaap:RevenueRemainingPerformanceObligation,USD,2020-06-30,5180000000,5370000000,-190000000,39,10-Q,2020-08-07,0001050915-20-000100,2020-08-08T00:25:23+00:00,2020-08-08T00:40:23+00:00,acceptance recorded,False,https://data.sec.gov/api/xbrl/companyfacts/CIK0001050915.json
PWR,1050915,us-gaap:RevenueRemainingPerformanceObligation,USD,2020-09-30,4440000000,5180000000,-740000000,30,10-Q,2020-11-02,0001050915-20-000107,2020-10-30T22:34:47+00:00,2020-10-30T22:49:47+00:00,acceptance recorded,False,https://data.sec.gov/api/xbrl/companyfacts/CIK0001050915.json
PWR,1050915,us-gaap:RevenueRemainingPerformanceObligation,USD,2020-12-31,3990000000,4440000000,-450000000,58,10-K,2021-03-01,0001050915-21-000009,2021-02-26T23:54:46+00:00,2021-02-27T00:09:46+00:00,acceptance recorded,False,https://data.sec.gov/api/xbrl/companyfacts/CIK0001050915.json
PWR,1050915,us-gaap:RevenueRemainingPerformanceObligation,USD,2020-12-31,3990000000,3990000000,0,127,10-Q,2021-05-07,0001050915-21-000072,2021-05-07T16:33:41+00:00,2021-05-07T16:48:41+00:00,acceptance recorded,False,https://data.sec.gov/api/xbrl/companyfacts/CIK0001050915.json
PWR,1050915,us-gaap:RevenueRemainingPerformanceObligation,USD,2020-12-31,3990000000,3990000000,0,217,10-Q,2021-08-06,0001050915-21-000103,2021-08-05T22:10:00+00:00,2021-08-05T22:25:00+00:00,acceptance recorded,False,https://data.sec.gov/api/xbrl/companyfacts/CIK0001050915.json
PWR,1050915,us-gaap:RevenueRemainingPerformanceObligation,USD,2020-12-31,3990000000,3990000000,0,308,10-Q,2021-11-04,0001050915-21-000114,2021-11-04T20:59:54+00:00,2021-11-04T21:14:54+00:00,acceptance recorded,False,https://data.sec.gov/api/xbrl/companyfacts/CIK0001050915.json
PWR,1050915,us-gaap:RevenueRemainingPerformanceObligation,USD,2020-12-31,3990000000,3990000000,0,421,10-K,2022-02-25,0001050915-22-000008,2022-02-25T22:10:27+00:00,2022-02-25T22:25:27+00:00,acceptance recorded,False,https://data.sec.gov/api/xbrl/companyfacts/CIK0001050915.json
PWR,1050915,us-gaap:RevenueRemainingPerformanceObligation,USD,2021-03-31,4130000000,3990000000,140000000,37,10-Q,2021-05-07,0001050915-21-000072,2021-05-07T16:33:41+00:00,2021-05-07T16:48:41+00:00,acceptance recorded,False,https://data.sec.gov/api/xbrl/companyfacts/CIK0001050915.json
PWR,1050915,us-gaap:RevenueRemainingPerformanceObligation,USD,2021-06-30,4430000000,4130000000,300000000,36,10-Q,2021-08-06,0001050915-21-000103,2021-08-05T22:10:00+00:00,2021-08-05T22:25:00+00:00,acceptance recorded,False,https://data.sec.gov/api/xbrl/companyfacts/CIK0001050915.json
PWR,1050915,us-gaap:RevenueRemainingPerformanceObligation,USD,2021-09-30,4370000000,4430000000,-60000000,35,10-Q,2021-11-04,0001050915-21-000114,2021-11-04T20:59:54+00:00,2021-11-04T21:14:54+00:00,acceptance recorded,False,https://data.sec.gov/api/xbrl/companyfacts/CIK0001050915.json
PWR,1050915,us-gaap:RevenueRemainingPerformanceObligation,USD,2021-12-31,5900000000,4370000000,1530000000,56,10-K,2022-02-25,0001050915-22-000008,2022-02-25T22:10:27+00:00,2022-02-25T22:25:27+00:00,acceptance recorded,False,https://data.sec.gov/api/xbrl/companyfacts/CIK0001050915.json
PWR,1050915,us-gaap:RevenueRemainingPerformanceObligation,USD,2021-12-31,5900000000,5900000000,0,125,10-Q,2022-05-05,0001050915-22-000078,2022-05-05T20:27:40+00:00,2022-05-05T20:42:40+00:00,acceptance recorded,False,https://data.sec.gov/api/xbrl/companyfacts/CIK0001050915.json
PWR,1050915,us-gaap:RevenueRemainingPerformanceObligation,USD,2021-12-31,5900000000,5900000000,0,216,10-Q,2022-08-04,0001050915-22-000116,2022-08-04T14:13:37+00:00,2022-08-04T14:28:37+00:00,acceptance recorded,False,https://data.sec.gov/api/xbrl/companyfacts/CIK0001050915.json
PWR,1050915,us-gaap:RevenueRemainingPerformanceObligation,USD,2021-12-31,5900000000,5900000000,0,307,10-Q,2022-11-04,0001050915-22-000122,2022-11-03T22:25:41+00:00,2022-11-03T22:40:41+00:00,acceptance recorded,False,https://data.sec.gov/api/xbrl/companyfacts/CIK0001050915.json
PWR,1050915,us-gaap:RevenueRemainingPerformanceObligation,USD,2021-12-31,5900000000,5900000000,0,419,10-K,2023-02-23,0001050915-23-000010,2023-02-23T15:03:37+00:00,2023-02-23T15:18:37+00:00,acceptance recorded,False,https://data.sec.gov/api/xbrl/companyfacts/CIK0001050915.json
PWR,1050915,us-gaap:RevenueRemainingPerformanceObligation,USD,2022-03-31,6840000000,5900000000,940000000,35,10-Q,2022-05-05,0001050915-22-000078,2022-05-05T20:27:40+00:00,2022-05-05T20:42:40+00:00,acceptance recorded,False,https://data.sec.gov/api/xbrl/companyfacts/CIK0001050915.json
PWR,1050915,us-gaap:RevenueRemainingPerformanceObligation,USD,2022-06-30,6920000000,6840000000,80000000,35,10-Q,2022-08-04,0001050915-22-000116,2022-08-04T14:13:37+00:00,2022-08-04T14:28:37+00:00,acceptance recorded,False,https://data.sec.gov/api/xbrl/companyfacts/CIK0001050915.json
PWR,1050915,us-gaap:RevenueRemainingPerformanceObligation,USD,2022-09-30,6830000000,6920000000,-90000000,34,10-Q,2022-11-04,0001050915-22-000122,2022-11-03T22:25:41+00:00,2022-11-03T22:40:41+00:00,acceptance recorded,False,https://data.sec.gov/api/xbrl/companyfacts/CIK0001050915.json
PWR,1050915,us-gaap:RevenueRemainingPerformanceObligation,USD,2022-12-31,8800000000,6830000000,1970000000,54,10-K,2023-02-23,0001050915-23-000010,2023-02-23T15:03:37+00:00,2023-02-23T15:18:37+00:00,acceptance recorded,False,https://data.sec.gov/api/xbrl/companyfacts/CIK0001050915.json
PWR,1050915,us-gaap:RevenueRemainingPerformanceObligation,USD,2022-12-31,8800000000,8800000000,0,124,10-Q,2023-05-04,0001050915-23-000080,2023-05-04T14:08:00+00:00,2023-05-04T14:23:00+00:00,acceptance recorded,False,https://data.sec.gov/api/xbrl/companyfacts/CIK0001050915.json
PWR,1050915,us-gaap:RevenueRemainingPerformanceObligation,USD,2022-12-31,8800000000,8800000000,0,215,10-Q,2023-08-03,0001050915-23-000150,2023-08-03T14:23:22+00:00,2023-08-03T14:38:22+00:00,acceptance recorded,False,https://data.sec.gov/api/xbrl/companyfacts/CIK0001050915.json
PWR,1050915,us-gaap:RevenueRemainingPerformanceObligation,USD,2022-12-31,8800000000,8800000000,0,306,10-Q,2023-11-02,0001050915-23-000164,2023-11-02T14:03:08+00:00,2023-11-02T14:18:08+00:00,acceptance recorded,False,https://data.sec.gov/api/xbrl/companyfacts/CIK0001050915.json
PWR,1050915,us-gaap:RevenueRemainingPerformanceObligation,USD,2022-12-31,8800000000,8800000000,0,418,10-K,2024-02-22,0001050915-24-000009,2024-02-22T14:56:10+00:00,2024-02-22T15:11:10+00:00,acceptance recorded,False,https://data.sec.gov/api/xbrl/companyfacts/CIK0001050915.json
PWR,1050915,us-gaap:RevenueRemainingPerformanceObligation,USD,2023-03-31,10260000000,8800000000,1460000000,34,10-Q,2023-05-04,0001050915-23-000080,2023-05-04T14:08:00+00:00,2023-05-04T14:23:00+00:00,acceptance recorded,False,https://data.sec.gov/api/xbrl/companyfacts/CIK0001050915.json
PWR,1050915,us-gaap:RevenueRemainingPerformanceObligation,USD,2023-06-30,12480000000,10260000000,2220000000,34,10-Q,2023-08-03,0001050915-23-000150,2023-08-03T14:23:22+00:00,2023-08-03T14:38:22+00:00,acceptance recorded,False,https://data.sec.gov/api/xbrl/companyfacts/CIK0001050915.json
PWR,1050915,us-gaap:RevenueRemainingPerformanceObligation,USD,2023-09-30,13560000000,12480000000,1080000000,33,10-Q,2023-11-02,0001050915-23-000164,2023-11-02T14:03:08+00:00,2023-11-02T14:18:08+00:00,acceptance recorded,False,https://data.sec.gov/api/xbrl/companyfacts/CIK0001050915.json
PWR,1050915,us-gaap:RevenueRemainingPerformanceObligation,USD,2023-12-31,13890000000,13560000000,330000000,53,10-K,2024-02-22,0001050915-24-000009,2024-02-22T14:56:10+00:00,2024-02-22T15:11:10+00:00,acceptance recorded,False,https://data.sec.gov/api/xbrl/companyfacts/CIK0001050915.json
PWR,1050915,us-gaap:RevenueRemainingPerformanceObligation,USD,2023-12-31,13890000000,13890000000,0,123,10-Q,2024-05-02,0001050915-24-000082,2024-05-02T14:10:24+00:00,2024-05-02T14:25:24+00:00,acceptance recorded,False,https://data.sec.gov/api/xbrl/companyfacts/CIK0001050915.json
PWR,1050915,us-gaap:RevenueRemainingPerformanceObligation,USD,2023-12-31,13890000000,13890000000,0,214,10-Q,2024-08-01,0001050915-24-000140,2024-08-01T13:55:33+00:00,2024-08-01T14:10:33+00:00,acceptance recorded,False,https://data.sec.gov/api/xbrl/companyfacts/CIK0001050915.json
PWR,1050915,us-gaap:RevenueRemainingPerformanceObligation,USD,2023-12-31,13890000000,13890000000,0,305,10-Q,2024-10-31,0001050915-24-000159,2024-10-31T14:29:28+00:00,2024-10-31T14:44:28+00:00,acceptance recorded,True,https://data.sec.gov/api/xbrl/companyfacts/CIK0001050915.json
PWR,1050915,us-gaap:RevenueRemainingPerformanceObligation,USD,2023-12-31,13890000000,13890000000,0,417,10-K,2025-02-20,0001050915-25-000005,2025-02-20T15:10:36+00:00,2025-02-20T15:25:36+00:00,acceptance recorded,True,https://data.sec.gov/api/xbrl/companyfacts/CIK0001050915.json
PWR,1050915,us-gaap:RevenueRemainingPerformanceObligation,USD,2024-03-31,14880000000,13890000000,990000000,32,10-Q,2024-05-02,0001050915-24-000082,2024-05-02T14:10:24+00:00,2024-05-02T14:25:24+00:00,acceptance recorded,False,https://data.sec.gov/api/xbrl/companyfacts/CIK0001050915.json
PWR,1050915,us-gaap:RevenueRemainingPerformanceObligation,USD,2024-06-30,14370000000,14880000000,-510000000,32,10-Q,2024-08-01,0001050915-24-000140,2024-08-01T13:55:33+00:00,2024-08-01T14:10:33+00:00,acceptance recorded,False,https://data.sec.gov/api/xbrl/companyfacts/CIK0001050915.json
PWR,1050915,us-gaap:RevenueRemainingPerformanceObligation,USD,2024-09-30,15610000000,14370000000,1240000000,31,10-Q,2024-10-31,0001050915-24-000159,2024-10-31T14:29:28+00:00,2024-10-31T14:44:28+00:00,acceptance recorded,True,https://data.sec.gov/api/xbrl/companyfacts/CIK0001050915.json
PWR,1050915,us-gaap:RevenueRemainingPerformanceObligation,USD,2024-12-31,16760000000,15610000000,1150000000,51,10-K,2025-02-20,0001050915-25-000005,2025-02-20T15:10:36+00:00,2025-02-20T15:25:36+00:00,acceptance recorded,True,https://data.sec.gov/api/xbrl/companyfacts/CIK0001050915.json
PWR,1050915,us-gaap:RevenueRemainingPerformanceObligation,USD,2024-12-31,16760000000,16760000000,0,121,10-Q,2025-05-01,0001050915-25-000047,2025-05-01T13:58:24+00:00,2025-05-01T14:13:24+00:00,acceptance recorded,True,https://data.sec.gov/api/xbrl/companyfacts/CIK0001050915.json
PWR,1050915,us-gaap:RevenueRemainingPerformanceObligation,USD,2024-12-31,16760000000,16760000000,0,212,10-Q,2025-07-31,0001050915-25-000103,2025-07-31T14:04:24+00:00,2025-07-31T14:19:24+00:00,acceptance recorded,True,https://data.sec.gov/api/xbrl/companyfacts/CIK0001050915.json
PWR,1050915,us-gaap:RevenueRemainingPerformanceObligation,USD,2024-12-31,16760000000,16760000000,0,303,10-Q,2025-10-30,0001050915-25-000111,2025-10-30T14:04:25+00:00,2025-10-30T14:19:25+00:00,acceptance recorded,True,https://data.sec.gov/api/xbrl/companyfacts/CIK0001050915.json
PWR,1050915,us-gaap:RevenueRemainingPerformanceObligation,USD,2024-12-31,16760000000,16760000000,0,415,10-K,2026-02-19,0001050915-26-000006,2026-02-19T14:58:03+00:00,2026-02-19T15:13:03+00:00,acceptance recorded,True,https://data.sec.gov/api/xbrl/companyfacts/CIK0001050915.json
PWR,1050915,us-gaap:RevenueRemainingPerformanceObligation,USD,2025-03-31,17650000000,16760000000,890000000,31,10-Q,2025-05-01,0001050915-25-000047,2025-05-01T13:58:24+00:00,2025-05-01T14:13:24+00:00,acceptance recorded,True,https://data.sec.gov/api/xbrl/companyfacts/CIK0001050915.json
PWR,1050915,us-gaap:RevenueRemainingPerformanceObligation,USD,2025-06-30,19160000000,17650000000,1510000000,31,10-Q,2025-07-31,0001050915-25-000103,2025-07-31T14:04:24+00:00,2025-07-31T14:19:24+00:00,acceptance recorded,True,https://data.sec.gov/api/xbrl/companyfacts/CIK0001050915.json
PWR,1050915,us-gaap:RevenueRemainingPerformanceObligation,USD,2025-09-30,20970000000,19160000000,1810000000,30,10-Q,2025-10-30,0001050915-25-000111,2025-10-30T14:04:25+00:00,2025-10-30T14:19:25+00:00,acceptance recorded,True,https://data.sec.gov/api/xbrl/companyfacts/CIK0001050915.json
PWR,1050915,us-gaap:RevenueRemainingPerformanceObligation,USD,2025-12-31,23760000000,20970000000,2790000000,50,10-K,2026-02-19,0001050915-26-000006,2026-02-19T14:58:03+00:00,2026-02-19T15:13:03+00:00,acceptance recorded,True,https://data.sec.gov/api/xbrl/companyfacts/CIK0001050915.json
PWR,1050915,us-gaap:RevenueRemainingPerformanceObligation,USD,2025-12-31,23760000000,23760000000,0,120,10-Q,2026-04-30,0001050915-26-000016,2026-04-30T14:12:43+00:00,2026-04-30T14:27:43+00:00,acceptance recorded,True,https://data.sec.gov/api/xbrl/companyfacts/CIK0001050915.json
PWR,1050915,us-gaap:RevenueRemainingPerformanceObligation,USD,2025-12-31,23760000000,23760000000,0,211,10-Q,2026-07-30,0001050915-26-000025,2026-07-30T14:07:12+00:00,2026-07-30T14:22:12+00:00,acceptance recorded,True,https://data.sec.gov/api/xbrl/companyfacts/CIK0001050915.json
PWR,1050915,us-gaap:RevenueRemainingPerformanceObligation,USD,2026-03-31,26240000000,23760000000,2480000000,30,10-Q,2026-04-30,0001050915-26-000016,2026-04-30T14:12:43+00:00,2026-04-30T14:27:43+00:00,acceptance recorded,True,https://data.sec.gov/api/xbrl/companyfacts/CIK0001050915.json
PWR,1050915,us-gaap:RevenueRemainingPerformanceObligation,USD,2026-06-30,33550000000,26240000000,7310000000,30,10-Q,2026-07-30,0001050915-26-000025,2026-07-30T14:07:12+00:00,2026-07-30T14:22:12+00:00,acceptance recorded,True,https://data.sec.gov/api/xbrl/companyfacts/CIK0001050915.json
PWR,1050915,us-gaap:UnapprovedChangeOrdersAmount,USD,2010-12-31,83100000,,,,10-Q,2011-08-05,0000950123-11-073814,,,no matching filing row,,https://data.sec.gov/api/xbrl/companyfacts/CIK0001050915.json
PWR,1050915,us-gaap:UnapprovedChangeOrdersAmount,USD,2010-12-31,83100000,83100000,0,,10-Q,2011-11-08,0000950123-11-096452,,,no matching filing row,,https://data.sec.gov/api/xbrl/companyfacts/CIK0001050915.json
PWR,1050915,us-gaap:UnapprovedChangeOrdersAmount,USD,2010-12-31,83100000,83100000,0,,10-K,2012-02-29,0001193125-12-088822,,,no matching filing row,,https://data.sec.gov/api/xbrl/companyfacts/CIK0001050915.json
PWR,1050915,us-gaap:UnapprovedChangeOrdersAmount,USD,2011-06-30,48100000,83100000,-35000000,,10-Q,2011-08-05,0000950123-11-073814,,,no matching filing row,,https://data.sec.gov/api/xbrl/companyfacts/CIK0001050915.json
PWR,1050915,us-gaap:UnapprovedChangeOrdersAmount,USD,2011-09-30,31100000,48100000,-17000000,,10-Q,2011-11-08,0000950123-11-096452,,,no matching filing row,,https://data.sec.gov/api/xbrl/companyfacts/CIK0001050915.json
PWR,1050915,us-gaap:UnapprovedChangeOrdersAmount,USD,2011-12-31,77300000,31100000,46200000,,10-K,2012-02-29,0001193125-12-088822,,,no matching filing row,,https://data.sec.gov/api/xbrl/companyfacts/CIK0001050915.json
PWR,1050915,us-gaap:UnapprovedChangeOrdersAmount,USD,2011-12-31,77300000,77300000,0,,10-Q,2012-05-09,0001193125-12-221254,,,no matching filing row,,https://data.sec.gov/api/xbrl/companyfacts/CIK0001050915.json
PWR,1050915,us-gaap:UnapprovedChangeOrdersAmount,USD,2011-12-31,77300000,77300000,0,,10-Q,2012-08-08,0001193125-12-344072,,,no matching filing row,,https://data.sec.gov/api/xbrl/companyfacts/CIK0001050915.json
PWR,1050915,us-gaap:UnapprovedChangeOrdersAmount,USD,2011-12-31,77300000,77300000,0,,10-Q,2012-11-07,0001193125-12-457556,,,no matching filing row,,https://data.sec.gov/api/xbrl/companyfacts/CIK0001050915.json
PWR,1050915,us-gaap:UnapprovedChangeOrdersAmount,USD,2011-12-31,77300000,77300000,0,,10-K,2013-03-01,0001193125-13-087221,,,no matching filing row,,https://data.sec.gov/api/xbrl/companyfacts/CIK0001050915.json
PWR,1050915,us-gaap:UnapprovedChangeOrdersAmount,USD,2012-03-31,153500000,77300000,76200000,,10-Q,2012-05-09,0001193125-12-221254,,,no matching filing row,,https://data.sec.gov/api/xbrl/companyfacts/CIK0001050915.json
PWR,1050915,us-gaap:UnapprovedChangeOrdersAmount,USD,2012-06-30,207100000,153500000,53600000,,10-Q,2012-08-08,0001193125-12-344072,,,no matching filing row,,https://data.sec.gov/api/xbrl/companyfacts/CIK0001050915.json
PWR,1050915,us-gaap:UnapprovedChangeOrdersAmount,USD,2012-09-30,206600000,207100000,-500000,,10-Q,2012-11-07,0001193125-12-457556,,,no matching filing row,,https://data.sec.gov/api/xbrl/companyfacts/CIK0001050915.json
PWR,1050915,us-gaap:UnapprovedChangeOrdersAmount,USD,2012-12-31,205000000,206600000,-1600000,,10-K,2013-03-01,0001193125-13-087221,,,no matching filing row,,https://data.sec.gov/api/xbrl/companyfacts/CIK0001050915.json
PWR,1050915,us-gaap:UnapprovedChangeOrdersAmount,USD,2012-12-31,205000000,205000000,0,,10-Q,2013-05-08,0001193125-13-206743,,,no matching filing row,,https://data.sec.gov/api/xbrl/companyfacts/CIK0001050915.json
PWR,1050915,us-gaap:UnapprovedChangeOrdersAmount,USD,2012-12-31,205000000,205000000,0,,10-Q,2013-08-09,0001193125-13-328613,,,no matching filing row,,https://data.sec.gov/api/xbrl/companyfacts/CIK0001050915.json
PWR,1050915,us-gaap:UnapprovedChangeOrdersAmount,USD,2012-12-31,205000000,205000000,0,,10-Q,2013-11-08,0001193125-13-435250,,,no matching filing row,,https://data.sec.gov/api/xbrl/companyfacts/CIK0001050915.json
PWR,1050915,us-gaap:UnapprovedChangeOrdersAmount,USD,2012-12-31,205000000,205000000,0,,10-K,2014-03-03,0001193125-14-079763,,,no matching filing row,,https://data.sec.gov/api/xbrl/companyfacts/CIK0001050915.json
PWR,1050915,us-gaap:UnapprovedChangeOrdersAmount,USD,2013-03-31,222400000,205000000,17400000,,10-Q,2013-05-08,0001193125-13-206743,,,no matching filing row,,https://data.sec.gov/api/xbrl/companyfacts/CIK0001050915.json
PWR,1050915,us-gaap:UnapprovedChangeOrdersAmount,USD,2013-06-30,252000000,222400000,29600000,,10-Q,2013-08-09,0001193125-13-328613,,,no matching filing row,,https://data.sec.gov/api/xbrl/companyfacts/CIK0001050915.json
PWR,1050915,us-gaap:UnapprovedChangeOrdersAmount,USD,2013-09-30,241300000,252000000,-10700000,,10-Q,2013-11-08,0001193125-13-435250,,,no matching filing row,,https://data.sec.gov/api/xbrl/companyfacts/CIK0001050915.json
PWR,1050915,us-gaap:UnapprovedChangeOrdersAmount,USD,2013-12-31,241800000,241300000,500000,,10-K,2014-03-03,0001193125-14-079763,,,no matching filing row,,https://data.sec.gov/api/xbrl/companyfacts/CIK0001050915.json
PWR,1050915,us-gaap:UnapprovedChangeOrdersAmount,USD,2013-12-31,241800000,241800000,0,,10-Q,2014-05-08,0001193125-14-190173,,,no matching filing row,,https://data.sec.gov/api/xbrl/companyfacts/CIK0001050915.json
PWR,1050915,us-gaap:UnapprovedChangeOrdersAmount,USD,2013-12-31,75500000,241800000,-166300000,,10-Q,2014-08-08,0001193125-14-303240,,,no matching filing row,,https://data.sec.gov/api/xbrl/companyfacts/CIK0001050915.json
PWR,1050915,us-gaap:UnapprovedChangeOrdersAmount,USD,2013-12-31,75500000,75500000,0,,10-Q,2014-11-06,0001193125-14-399068,,,no matching filing row,,https://data.sec.gov/api/xbrl/companyfacts/CIK0001050915.json
PWR,1050915,us-gaap:UnapprovedChangeOrdersAmount,USD,2013-12-31,75500000,75500000,0,426,10-K,2015-03-02,0001193125-15-073003,2015-03-02T19:59:41+00:00,2015-03-02T20:14:41+00:00,acceptance recorded,False,https://data.sec.gov/api/xbrl/companyfacts/CIK0001050915.json
PWR,1050915,us-gaap:UnapprovedChangeOrdersAmount,USD,2014-03-31,247200000,75500000,171700000,,10-Q,2014-05-08,0001193125-14-190173,,,no matching filing row,,https://data.sec.gov/api/xbrl/companyfacts/CIK0001050915.json
PWR,1050915,us-gaap:UnapprovedChangeOrdersAmount,USD,2014-06-30,53000000,247200000,-194200000,,10-Q,2014-08-08,0001193125-14-303240,,,no matching filing row,,https://data.sec.gov/api/xbrl/companyfacts/CIK0001050915.json
PWR,1050915,us-gaap:UnapprovedChangeOrdersAmount,USD,2014-09-30,70600000,53000000,17600000,,10-Q,2014-11-06,0001193125-14-399068,,,no matching filing row,,https://data.sec.gov/api/xbrl/companyfacts/CIK0001050915.json
PWR,1050915,us-gaap:UnapprovedChangeOrdersAmount,USD,2014-12-31,106800000,70600000,36200000,61,10-K,2015-03-02,0001193125-15-073003,2015-03-02T19:59:41+00:00,2015-03-02T20:14:41+00:00,acceptance recorded,False,https://data.sec.gov/api/xbrl/companyfacts/CIK0001050915.json
PWR,1050915,us-gaap:UnapprovedChangeOrdersAmount,USD,2014-12-31,106800000,106800000,0,128,10-Q,2015-05-08,0001193125-15-179586,2015-05-08T20:15:02+00:00,2015-05-08T20:30:02+00:00,acceptance recorded,False,https://data.sec.gov/api/xbrl/companyfacts/CIK0001050915.json
PWR,1050915,us-gaap:UnapprovedChangeOrdersAmount,USD,2014-12-31,106800000,106800000,0,222,10-Q,2015-08-10,0001193125-15-284664,2015-08-10T19:00:06+00:00,2015-08-10T19:15:06+00:00,acceptance recorded,False,https://data.sec.gov/api/xbrl/companyfacts/CIK0001050915.json
PWR,1050915,us-gaap:UnapprovedChangeOrdersAmount,USD,2014-12-31,106800000,106800000,0,310,10-Q,2015-11-06,0001193125-15-370391,2015-11-06T22:17:21+00:00,2015-11-06T22:32:21+00:00,acceptance recorded,False,https://data.sec.gov/api/xbrl/companyfacts/CIK0001050915.json
PWR,1050915,us-gaap:UnapprovedChangeOrdersAmount,USD,2014-12-31,106800000,106800000,0,425,10-K,2016-02-29,0001193125-16-485494,2016-02-29T21:51:57+00:00,2016-02-29T22:06:57+00:00,acceptance recorded,False,https://data.sec.gov/api/xbrl/companyfacts/CIK0001050915.json
PWR,1050915,us-gaap:UnapprovedChangeOrdersAmount,USD,2015-03-31,115800000,106800000,9000000,38,10-Q,2015-05-08,0001193125-15-179586,2015-05-08T20:15:02+00:00,2015-05-08T20:30:02+00:00,acceptance recorded,False,https://data.sec.gov/api/xbrl/companyfacts/CIK0001050915.json
PWR,1050915,us-gaap:UnapprovedChangeOrdersAmount,USD,2015-06-30,134700000,115800000,18900000,41,10-Q,2015-08-10,0001193125-15-284664,2015-08-10T19:00:06+00:00,2015-08-10T19:15:06+00:00,acceptance recorded,False,https://data.sec.gov/api/xbrl/companyfacts/CIK0001050915.json
PWR,1050915,us-gaap:UnapprovedChangeOrdersAmount,USD,2015-09-30,132100000,134700000,-2600000,37,10-Q,2015-11-06,0001193125-15-370391,2015-11-06T22:17:21+00:00,2015-11-06T22:32:21+00:00,acceptance recorded,False,https://data.sec.gov/api/xbrl/companyfacts/CIK0001050915.json
PWR,1050915,us-gaap:UnapprovedChangeOrdersAmount,USD,2015-12-31,137200000,132100000,5100000,60,10-K,2016-02-29,0001193125-16-485494,2016-02-29T21:51:57+00:00,2016-02-29T22:06:57+00:00,acceptance recorded,False,https://data.sec.gov/api/xbrl/companyfacts/CIK0001050915.json
PWR,1050915,us-gaap:UnapprovedChangeOrdersAmount,USD,2015-12-31,137200000,137200000,0,131,10-Q,2016-05-10,0001193125-16-585468,2016-05-10T19:19:23+00:00,2016-05-10T19:34:23+00:00,acceptance recorded,False,https://data.sec.gov/api/xbrl/companyfacts/CIK0001050915.json
PWR,1050915,us-gaap:UnapprovedChangeOrdersAmount,USD,2015-12-31,137200000,137200000,0,221,10-Q,2016-08-08,0001193125-16-675265,2016-08-08T20:55:09+00:00,2016-08-08T21:10:09+00:00,acceptance recorded,False,https://data.sec.gov/api/xbrl/companyfacts/CIK0001050915.json
PWR,1050915,us-gaap:UnapprovedChangeOrdersAmount,USD,2015-12-31,137200000,137200000,0,313,10-Q,2016-11-08,0001193125-16-762970,2016-11-08T21:09:08+00:00,2016-11-08T21:24:08+00:00,acceptance recorded,False,https://data.sec.gov/api/xbrl/companyfacts/CIK0001050915.json
PWR,1050915,us-gaap:UnapprovedChangeOrdersAmount,USD,2015-12-31,137200000,137200000,0,426,10-K,2017-03-01,0001193125-17-064821,2017-03-01T18:07:31+00:00,2017-03-01T18:22:31+00:00,acceptance recorded,False,https://data.sec.gov/api/xbrl/companyfacts/CIK0001050915.json
PWR,1050915,us-gaap:UnapprovedChangeOrdersAmount,USD,2016-03-31,118000000,137200000,-19200000,40,10-Q,2016-05-10,0001193125-16-585468,2016-05-10T19:19:23+00:00,2016-05-10T19:34:23+00:00,acceptance recorded,False,https://data.sec.gov/api/xbrl/companyfacts/CIK0001050915.json
PWR,1050915,us-gaap:UnapprovedChangeOrdersAmount,USD,2016-06-30,106000000,118000000,-12000000,39,10-Q,2016-08-08,0001193125-16-675265,2016-08-08T20:55:09+00:00,2016-08-08T21:10:09+00:00,acceptance recorded,False,https://data.sec.gov/api/xbrl/companyfacts/CIK0001050915.json
PWR,1050915,us-gaap:UnapprovedChangeOrdersAmount,USD,2016-09-30,115600000,106000000,9600000,39,10-Q,2016-11-08,0001193125-16-762970,2016-11-08T21:09:08+00:00,2016-11-08T21:24:08+00:00,acceptance recorded,False,https://data.sec.gov/api/xbrl/companyfacts/CIK0001050915.json
PWR,1050915,us-gaap:UnapprovedChangeOrdersAmount,USD,2016-12-31,137800000,115600000,22200000,60,10-K,2017-03-01,0001193125-17-064821,2017-03-01T18:07:31+00:00,2017-03-01T18:22:31+00:00,acceptance recorded,False,https://data.sec.gov/api/xbrl/companyfacts/CIK0001050915.json
PWR,1050915,us-gaap:UnapprovedChangeOrdersAmount,USD,2016-12-31,137800000,137800000,0,129,10-Q,2017-05-09,0001193125-17-164407,2017-05-09T21:23:10+00:00,2017-05-09T21:38:10+00:00,acceptance recorded,False,https://data.sec.gov/api/xbrl/companyfacts/CIK0001050915.json
PWR,1050915,us-gaap:UnapprovedChangeOrdersAmount,USD,2016-12-31,137800000,137800000,0,220,10-Q,2017-08-08,0001050915-17-000031,2017-08-08T21:08:24+00:00,2017-08-08T21:23:24+00:00,acceptance recorded,False,https://data.sec.gov/api/xbrl/companyfacts/CIK0001050915.json
PWR,1050915,us-gaap:UnapprovedChangeOrdersAmount,USD,2016-12-31,-137800000,137800000,-275600000,313,10-Q,2017-11-09,0001050915-17-000057,2017-11-09T20:25:41+00:00,2017-11-09T20:40:41+00:00,acceptance recorded,False,https://data.sec.gov/api/xbrl/companyfacts/CIK0001050915.json
PWR,1050915,us-gaap:UnapprovedChangeOrdersAmount,USD,2016-12-31,-137800000,-137800000,0,424,10-K,2018-02-28,0001050915-18-000003,2018-02-28T21:18:55+00:00,2018-02-28T21:33:55+00:00,acceptance recorded,False,https://data.sec.gov/api/xbrl/companyfacts/CIK0001050915.json
PWR,1050915,us-gaap:UnapprovedChangeOrdersAmount,USD,2017-03-31,147100000,-137800000,284900000,39,10-Q,2017-05-09,0001193125-17-164407,2017-05-09T21:23:10+00:00,2017-05-09T21:38:10+00:00,acceptance recorded,False,https://data.sec.gov/api/xbrl/companyfacts/CIK0001050915.json
PWR,1050915,us-gaap:UnapprovedChangeOrdersAmount,USD,2017-06-30,118900000,147100000,-28200000,39,10-Q,2017-08-08,0001050915-17-000031,2017-08-08T21:08:24+00:00,2017-08-08T21:23:24+00:00,acceptance recorded,False,https://data.sec.gov/api/xbrl/companyfacts/CIK0001050915.json
PWR,1050915,us-gaap:UnapprovedChangeOrdersAmount,USD,2017-09-30,-115500000,118900000,-234400000,40,10-Q,2017-11-09,0001050915-17-000057,2017-11-09T20:25:41+00:00,2017-11-09T20:40:41+00:00,acceptance recorded,False,https://data.sec.gov/api/xbrl/companyfacts/CIK0001050915.json
PWR,1050915,us-gaap:UnapprovedChangeOrdersAmount,USD,2017-12-31,-144000000,-115500000,-28500000,59,10-K,2018-02-28,0001050915-18-000003,2018-02-28T21:18:55+00:00,2018-02-28T21:33:55+00:00,acceptance recorded,False,https://data.sec.gov/api/xbrl/companyfacts/CIK0001050915.json
ETN,1551182,us-gaap:RevenueRemainingPerformanceObligation,USD,2020-09-30,5400000000,,,34,10-Q,2020-11-03,0001551182-20-000190,2020-11-03T17:32:39+00:00,2020-11-03T17:47:39+00:00,acceptance recorded,False,https://data.sec.gov/api/xbrl/companyfacts/CIK0001551182.json
ETN,1551182,us-gaap:RevenueRemainingPerformanceObligation,USD,2020-12-31,5600000000,5400000000,200000000,55,10-K,2021-02-24,0001551182-21-000022,2021-02-24T21:00:55+00:00,2021-02-24T21:15:55+00:00,acceptance recorded,False,https://data.sec.gov/api/xbrl/companyfacts/CIK0001551182.json
ETN,1551182,us-gaap:RevenueRemainingPerformanceObligation,USD,2021-03-31,6400000000,5600000000,800000000,34,10-Q,2021-05-04,0001551182-21-000120,2021-05-04T16:17:04+00:00,2021-05-04T16:32:04+00:00,acceptance recorded,False,https://data.sec.gov/api/xbrl/companyfacts/CIK0001551182.json
ETN,1551182,us-gaap:RevenueRemainingPerformanceObligation,USD,2021-06-30,8300000000,6400000000,1900000000,34,10-Q,2021-08-03,0001551182-21-000161,2021-08-03T16:17:14+00:00,2021-08-03T16:32:14+00:00,acceptance recorded,False,https://data.sec.gov/api/xbrl/companyfacts/CIK0001551182.json
ETN,1551182,us-gaap:RevenueRemainingPerformanceObligation,USD,2021-09-30,7300000000,8300000000,-1000000000,33,10-Q,2021-11-02,0001551182-21-000184,2021-11-02T16:18:54+00:00,2021-11-02T16:33:54+00:00,acceptance recorded,False,https://data.sec.gov/api/xbrl/companyfacts/CIK0001551182.json
ETN,1551182,us-gaap:RevenueRemainingPerformanceObligation,USD,2021-12-31,7700000000,7300000000,400000000,54,10-K,2022-02-23,0001551182-22-000004,2022-02-23T21:31:49+00:00,2022-02-23T21:46:49+00:00,acceptance recorded,False,https://data.sec.gov/api/xbrl/companyfacts/CIK0001551182.json
ETN,1551182,us-gaap:RevenueRemainingPerformanceObligation,USD,2022-03-31,9300000000,7700000000,1600000000,33,10-Q,2022-05-03,0001551182-22-000008,2022-05-03T16:09:48+00:00,2022-05-03T16:24:48+00:00,acceptance recorded,False,https://data.sec.gov/api/xbrl/companyfacts/CIK0001551182.json
ETN,1551182,us-gaap:RevenueRemainingPerformanceObligation,USD,2022-06-30,10200000000,9300000000,900000000,33,10-Q,2022-08-02,0001551182-22-000020,2022-08-02T18:06:44+00:00,2022-08-02T18:21:44+00:00,acceptance recorded,False,https://data.sec.gov/api/xbrl/companyfacts/CIK0001551182.json
ETN,1551182,us-gaap:RevenueRemainingPerformanceObligation,USD,2022-09-30,11000000000,10200000000,800000000,32,10-Q,2022-11-01,0001551182-22-000024,2022-11-01T18:34:31+00:00,2022-11-01T18:49:31+00:00,acceptance recorded,False,https://data.sec.gov/api/xbrl/companyfacts/CIK0001551182.json
ETN,1551182,us-gaap:RevenueRemainingPerformanceObligation,USD,2022-12-31,11400000000,11000000000,400000000,54,10-K,2023-02-23,0001551182-23-000004,2023-02-23T21:22:19+00:00,2023-02-23T21:37:19+00:00,acceptance recorded,False,https://data.sec.gov/api/xbrl/companyfacts/CIK0001551182.json
ETN,1551182,us-gaap:RevenueRemainingPerformanceObligation,USD,2023-03-31,12300000000,11400000000,900000000,32,10-Q,2023-05-02,0001551182-23-000008,2023-05-02T16:22:59+00:00,2023-05-02T16:37:59+00:00,acceptance recorded,False,https://data.sec.gov/api/xbrl/companyfacts/CIK0001551182.json
ETN,1551182,us-gaap:RevenueRemainingPerformanceObligation,USD,2023-06-30,12500000000,12300000000,200000000,32,10-Q,2023-08-01,0001551182-23-000024,2023-08-01T16:23:11+00:00,2023-08-01T16:38:11+00:00,acceptance recorded,False,https://data.sec.gov/api/xbrl/companyfacts/CIK0001551182.json
ETN,1551182,us-gaap:RevenueRemainingPerformanceObligation,USD,2023-09-30,12900000000,12500000000,400000000,31,10-Q,2023-10-31,0001551182-23-000029,2023-10-31T16:31:56+00:00,2023-10-31T16:46:56+00:00,acceptance recorded,False,https://data.sec.gov/api/xbrl/companyfacts/CIK0001551182.json
ETN,1551182,us-gaap:RevenueRemainingPerformanceObligation,USD,2023-12-31,13000000000,12900000000,100000000,60,10-K,2024-02-29,0001551182-24-000006,2024-02-29T19:35:53+00:00,2024-02-29T19:50:53+00:00,acceptance recorded,False,https://data.sec.gov/api/xbrl/companyfacts/CIK0001551182.json
ETN,1551182,us-gaap:RevenueRemainingPerformanceObligation,USD,2024-03-31,15000000000,13000000000,2000000000,30,10-Q,2024-04-30,0001551182-24-000013,2024-04-30T16:07:49+00:00,2024-04-30T16:22:49+00:00,acceptance recorded,False,https://data.sec.gov/api/xbrl/companyfacts/CIK0001551182.json
