observation_id,project_key,status,observed_at,available_at,source,evidence,source_receipt,capacity_mw,plant_id,entity_name
eia-plant:63209:AVTOR:planned,eia-plant:63209:AVTOR,planned,2019-11-30T23:59:59+00:00,2019-11-30T23:59:59+00:00,eia:860m,results/site-labels.csv:63209:AVTOR,https://www.eia.gov/electricity/data/eia860m/,525.0,63209,"Aviator Wind, LLC"
eia-plant:63209:AVTOR:operating,eia-plant:63209:AVTOR,operating,2022-09-30T23:59:59+00:00,2022-09-30T23:59:59+00:00,eia:860m,results/site-labels.csv:63209:AVTOR,https://www.eia.gov/electricity/data/eia860m/,525.0,63209,"Aviator Wind, LLC"
eia-plant:62853:MVRCK:planned,eia-plant:62853:MVRCK,planned,2019-11-30T23:59:59+00:00,2019-11-30T23:59:59+00:00,eia:860m,results/site-labels.csv:62853:MVRCK,https://www.eia.gov/electricity/data/eia860m/,524.4,62853,Algonquin Power Co
eia-plant:62853:MVRCK:operating,eia-plant:62853:MVRCK,operating,2022-09-30T23:59:59+00:00,2022-09-30T23:59:59+00:00,eia:860m,results/site-labels.csv:62853:MVRCK,https://www.eia.gov/electricity/data/eia860m/,524.4,62853,Algonquin Power Co
eia-plant:62516:1:planned,eia-plant:62516:1,planned,2019-11-30T23:59:59+00:00,2019-11-30T23:59:59+00:00,eia:860m,results/site-labels.csv:62516:1,https://www.eia.gov/electricity/data/eia860m/,503.2,62516,PacifiCorp
eia-plant:62516:1:operating,eia-plant:62516:1,operating,2022-09-30T23:59:59+00:00,2022-09-30T23:59:59+00:00,eia:860m,results/site-labels.csv:62516:1,https://www.eia.gov/electricity/data/eia860m/,503.2,62516,PacifiCorp
eia-plant:60927:1C:planned,eia-plant:60927:1C,planned,2019-11-30T23:59:59+00:00,2019-11-30T23:59:59+00:00,eia:860m,results/site-labels.csv:60927:1C,https://www.eia.gov/electricity/data/eia860m/,500.0,60927,Entergy Louisiana LLC
eia-plant:60927:1C:operating,eia-plant:60927:1C,operating,2022-09-30T23:59:59+00:00,2022-09-30T23:59:59+00:00,eia:860m,results/site-labels.csv:60927:1C,https://www.eia.gov/electricity/data/eia860m/,500.0,60927,Entergy Louisiana LLC
eia-plant:60925:1C:planned,eia-plant:60925:1C,planned,2019-11-30T23:59:59+00:00,2019-11-30T23:59:59+00:00,eia:860m,results/site-labels.csv:60925:1C,https://www.eia.gov/electricity/data/eia860m/,500.0,60925,Entergy Texas Inc.
eia-plant:60925:1C:operating,eia-plant:60925:1C,operating,2022-09-30T23:59:59+00:00,2022-09-30T23:59:59+00:00,eia:860m,results/site-labels.csv:60925:1C,https://www.eia.gov/electricity/data/eia860m/,500.0,60925,Entergy Texas Inc.
eia-plant:62952:CRW01:planned,eia-plant:62952:CRW01,planned,2019-11-30T23:59:59+00:00,2019-11-30T23:59:59+00:00,eia:860m,results/site-labels.csv:62952:CRW01,https://www.eia.gov/electricity/data/eia860m/,498.4,62952,Public Service Co of Colorado
eia-plant:62952:CRW01:operating,eia-plant:62952:CRW01,operating,2022-09-30T23:59:59+00:00,2022-09-30T23:59:59+00:00,eia:860m,results/site-labels.csv:62952:CRW01,https://www.eia.gov/electricity/data/eia860m/,498.4,62952,Public Service Co of Colorado
eia-plant:61028:STG1:planned,eia-plant:61028:STG1,planned,2019-11-30T23:59:59+00:00,2019-11-30T23:59:59+00:00,eia:860m,results/site-labels.csv:61028:STG1,https://www.eia.gov/electricity/data/eia860m/,450.0,61028,"Hickory Run Energy, LLC"
eia-plant:61028:STG1:operating,eia-plant:61028:STG1,operating,2022-09-30T23:59:59+00:00,2022-09-30T23:59:59+00:00,eia:860m,results/site-labels.csv:61028:STG1,https://www.eia.gov/electricity/data/eia860m/,450.0,61028,"Hickory Run Energy, LLC"
eia-plant:62562:HILO:planned,eia-plant:62562:HILO,planned,2019-11-30T23:59:59+00:00,2019-11-30T23:59:59+00:00,eia:860m,results/site-labels.csv:62562:HILO,https://www.eia.gov/electricity/data/eia860m/,449.5,62562,"High Lonesome Wind Power, LLC"
eia-plant:62562:HILO:operating,eia-plant:62562:HILO,operating,2022-09-30T23:59:59+00:00,2022-09-30T23:59:59+00:00,eia:860m,results/site-labels.csv:62562:HILO,https://www.eia.gov/electricity/data/eia860m/,449.5,62562,"High Lonesome Wind Power, LLC"
