ticker,cik,concept,period_end,value_usd,form,filed,fy,fp
MSFT,0000789019,PaymentsToAcquirePropertyPlantAndEquipment,2008-09-30,778000000,10-Q,2009-10-23,2010,Q1
MSFT,0000789019,PaymentsToAcquirePropertyPlantAndEquipment,2008-12-31,842000000,10-Q,2010-01-28,2010,Q2
MSFT,0000789019,PaymentsToAcquirePropertyPlantAndEquipment,2009-03-31,632000000,10-Q,2010-04-22,2010,Q3
MSFT,0000789019,PaymentsToAcquirePropertyPlantAndEquipment,2009-09-30,435000000,10-Q,2010-10-28,2011,Q1
MSFT,0000789019,PaymentsToAcquirePropertyPlantAndEquipment,2009-12-31,376000000,10-Q,2011-01-27,2011,Q2
MSFT,0000789019,PaymentsToAcquirePropertyPlantAndEquipment,2010-03-31,408000000,10-Q,2011-04-28,2011,Q3
MSFT,0000789019,PaymentsToAcquirePropertyPlantAndEquipment,2010-09-30,564000000,10-Q,2011-10-20,2012,Q1
MSFT,0000789019,PaymentsToAcquirePropertyPlantAndEquipment,2010-12-31,491000000,10-Q/A,2012-01-27,2012,Q2
MSFT,0000789019,PaymentsToAcquirePropertyPlantAndEquipment,2011-03-31,658000000,10-Q,2012-04-19,2012,Q3
MSFT,0000789019,PaymentsToAcquirePropertyPlantAndEquipment,2011-09-30,436000000,10-Q,2012-10-18,2013,Q1
MSFT,0000789019,PaymentsToAcquirePropertyPlantAndEquipment,2011-12-31,498000000,10-Q,2013-01-24,2013,Q2
MSFT,0000789019,PaymentsToAcquirePropertyPlantAndEquipment,2012-03-31,749000000,10-Q,2013-04-18,2013,Q3
MSFT,0000789019,PaymentsToAcquirePropertyPlantAndEquipment,2012-09-30,603000000,10-Q,2013-10-24,2014,Q1
MSFT,0000789019,PaymentsToAcquirePropertyPlantAndEquipment,2012-12-31,930000000,10-Q,2014-01-23,2014,Q2
MSFT,0000789019,PaymentsToAcquirePropertyPlantAndEquipment,2013-03-31,930000000,10-Q,2014-04-24,2014,Q3
MSFT,0000789019,PaymentsToAcquirePropertyPlantAndEquipment,2013-09-30,1231000000,10-Q,2014-10-23,2015,Q1
MSFT,0000789019,PaymentsToAcquirePropertyPlantAndEquipment,2013-12-31,1732000000,10-Q,2015-01-26,2015,Q2
MSFT,0000789019,PaymentsToAcquirePropertyPlantAndEquipment,2014-03-31,1192000000,10-Q,2015-04-23,2015,Q3
MSFT,0000789019,PaymentsToAcquirePropertyPlantAndEquipment,2014-09-30,1282000000,10-Q,2015-10-22,2016,Q1
MSFT,0000789019,PaymentsToAcquirePropertyPlantAndEquipment,2014-12-31,1490000000,10-Q,2016-01-28,2016,Q2
MSFT,0000789019,PaymentsToAcquirePropertyPlantAndEquipment,2015-03-31,1391000000,10-Q,2016-04-21,2016,Q3
MSFT,0000789019,PaymentsToAcquirePropertyPlantAndEquipment,2015-09-30,1356000000,10-Q,2016-10-20,2017,Q1
MSFT,0000789019,PaymentsToAcquirePropertyPlantAndEquipment,2015-12-31,2024000000,10-Q,2017-01-26,2017,Q2
MSFT,0000789019,PaymentsToAcquirePropertyPlantAndEquipment,2016-03-31,2308000000,10-Q,2017-04-27,2017,Q3
MSFT,0000789019,PaymentsToAcquirePropertyPlantAndEquipment,2016-09-30,2163000000,10-Q,2017-10-26,2018,Q1
MSFT,0000789019,PaymentsToAcquirePropertyPlantAndEquipment,2016-12-31,1988000000,10-Q,2018-01-31,2018,Q2
MSFT,0000789019,PaymentsToAcquirePropertyPlantAndEquipment,2017-03-31,1695000000,10-Q,2018-04-26,2018,Q3
MSFT,0000789019,PaymentsToAcquirePropertyPlantAndEquipment,2017-09-30,2132000000,10-Q,2018-10-24,2019,Q1
MSFT,0000789019,PaymentsToAcquirePropertyPlantAndEquipment,2017-12-31,2586000000,10-Q,2019-01-30,2019,Q2
MSFT,0000789019,PaymentsToAcquirePropertyPlantAndEquipment,2018-03-31,2934000000,10-Q,2019-04-24,2019,Q3
MSFT,0000789019,PaymentsToAcquirePropertyPlantAndEquipment,2018-09-30,3602000000,10-Q,2019-10-23,2020,Q1
MSFT,0000789019,PaymentsToAcquirePropertyPlantAndEquipment,2018-12-31,3707000000,10-Q,2020-01-29,2020,Q2
MSFT,0000789019,PaymentsToAcquirePropertyPlantAndEquipment,2019-03-31,2565000000,10-Q,2020-04-29,2020,Q3
MSFT,0000789019,PaymentsToAcquirePropertyPlantAndEquipment,2019-09-30,3385000000,10-Q,2020-10-27,2021,Q1
MSFT,0000789019,PaymentsToAcquirePropertyPlantAndEquipment,2019-12-31,3545000000,10-Q,2021-01-26,2021,Q2
MSFT,0000789019,PaymentsToAcquirePropertyPlantAndEquipment,2020-03-31,3767000000,10-Q,2021-04-27,2021,Q3
MSFT,0000789019,PaymentsToAcquirePropertyPlantAndEquipment,2020-09-30,4907000000,10-Q,2021-10-26,2022,Q1
MSFT,0000789019,PaymentsToAcquirePropertyPlantAndEquipment,2020-12-31,4174000000,10-Q,2022-01-25,2022,Q2
MSFT,0000789019,PaymentsToAcquirePropertyPlantAndEquipment,2021-03-31,5089000000,10-Q,2022-04-26,2022,Q3
MSFT,0000789019,PaymentsToAcquirePropertyPlantAndEquipment,2021-09-30,5810000000,10-Q,2022-10-25,2023,Q1
MSFT,0000789019,PaymentsToAcquirePropertyPlantAndEquipment,2021-12-31,5865000000,10-Q,2023-01-24,2023,Q2
MSFT,0000789019,PaymentsToAcquirePropertyPlantAndEquipment,2022-03-31,5340000000,10-Q,2023-04-25,2023,Q3
MSFT,0000789019,PaymentsToAcquirePropertyPlantAndEquipment,2022-09-30,6283000000,10-Q,2023-10-24,2024,Q1
MSFT,0000789019,PaymentsToAcquirePropertyPlantAndEquipment,2022-12-31,6274000000,10-Q,2024-01-30,2024,Q2
MSFT,0000789019,PaymentsToAcquirePropertyPlantAndEquipment,2023-03-31,6607000000,10-Q,2024-04-25,2024,Q3
MSFT,0000789019,PaymentsToAcquirePropertyPlantAndEquipment,2023-09-30,9917000000,10-Q,2024-10-30,2025,Q1
MSFT,0000789019,PaymentsToAcquirePropertyPlantAndEquipment,2023-12-31,9735000000,10-Q,2025-01-29,2025,Q2
MSFT,0000789019,PaymentsToAcquirePropertyPlantAndEquipment,2024-03-31,10952000000,10-Q,2025-04-30,2025,Q3
MSFT,0000789019,PaymentsToAcquirePropertyPlantAndEquipment,2024-09-30,14923000000,10-Q,2025-10-29,2026,Q1
MSFT,0000789019,PaymentsToAcquirePropertyPlantAndEquipment,2024-12-31,15804000000,10-Q,2026-01-28,2026,Q2
MSFT,0000789019,PaymentsToAcquirePropertyPlantAndEquipment,2025-03-31,16745000000,10-Q,2026-04-29,2026,Q3
MSFT,0000789019,PaymentsToAcquirePropertyPlantAndEquipment,2025-09-30,19394000000,10-Q,2025-10-29,2026,Q1
MSFT,0000789019,PaymentsToAcquirePropertyPlantAndEquipment,2025-12-31,29876000000,10-Q,2026-01-28,2026,Q2
MSFT,0000789019,PaymentsToAcquirePropertyPlantAndEquipment,2026-03-31,30876000000,10-Q,2026-04-29,2026,Q3
AMZN,0001018724,PaymentsToAcquirePropertyPlantAndEquipment,2008-06-30,69000000,10-Q,2009-07-24,2009,Q2
AMZN,0001018724,PaymentsToAcquirePropertyPlantAndEquipment,2008-09-30,102000000,10-Q,2009-10-23,2009,Q3
AMZN,0001018724,PaymentsToAcquirePropertyPlantAndEquipment,2009-03-31,55000000,10-Q,2010-04-23,2010,Q1
AMZN,0001018724,PaymentsToAcquirePropertyPlantAndEquipment,2009-06-30,78000000,10-Q,2010-07-23,2010,Q2
AMZN,0001018724,PaymentsToAcquirePropertyPlantAndEquipment,2009-09-30,103000000,10-Q,2010-10-22,2010,Q3
AMZN,0001018724,PaymentsToAcquirePropertyPlantAndEquipment,2010-03-31,140000000,10-Q,2011-04-27,2011,Q1
AMZN,0001018724,PaymentsToAcquirePropertyPlantAndEquipment,2010-06-30,196000000,10-Q,2011-07-27,2011,Q2
AMZN,0001018724,PaymentsToAcquirePropertyPlantAndEquipment,2010-09-30,315000000,10-Q,2011-10-26,2011,Q3
AMZN,0001018724,PaymentsToAcquirePropertyPlantAndEquipment,2011-03-31,298000000,10-Q,2012-04-27,2012,Q1
AMZN,0001018724,PaymentsToAcquirePropertyPlantAndEquipment,2011-06-30,433000000,10-Q,2012-07-27,2012,Q2
AMZN,0001018724,PaymentsToAcquirePropertyPlantAndEquipment,2011-09-30,529000000,10-Q,2012-10-26,2012,Q3
AMZN,0001018724,PaymentsToAcquirePropertyPlantAndEquipment,2012-03-31,386000000,10-Q,2013-04-26,2013,Q1
AMZN,0001018724,PaymentsToAcquirePropertyPlantAndEquipment,2012-06-30,657000000,10-Q,2013-07-26,2013,Q2
AMZN,0001018724,PaymentsToAcquirePropertyPlantAndEquipment,2012-09-30,716000000,10-Q,2013-10-25,2013,Q3
AMZN,0001018724,PaymentsToAcquirePropertyPlantAndEquipment,2013-03-31,670000000,10-Q,2014-04-25,2014,Q1
AMZN,0001018724,PaymentsToAcquirePropertyPlantAndEquipment,2013-06-30,855000000,10-Q,2014-07-25,2014,Q2
AMZN,0001018724,PaymentsToAcquirePropertyPlantAndEquipment,2013-09-30,1038000000,10-Q,2014-10-24,2014,Q3
AMZN,0001018724,PaymentsToAcquirePropertyPlantAndEquipment,2014-03-31,1080000000,10-Q,2015-04-24,2015,Q1
AMZN,0001018724,PaymentsToAcquirePropertyPlantAndEquipment,2014-06-30,1290000000,10-Q,2015-07-24,2015,Q2
AMZN,0001018724,PaymentsToAcquirePropertyPlantAndEquipment,2014-09-30,1378000000,10-Q,2015-10-23,2015,Q3
AMZN,0001018724,PaymentsToAcquirePropertyPlantAndEquipment,2015-03-31,871000000,10-Q,2016-04-29,2016,Q1
AMZN,0001018724,PaymentsToAcquirePropertyPlantAndEquipment,2015-06-30,1213000000,10-Q,2016-07-29,2016,Q2
AMZN,0001018724,PaymentsToAcquirePropertyPlantAndEquipment,2015-09-30,1195000000,10-Q,2016-10-28,2016,Q3
AMZN,0001018724,PaymentsToAcquirePropertyPlantAndEquipment,2016-03-31,1179000000,10-Q,2017-04-28,2017,Q1
AMZN,0001018724,PaymentsToAcquirePropertyPlantAndEquipment,2016-06-30,1711000000,10-Q,2016-07-29,2016,Q2
AMZN,0001018724,PaymentsToAcquirePropertyPlantAndEquipment,2016-09-30,1841000000,10-Q,2016-10-28,2016,Q3
AMZN,0001018724,PaymentsToAcquirePropertyPlantAndEquipment,2017-03-31,1861000000,10-Q,2017-04-28,2017,Q1
GOOGL,0001652044,PaymentsToAcquirePropertyPlantAndEquipment,2015-03-31,2927000000,10-Q,2016-05-03,2016,Q1
GOOGL,0001652044,PaymentsToAcquirePropertyPlantAndEquipment,2015-06-30,2515000000,10-Q,2016-08-04,2016,Q2
GOOGL,0001652044,PaymentsToAcquirePropertyPlantAndEquipment,2015-09-30,2383000000,10-Q,2016-11-03,2016,Q3
GOOGL,0001652044,PaymentsToAcquirePropertyPlantAndEquipment,2016-03-31,2444000000,10-Q,2017-05-02,2017,Q1
GOOGL,0001652044,PaymentsToAcquirePropertyPlantAndEquipment,2016-06-30,2136000000,10-Q,2017-07-25,2017,Q2
GOOGL,0001652044,PaymentsToAcquirePropertyPlantAndEquipment,2016-09-30,2554000000,10-Q,2017-10-27,2017,Q3
GOOGL,0001652044,PaymentsToAcquirePropertyPlantAndEquipment,2017-03-31,2508000000,10-Q,2018-04-24,2018,Q1
GOOGL,0001652044,PaymentsToAcquirePropertyPlantAndEquipment,2017-06-30,2831000000,10-Q,2018-07-24,2018,Q2
GOOGL,0001652044,PaymentsToAcquirePropertyPlantAndEquipment,2017-09-30,3538000000,10-Q,2018-10-26,2018,Q3
GOOGL,0001652044,PaymentsToAcquirePropertyPlantAndEquipment,2018-03-31,7299000000,10-Q,2019-04-30,2019,Q1
GOOGL,0001652044,PaymentsToAcquirePropertyPlantAndEquipment,2018-06-30,5477000000,10-Q,2019-07-26,2019,Q2
GOOGL,0001652044,PaymentsToAcquirePropertyPlantAndEquipment,2018-09-30,5282000000,10-Q,2019-10-29,2019,Q3
GOOGL,0001652044,PaymentsToAcquirePropertyPlantAndEquipment,2019-03-31,4638000000,10-Q,2020-04-29,2020,Q1
GOOGL,0001652044,PaymentsToAcquirePropertyPlantAndEquipment,2019-06-30,6126000000,10-Q,2020-07-31,2020,Q2
GOOGL,0001652044,PaymentsToAcquirePropertyPlantAndEquipment,2019-09-30,6732000000,10-Q,2020-10-30,2020,Q3
GOOGL,0001652044,PaymentsToAcquirePropertyPlantAndEquipment,2020-03-31,6005000000,10-Q,2021-04-28,2021,Q1
GOOGL,0001652044,PaymentsToAcquirePropertyPlantAndEquipment,2020-06-30,5391000000,10-Q,2020-07-31,2020,Q2
GOOGL,0001652044,PaymentsToAcquirePropertyPlantAndEquipment,2020-09-30,5406000000,10-Q,2020-10-30,2020,Q3
GOOGL,0001652044,PaymentsToAcquirePropertyPlantAndEquipment,2021-03-31,5942000000,10-Q,2022-04-27,2022,Q1
GOOGL,0001652044,PaymentsToAcquirePropertyPlantAndEquipment,2022-03-31,9786000000,10-Q,2023-04-26,2023,Q1
GOOGL,0001652044,PaymentsToAcquirePropertyPlantAndEquipment,2023-03-31,6289000000,10-Q,2024-04-26,2024,Q1
GOOGL,0001652044,PaymentsToAcquirePropertyPlantAndEquipment,2024-03-31,12012000000,10-Q,2025-04-25,2025,Q1
GOOGL,0001652044,PaymentsToAcquirePropertyPlantAndEquipment,2025-03-31,17197000000,10-Q,2026-04-30,2026,Q1
GOOGL,0001652044,PaymentsToAcquirePropertyPlantAndEquipment,2026-03-31,35674000000,10-Q,2026-04-30,2026,Q1
META,0001326801,PaymentsToAcquirePropertyPlantAndEquipment,2012-03-31,453000000,10-Q,2013-05-02,2013,Q1
META,0001326801,PaymentsToAcquirePropertyPlantAndEquipment,2013-03-31,327000000,10-Q,2014-04-25,2014,Q1
META,0001326801,PaymentsToAcquirePropertyPlantAndEquipment,2014-03-31,363000000,10-Q,2015-04-23,2015,Q1
META,0001326801,PaymentsToAcquirePropertyPlantAndEquipment,2015-03-31,502000000,10-Q,2016-04-28,2016,Q1
META,0001326801,PaymentsToAcquirePropertyPlantAndEquipment,2016-03-31,1132000000,10-Q,2017-05-04,2017,Q1
META,0001326801,PaymentsToAcquirePropertyPlantAndEquipment,2017-03-31,1271000000,10-Q,2018-04-26,2018,Q1
META,0001326801,PaymentsToAcquirePropertyPlantAndEquipment,2018-03-31,2812000000,10-Q,2019-04-25,2019,Q1
META,0001326801,PaymentsToAcquirePropertyPlantAndEquipment,2019-03-31,3837000000,10-Q,2020-04-30,2020,Q1
META,0001326801,PaymentsToAcquirePropertyPlantAndEquipment,2020-03-31,3558000000,10-Q,2021-04-29,2021,Q1
META,0001326801,PaymentsToAcquirePropertyPlantAndEquipment,2021-03-31,4303000000,10-Q,2022-04-28,2022,Q1
META,0001326801,PaymentsToAcquirePropertyPlantAndEquipment,2022-03-31,5441000000,10-Q,2023-04-27,2023,Q1
META,0001326801,PaymentsToAcquirePropertyPlantAndEquipment,2023-03-31,6823000000,10-Q,2024-04-25,2024,Q1
META,0001326801,PaymentsToAcquirePropertyPlantAndEquipment,2024-03-31,6400000000,10-Q,2025-05-01,2025,Q1
META,0001326801,PaymentsToAcquirePropertyPlantAndEquipment,2025-03-31,12941000000,10-Q,2026-04-30,2026,Q1
META,0001326801,PaymentsToAcquirePropertyPlantAndEquipment,2026-03-31,18997000000,10-Q,2026-04-30,2026,Q1
ORCL,0001341439,PaymentsToAcquirePropertyPlantAndEquipment,2010-08-31,118000000,10-Q,2011-09-23,2012,Q1
ORCL,0001341439,PaymentsToAcquirePropertyPlantAndEquipment,2011-08-31,160000000,10-Q,2012-09-24,2013,Q1
ORCL,0001341439,PaymentsToAcquirePropertyPlantAndEquipment,2012-08-31,139000000,10-Q,2013-09-20,2014,Q1
ORCL,0001341439,PaymentsToAcquirePropertyPlantAndEquipment,2013-08-31,153000000,10-Q,2014-09-23,2015,Q1
ORCL,0001341439,PaymentsToAcquirePropertyPlantAndEquipment,2014-08-31,201000000,10-Q,2015-09-18,2016,Q1
ORCL,0001341439,PaymentsToAcquirePropertyPlantAndEquipment,2015-08-31,446000000,10-Q,2016-09-19,2017,Q1
ORCL,0001341439,PaymentsToAcquirePropertyPlantAndEquipment,2016-08-31,299000000,10-Q,2017-09-18,2018,Q1
ORCL,0001341439,PaymentsToAcquirePropertyPlantAndEquipment,2017-08-31,473000000,10-Q,2018-09-19,2019,Q1
ORCL,0001341439,PaymentsToAcquirePropertyPlantAndEquipment,2018-08-31,383000000,10-Q,2019-09-13,2020,Q1
ORCL,0001341439,PaymentsToAcquirePropertyPlantAndEquipment,2019-08-31,386000000,10-Q,2020-09-15,2021,Q1
ORCL,0001341439,PaymentsToAcquirePropertyPlantAndEquipment,2020-08-31,436000000,10-Q,2021-09-13,2022,Q1
ORCL,0001341439,PaymentsToAcquirePropertyPlantAndEquipment,2021-08-31,1062000000,10-Q,2022-09-13,2023,Q1
ORCL,0001341439,PaymentsToAcquirePropertyPlantAndEquipment,2022-08-31,1719000000,10-Q,2023-09-12,2024,Q1
ORCL,0001341439,PaymentsToAcquirePropertyPlantAndEquipment,2023-08-31,1314000000,10-Q,2024-09-10,2025,Q1
ORCL,0001341439,PaymentsToAcquirePropertyPlantAndEquipment,2024-08-31,2303000000,10-Q,2025-09-10,2026,Q1
ORCL,0001341439,PaymentsToAcquirePropertyPlantAndEquipment,2025-08-31,8502000000,10-Q,2026-09-11,2026,Q1
ORCL,0001341439,PaymentsToAcquirePropertyPlantAndEquipment,2026-08-31,28499000000,10-Q,2026-09-11,2026,Q1
CRWV,0001769628,PaymentsToAcquirePropertyPlantAndEquipment,2024-03-31,1741935000,10-Q,2025-05-15,2025,Q1
CRWV,0001769628,PaymentsToAcquirePropertyPlantAndEquipment,2025-03-31,1407000000,10-Q,2026-05-08,2026,Q1
CRWV,0001769628,PaymentsToAcquirePropertyPlantAndEquipment,2026-03-31,7695000000,10-Q,2026-05-08,2026,Q1
IREN,0001878848,PaymentsToAcquirePropertyPlantAndEquipment,2024-09-30,105831000,10-Q,2025-11-06,2026,Q1
IREN,0001878848,PaymentsToAcquirePropertyPlantAndEquipment,2025-09-30,180307000,10-Q,2025-11-06,2026,Q1
CORZ,0001839341,PaymentsToAcquirePropertyPlantAndEquipment,2021-03-31,10757000,10-Q,2022-05-13,2022,Q1
CORZ,0001839341,PaymentsToAcquirePropertyPlantAndEquipment,2022-03-31,133223000,10-Q,2023-05-15,2023,Q1
CORZ,0001839341,PaymentsToAcquirePropertyPlantAndEquipment,2022-09-30,5200000,10-Q,2022-11-22,2022,Q3
CORZ,0001839341,PaymentsToAcquirePropertyPlantAndEquipment,2023-03-31,1539000,10-Q,2024-05-09,2024,Q1
CORZ,0001839341,PaymentsToAcquirePropertyPlantAndEquipment,2024-03-31,31894000,10-Q/A,2026-03-02,2025,Q1
CORZ,0001839341,PaymentsToAcquirePropertyPlantAndEquipment,2025-03-31,83980000,10-Q,2026-05-06,2026,Q1
CORZ,0001839341,PaymentsToAcquirePropertyPlantAndEquipment,2026-03-31,389226000,10-Q,2026-05-06,2026,Q1
APLD,0001144879,PaymentsToAcquireProductiveAssets,2022-08-31,31673000,10-Q,2023-10-10,2024,Q1
APLD,0001144879,PaymentsToAcquireProductiveAssets,2023-08-31,32591000,10-Q,2024-10-09,2025,Q1
APLD,0001144879,PaymentsToAcquireProductiveAssets,2024-08-31,54798000,10-Q,2025-10-09,2026,Q1
APLD,0001144879,PaymentsToAcquireProductiveAssets,2025-08-31,249420000,10-Q,2025-10-09,2026,Q1
EQIX,0001101239,PaymentsToAcquireProductiveAssets,2011-03-31,14951000,10-Q,2012-04-27,2012,Q1
EQIX,0001101239,PaymentsToAcquireProductiveAssets,2012-06-30,196484000,10-Q,2013-07-26,2013,Q2
EQIX,0001101239,PaymentsToAcquireProductiveAssets,2012-09-30,485152000,10-Q,2013-11-12,2013,Q3
EQIX,0001101239,PaymentsToAcquireProductiveAssets,2013-03-31,75667000,10-Q,2014-05-02,2014,Q1
EQIX,0001101239,PaymentsToAcquireProductiveAssets,2013-06-30,125823000,10-Q,2014-08-08,2014,Q2
EQIX,0001101239,PaymentsToAcquireProductiveAssets,2013-09-30,243005000,10-Q,2014-11-07,2014,Q3
EQIX,0001101239,PaymentsToAcquireProductiveAssets,2014-03-31,122698000,10-Q,2015-05-01,2015,Q1
EQIX,0001101239,PaymentsToAcquireProductiveAssets,2014-06-30,159816000,10-Q,2015-07-31,2015,Q2
EQIX,0001101239,PaymentsToAcquireProductiveAssets,2014-09-30,156004000,10-Q,2015-10-30,2015,Q3
EQIX,0001101239,PaymentsToAcquireProductiveAssets,2015-03-31,150120000,10-Q,2016-05-09,2016,Q1
EQIX,0001101239,PaymentsToAcquireProductiveAssets,2015-06-30,221342000,10-Q,2016-08-08,2016,Q2
EQIX,0001101239,PaymentsToAcquireProductiveAssets,2015-09-30,216046000,10-Q,2015-10-30,2015,Q3
EQIX,0001101239,PaymentsToAcquireProductiveAssets,2016-03-31,197700000,10-Q,2016-05-09,2016,Q1
EQIX,0001101239,PaymentsToAcquireProductiveAssets,2016-06-30,249867000,10-Q,2016-08-08,2016,Q2
EQIX,0001101239,PaymentsToAcquireProductiveAssets,2018-03-31,349729000,10-Q,2019-05-03,2019,Q1
EQIX,0001101239,PaymentsToAcquireProductiveAssets,2018-06-30,520239000,10-Q,2019-08-02,2019,Q2
EQIX,0001101239,PaymentsToAcquireProductiveAssets,2018-09-30,545541000,10-Q,2019-11-01,2019,Q3
EQIX,0001101239,PaymentsToAcquireProductiveAssets,2019-03-31,363967000,10-Q,2020-05-07,2020,Q1
EQIX,0001101239,PaymentsToAcquireProductiveAssets,2019-06-30,444171000,10-Q,2020-07-31,2020,Q2
EQIX,0001101239,PaymentsToAcquireProductiveAssets,2019-09-30,556822000,10-Q,2020-10-30,2020,Q3
EQIX,0001101239,PaymentsToAcquireProductiveAssets,2020-03-31,400941000,10-Q,2021-04-30,2021,Q1
EQIX,0001101239,PaymentsToAcquireProductiveAssets,2020-06-30,481948000,10-Q,2021-07-30,2021,Q2
EQIX,0001101239,PaymentsToAcquireProductiveAssets,2020-09-30,565285000,10-Q,2021-11-04,2021,Q3
EQIX,0001101239,PaymentsToAcquireProductiveAssets,2021-03-31,563598000,10-Q,2022-04-29,2022,Q1
EQIX,0001101239,PaymentsToAcquireProductiveAssets,2021-06-30,692232000,10-Q,2022-07-29,2022,Q2
EQIX,0001101239,PaymentsToAcquireProductiveAssets,2021-09-30,678277000,10-Q,2022-11-04,2022,Q3
EQIX,0001101239,PaymentsToAcquireProductiveAssets,2022-03-31,412518000,10-Q,2023-05-05,2023,Q1
EQIX,0001101239,PaymentsToAcquireProductiveAssets,2022-06-30,484830000,10-Q,2023-08-04,2023,Q2
EQIX,0001101239,PaymentsToAcquireProductiveAssets,2022-09-30,552729000,10-Q,2023-10-27,2023,Q3
EQIX,0001101239,PaymentsToAcquireProductiveAssets,2023-03-31,530000000,10-Q,2024-05-08,2024,Q1
EQIX,0001101239,PaymentsToAcquireProductiveAssets,2023-06-30,638000000,10-Q,2024-08-07,2024,Q2
EQIX,0001101239,PaymentsToAcquireProductiveAssets,2023-09-30,617000000,10-Q,2024-10-30,2024,Q3
EQIX,0001101239,PaymentsToAcquireProductiveAssets,2024-03-31,707000000,10-Q,2025-04-30,2025,Q1
EQIX,0001101239,PaymentsToAcquireProductiveAssets,2024-06-30,648000000,10-Q,2025-07-30,2025,Q2
EQIX,0001101239,PaymentsToAcquireProductiveAssets,2024-09-30,724000000,10-Q,2025-10-29,2025,Q3
EQIX,0001101239,PaymentsToAcquireProductiveAssets,2025-03-31,750000000,10-Q,2026-04-29,2026,Q1
EQIX,0001101239,PaymentsToAcquireProductiveAssets,2025-06-30,989000000,10-Q,2025-07-30,2025,Q2
EQIX,0001101239,PaymentsToAcquireProductiveAssets,2025-09-30,1136000000,10-Q,2025-10-29,2025,Q3
EQIX,0001101239,PaymentsToAcquireProductiveAssets,2026-03-31,1256000000,10-Q,2026-04-29,2026,Q1
