ticker,cik,accession,concept,period_end,filed,available_at,change_usd,prior_value_usd,benchmark,raw_1,abnormal_sector_1,abnormal_market_1,raw_2,abnormal_sector_2,abnormal_market_2,raw_5,abnormal_sector_5,abnormal_market_5,raw_10,abnormal_sector_10,abnormal_market_10,raw_20,abnormal_sector_20,abnormal_market_20
PWR,1050915,0001193125-15-073003,us-gaap:UnapprovedChangeOrdersAmount,2013-12-31,2015-03-02,2015-03-02T20:14:41+00:00,0,75500000,XLI,-0.0418513047759724273756770064,-0.0445281690207143011806483254,-0.0435466652191539742129940384,-0.0428360413589364844903988183,-0.0300253339019575169951789330,-0.0318957928652602585378529918,-0.0905957656326932545544066962,-0.0418385954606091245352862373,-0.0462756210892864556018688292,-0.1358936484490398818316100443,-0.0659127689079308952159312680,-0.0714261746952889963440546267,-0.0965041851304775972427375677,-0.0309210111343016890209402446,-0.0424834746709792010696356948
PWR,1050915,0001193125-15-073003,us-gaap:UnapprovedChangeOrdersAmount,2014-12-31,2015-03-02,2015-03-02T20:14:41+00:00,36200000,70600000,XLI,-0.0418513047759724273756770064,-0.0445281690207143011806483254,-0.0435466652191539742129940384,-0.0428360413589364844903988183,-0.0300253339019575169951789330,-0.0318957928652602585378529918,-0.0905957656326932545544066962,-0.0418385954606091245352862373,-0.0462756210892864556018688292,-0.1358936484490398818316100443,-0.0659127689079308952159312680,-0.0714261746952889963440546267,-0.0965041851304775972427375677,-0.0309210111343016890209402446,-0.0424834746709792010696356948
PWR,1050915,0001193125-15-179586,us-gaap:UnapprovedChangeOrdersAmount,2014-12-31,2015-05-08,2015-05-08T20:30:02+00:00,0,106800000,XLI,-0.0418513047759724273756770064,-0.0445281690207143011806483254,-0.0435466652191539742129940384,-0.0428360413589364844903988183,-0.0300253339019575169951789330,-0.0318957928652602585378529918,-0.0905957656326932545544066962,-0.0418385954606091245352862373,-0.0462756210892864556018688292,-0.1358936484490398818316100443,-0.0659127689079308952159312680,-0.0714261746952889963440546267,-0.0965041851304775972427375677,-0.0309210111343016890209402446,-0.0424834746709792010696356948
PWR,1050915,0001193125-15-179586,us-gaap:UnapprovedChangeOrdersAmount,2015-03-31,2015-05-08,2015-05-08T20:30:02+00:00,9000000,106800000,XLI,-0.0418513047759724273756770064,-0.0445281690207143011806483254,-0.0435466652191539742129940384,-0.0428360413589364844903988183,-0.0300253339019575169951789330,-0.0318957928652602585378529918,-0.0905957656326932545544066962,-0.0418385954606091245352862373,-0.0462756210892864556018688292,-0.1358936484490398818316100443,-0.0659127689079308952159312680,-0.0714261746952889963440546267,-0.0965041851304775972427375677,-0.0309210111343016890209402446,-0.0424834746709792010696356948
PWR,1050915,0001193125-15-284664,us-gaap:UnapprovedChangeOrdersAmount,2014-12-31,2015-08-10,2015-08-10T19:15:06+00:00,0,106800000,XLI,-0.0418513047759724273756770064,-0.0445281690207143011806483254,-0.0435466652191539742129940384,-0.0428360413589364844903988183,-0.0300253339019575169951789330,-0.0318957928652602585378529918,-0.0905957656326932545544066962,-0.0418385954606091245352862373,-0.0462756210892864556018688292,-0.1358936484490398818316100443,-0.0659127689079308952159312680,-0.0714261746952889963440546267,-0.0965041851304775972427375677,-0.0309210111343016890209402446,-0.0424834746709792010696356948
PWR,1050915,0001193125-15-284664,us-gaap:UnapprovedChangeOrdersAmount,2015-06-30,2015-08-10,2015-08-10T19:15:06+00:00,18900000,115800000,XLI,-0.0418513047759724273756770064,-0.0445281690207143011806483254,-0.0435466652191539742129940384,-0.0428360413589364844903988183,-0.0300253339019575169951789330,-0.0318957928652602585378529918,-0.0905957656326932545544066962,-0.0418385954606091245352862373,-0.0462756210892864556018688292,-0.1358936484490398818316100443,-0.0659127689079308952159312680,-0.0714261746952889963440546267,-0.0965041851304775972427375677,-0.0309210111343016890209402446,-0.0424834746709792010696356948
PWR,1050915,0001193125-15-370391,us-gaap:UnapprovedChangeOrdersAmount,2014-12-31,2015-11-06,2015-11-06T22:32:21+00:00,0,106800000,XLI,-0.0418513047759724273756770064,-0.0445281690207143011806483254,-0.0435466652191539742129940384,-0.0428360413589364844903988183,-0.0300253339019575169951789330,-0.0318957928652602585378529918,-0.0905957656326932545544066962,-0.0418385954606091245352862373,-0.0462756210892864556018688292,-0.1358936484490398818316100443,-0.0659127689079308952159312680,-0.0714261746952889963440546267,-0.0965041851304775972427375677,-0.0309210111343016890209402446,-0.0424834746709792010696356948
PWR,1050915,0001193125-15-370391,us-gaap:UnapprovedChangeOrdersAmount,2015-09-30,2015-11-06,2015-11-06T22:32:21+00:00,-2600000,134700000,XLI,-0.0418513047759724273756770064,-0.0445281690207143011806483254,-0.0435466652191539742129940384,-0.0428360413589364844903988183,-0.0300253339019575169951789330,-0.0318957928652602585378529918,-0.0905957656326932545544066962,-0.0418385954606091245352862373,-0.0462756210892864556018688292,-0.1358936484490398818316100443,-0.0659127689079308952159312680,-0.0714261746952889963440546267,-0.0965041851304775972427375677,-0.0309210111343016890209402446,-0.0424834746709792010696356948
PWR,1050915,0001193125-16-485494,us-gaap:UnapprovedChangeOrdersAmount,2014-12-31,2016-02-29,2016-02-29T22:06:57+00:00,0,106800000,XLI,0.014839636189564384873145045,0.014086907548239582464413393,0.010347182502218970709296678,0.029679272379128769746290091,0.021775621645218344454607742,0.021274850593252236507180505,0.053135471517472474868358066,0.052382742876147672459626414,0.051671638293505991601486126,0.048827190043082814743896601,0.031514431292612359343068599,0.028333524907552049007689443,0.082814743896601244614648157,0.031157174307270694898673863,0.037525591153729883928344339
PWR,1050915,0001193125-16-485494,us-gaap:UnapprovedChangeOrdersAmount,2015-12-31,2016-02-29,2016-02-29T22:06:57+00:00,5100000,132100000,XLI,0.014839636189564384873145045,0.014086907548239582464413393,0.010347182502218970709296678,0.029679272379128769746290091,0.021775621645218344454607742,0.021274850593252236507180505,0.053135471517472474868358066,0.052382742876147672459626414,0.051671638293505991601486126,0.048827190043082814743896601,0.031514431292612359343068599,0.028333524907552049007689443,0.082814743896601244614648157,0.031157174307270694898673863,0.037525591153729883928344339
PWR,1050915,0001193125-16-585468,us-gaap:UnapprovedChangeOrdersAmount,2015-12-31,2016-05-10,2016-05-10T19:34:23+00:00,0,137200000,XLI,-0.0093101988997037663986457893,-0.0071623556922579099461668203,-0.0096007558004301586504617703,-0.0330088870080406263224714346,-0.0183319584238272738971984795,-0.0245827368869752510198079963,-0.0512060939483707151925518409,-0.0404668779111414329301569957,-0.0435063360791213205194283542,-0.0093101988997037663986457893,-0.0094891858336575877696857033,-0.0227726686333599407327862253,0.019889970376639864578925095,-0.002841370235495449543143994,-0.007131821390914614839961104
PWR,1050915,0001193125-16-585468,us-gaap:UnapprovedChangeOrdersAmount,2016-03-31,2016-05-10,2016-05-10T19:34:23+00:00,-19200000,137200000,XLI,-0.0093101988997037663986457893,-0.0071623556922579099461668203,-0.0096007558004301586504617703,-0.0330088870080406263224714346,-0.0183319584238272738971984795,-0.0245827368869752510198079963,-0.0512060939483707151925518409,-0.0404668779111414329301569957,-0.0435063360791213205194283542,-0.0093101988997037663986457893,-0.0094891858336575877696857033,-0.0227726686333599407327862253,0.019889970376639864578925095,-0.002841370235495449543143994,-0.007131821390914614839961104
PWR,1050915,0001193125-16-675265,us-gaap:UnapprovedChangeOrdersAmount,2015-12-31,2016-08-08,2016-08-08T21:10:09+00:00,0,137200000,XLI,-0.0024203307785397337636143606,-0.0019063681264924491996260104,0.0000546898466321426686892419,0.011294876966518757563533683,0.005298646025967104317002931,0.009140692348313605853936103,0.024203307785397337636143606,0.018721039496892968953601204,0.0252116495215784724789339626,0.063331988705123033481242436,0.052196131244098534594828182,0.059711125197927140182131610,0.049213392496974586526825333,0.041332631832249556545670630,0.045409194128654850529025351
PWR,1050915,0001193125-16-675265,us-gaap:UnapprovedChangeOrdersAmount,2016-06-30,2016-08-08,2016-08-08T21:10:09+00:00,-12000000,118000000,XLI,-0.0024203307785397337636143606,-0.0019063681264924491996260104,0.0000546898466321426686892419,0.011294876966518757563533683,0.005298646025967104317002931,0.009140692348313605853936103,0.024203307785397337636143606,0.018721039496892968953601204,0.0252116495215784724789339626,0.063331988705123033481242436,0.052196131244098534594828182,0.059711125197927140182131610,0.049213392496974586526825333,0.041332631832249556545670630,0.045409194128654850529025351
PWR,1050915,0001193125-16-762970,us-gaap:UnapprovedChangeOrdersAmount,2015-12-31,2016-11-08,2016-11-08T21:24:08+00:00,0,137200000,XLI,0.021831215379602476376669925,0.000547488213522369120092080,0.019331899364015026196615650,0.023460410557184750733137830,0.000333210959396917651187101,0.023271852692103449018370422,0.050179211469534050179211470,0.024705774231390929683149797,0.043289454967984917915112148,0.068100358422939068100358423,0.022851489644658525113933084,0.048131710789525135522735435,0.143695014662756598240469208,0.076324476703983345349569258,0.103160619489837944321793106
PWR,1050915,0001193125-16-762970,us-gaap:UnapprovedChangeOrdersAmount,2016-09-30,2016-11-08,2016-11-08T21:24:08+00:00,9600000,106000000,XLI,0.021831215379602476376669925,0.000547488213522369120092080,0.019331899364015026196615650,0.023460410557184750733137830,0.000333210959396917651187101,0.023271852692103449018370422,0.050179211469534050179211470,0.024705774231390929683149797,0.043289454967984917915112148,0.068100358422939068100358423,0.022851489644658525113933084,0.048131710789525135522735435,0.143695014662756598240469208,0.076324476703983345349569258,0.103160619489837944321793106
PWR,1050915,0001193125-17-064821,us-gaap:UnapprovedChangeOrdersAmount,2015-12-31,2017-03-01,2017-03-01T18:22:31+00:00,0,137200000,XLI,0.013859275053304904051172708,0.012802671279719998390795350,0.013229737134137572872258031,0.003997867803837953091684435,0.0053563583698756889407410388,0.0063481427020626561596325611,-0.0213219616204690831556503198,-0.0090955465261294605141408858,-0.0154043051802961700738523595,-0.0010660980810234541577825160,0.0084433358812406967856137104,-0.0019474511678577178082630630,-0.0106609808102345415778251599,-0.0012540252264536449746415218,-0.0066652056956742759061641001
PWR,1050915,0001193125-17-064821,us-gaap:UnapprovedChangeOrdersAmount,2016-12-31,2017-03-01,2017-03-01T18:22:31+00:00,22200000,115600000,XLI,0.013859275053304904051172708,0.012802671279719998390795350,0.013229737134137572872258031,0.003997867803837953091684435,0.0053563583698756889407410388,0.0063481427020626561596325611,-0.0213219616204690831556503198,-0.0090955465261294605141408858,-0.0154043051802961700738523595,-0.0010660980810234541577825160,0.0084433358812406967856137104,-0.0019474511678577178082630630,-0.0106609808102345415778251599,-0.0012540252264536449746415218,-0.0066652056956742759061641001
PWR,1050915,0001193125-17-164407,us-gaap:UnapprovedChangeOrdersAmount,2016-12-31,2017-05-09,2017-05-09T21:38:10+00:00,0,137800000,XLI,-0.0017820017820017820017820018,-0.0014821067452646400014821068,0.0002607713867979845384272782,-0.0350460350460350460350460350,-0.0291980818296607770291980818,-0.0313356919435211843599720366,-0.0778140778140778140778140778,-0.0556218450955293060556218451,-0.0609299322352226008373088041,-0.0709830709830709830709830710,-0.0739820213504424030739820210,-0.0740680753604420590704828000,-0.0552420552420552420552420552,-0.0696370170054380580696370172,-0.0715425513441105219985446772
PWR,1050915,0001193125-17-164407,us-gaap:UnapprovedChangeOrdersAmount,2017-03-31,2017-05-09,2017-05-09T21:38:10+00:00,284900000,-137800000,XLI,-0.0017820017820017820017820018,-0.0014821067452646400014821068,0.0002607713867979845384272782,-0.0350460350460350460350460350,-0.0291980818296607770291980818,-0.0313356919435211843599720366,-0.0778140778140778140778140778,-0.0556218450955293060556218451,-0.0609299322352226008373088041,-0.0709830709830709830709830710,-0.0739820213504424030739820210,-0.0740680753604420590704828000,-0.0552420552420552420552420552,-0.0696370170054380580696370172,-0.0715425513441105219985446772
PWR,1050915,0001050915-17-000031,us-gaap:UnapprovedChangeOrdersAmount,2016-12-31,2017-08-08,2017-08-08T21:23:24+00:00,0,137800000,XLI,-0.0272628135223555070883315158,-0.0145972144540777373984203206,-0.0131475455749338690701313136,-0.0291712104689203925845147219,-0.0170879377945864283975879494,-0.0165119586994562874277907583,-0.0657033805888767720828789531,-0.0645387278009891610769101076,-0.0644495888800800076743855254,-0.0616139585605234460196292257,-0.0426883507573497671726354857,-0.0507342821196741032491539982,-0.0321701199563794983642311887,-0.0227073160547926589407343187,-0.0306332139907576581215618257
PWR,1050915,0001050915-17-000031,us-gaap:UnapprovedChangeOrdersAmount,2017-06-30,2017-08-08,2017-08-08T21:23:24+00:00,-28200000,147100000,XLI,-0.0272628135223555070883315158,-0.0145972144540777373984203206,-0.0131475455749338690701313136,-0.0291712104689203925845147219,-0.0170879377945864283975879494,-0.0165119586994562874277907583,-0.0657033805888767720828789531,-0.0645387278009891610769101076,-0.0644495888800800076743855254,-0.0616139585605234460196292257,-0.0426883507573497671726354857,-0.0507342821196741032491539982,-0.0321701199563794983642311887,-0.0227073160547926589407343187,-0.0306332139907576581215618257
PWR,1050915,0001050915-17-000057,us-gaap:UnapprovedChangeOrdersAmount,2016-12-31,2017-11-09,2017-11-09T20:40:41+00:00,-275600000,137800000,XLI,0.024553571428571428571428571,0.0279309989546057657512765868,0.023623663257003370917121934,-0.0025111607142857142857142857,0.0035400636031924731615134092,-0.0011162984569336278042543299,0.004743303571428571428571429,0.0126239677988420248482167991,0.0056344655691812933472819563,0.008928571428571428571428571,0.002314442523420851594226207,0.000636890232089581153861056,0.092912946428571428571428571,0.043940247301073539463632342,0.061063591552365453911426246
PWR,1050915,0001050915-17-000057,us-gaap:UnapprovedChangeOrdersAmount,2017-09-30,2017-11-09,2017-11-09T20:40:41+00:00,-234400000,118900000,XLI,0.024553571428571428571428571,0.0279309989546057657512765868,0.023623663257003370917121934,-0.0025111607142857142857142857,0.0035400636031924731615134092,-0.0011162984569336278042543299,0.004743303571428571428571429,0.0126239677988420248482167991,0.0056344655691812933472819563,0.008928571428571428571428571,0.002314442523420851594226207,0.000636890232089581153861056,0.092912946428571428571428571,0.043940247301073539463632342,0.061063591552365453911426246
PWR,1050915,0001050915-18-000003,us-gaap:UnapprovedChangeOrdersAmount,2016-12-31,2018-02-28,2018-02-28T21:33:55+00:00,0,-137800000,XLI,0.011222681630242173656231542,0.0114888160281130984732641435,0.006067657349330705594968935,0.010632014176018901358535145,-0.001077899330301790590899319,-0.006140492361149570811804788,0.038688718251624335499113999,0.017264899223014887727989581,0.014781359267687092316446834,0.033668044890726520968694625,0.015970107432310020636026628,0.006398713549673102963464890,0.014471352628470171293561725,0.0219275264991734606522072996,0.0275325064389139918840679374
PWR,1050915,0001050915-18-000003,us-gaap:UnapprovedChangeOrdersAmount,2017-12-31,2018-02-28,2018-02-28T21:33:55+00:00,-28500000,-115500000,XLI,0.011222681630242173656231542,0.0114888160281130984732641435,0.006067657349330705594968935,0.010632014176018901358535145,-0.001077899330301790590899319,-0.006140492361149570811804788,0.038688718251624335499113999,0.017264899223014887727989581,0.014781359267687092316446834,0.033668044890726520968694625,0.015970107432310020636026628,0.006398713549673102963464890,0.014471352628470171293561725,0.0219275264991734606522072996,0.0275325064389139918840679374
PWR,1050915,0001050915-18-000061,us-gaap:RevenueRemainingPerformanceObligation,2018-06-30,2018-08-07,2018-08-07T20:41:16+00:00,390000000,5190000000,XLI,-0.0034462952326249282021826536,0.0020684106497280129742879346,-0.0020800793004452883226899051,-0.0106260769672601952900631821,0.0036858978226557710964914397,-0.0025689060851751395904905625,-0.0252728317059161401493394601,-0.0083348064958321065358940819,-0.0123813582945800510300232687,-0.0186674325100516944284893739,-0.0245760459554298456889935759,-0.0211546461301736029270530959,-0.0160827110855829982768523837,-0.0380102320939863596213901987,-0.0255411290775958897502637197
PWR,1050915,0001050915-18-000065,us-gaap:RevenueRemainingPerformanceObligation,2018-09-30,2018-11-07,2018-11-07T22:03:11+00:00,-290000000,5580000000,XLI,-0.0141482739105829088851160158,-0.0040334570707797377533500235,-0.0043800029658413759082889213,-0.0483870967741935483870967742,-0.0187260798250410060142154183,-0.0201161520326605715600023000,-0.0299943406904357668364459536,-0.0142753685745254333208636682,-0.0033276740237691001697792869,-0.0464063384267119411431805320,0.0004772044929162709945996758,0.0150909877764966150065520883,-0.1310130164119977362761743067,-0.0632164062425062108524454931,-0.0724390413674344564187768022
PWR,1050915,0001050915-19-000014,us-gaap:RevenueRemainingPerformanceObligation,2018-12-31,2019-02-28,2019-02-28T22:27:22+00:00,-610000000,5290000000,XLI,-0.0005564830272676683361157485,0.0038931963340724703891819874,0.0030809180140275317209415227,-0.0061213132999443516972732332,0.0047411392586212810733065338,-0.0011288020667940771091554099,-0.0208681135225375626043405676,0.0071386918694268399607687113,0.0003857200128736063565038800,0.039232053422370617696160267,0.0653251968640619721863907640,0.031639083772813632019975914,0.050083472454090150250417362,0.0624874263996247133995185133,0.038299810065242056283588753
PWR,1050915,0001050915-19-000049,us-gaap:RevenueRemainingPerformanceObligation,2019-03-31,2019-05-06,2019-05-06T18:25:43+00:00,30000000,4680000000,XLI,-0.0044772188569923623913616013,-0.0044772188569923623913616013,-0.0030879923088730278308781505,-0.0121148274953910982354490387,-0.0106689810179988795183091859,-0.0077040332051122110059140823,-0.0592573084013695022386094285,-0.0433529971500550963500710478,-0.0435243177439180383411343478,-0.0697919410060574137476955491,-0.0622998274413886440316072210,-0.0648601867602337760579792986,-0.0163286805372662628390834870,-0.0020016563521979137328794912,0.0009324593231164690749233897
PWR,1050915,0001050915-19-000074,us-gaap:RevenueRemainingPerformanceObligation,2019-06-30,2019-08-02,2019-08-02T21:25:36+00:00,-60000000,4710000000,XLI,0.012553582363747703612982241,-0.002503389963978829213930401,-0.001469389942643671202041366,0.006429883649724433557868953,-0.008084495080606548536542333,-0.008192059835583155759303903,0.019442743417023882424984691,0.011032542657392846071213665,0.004468463944118519871253453,0.027250459277403551745254133,0.009887464160745928305210726,-0.002733333267166950685864181,0.007042253521126760563380282,-0.006658234813110895432278969,-0.017339396820639147406459757
PWR,1050915,0001050915-19-000081,us-gaap:RevenueRemainingPerformanceObligation,2019-09-30,2019-11-01,2019-11-01T20:53:17+00:00,-250000000,4650000000,XLI,0.000228623685413808870598994,-0.001866262328141335922993119,0.0013347823866533572975762527,-0.0093735711019661636945587563,-0.0120846000606845863686191383,-0.0084951509568641693554885803,-0.0205761316872427983539094650,-0.0285859899743654107999969570,-0.0237644714731685555846086220,-0.0384087791495198902606310014,-0.0488832092172956142285915684,-0.0535371260929431261001729214,-0.0708733424782807498856881573,-0.0543607115479049026891385578,-0.0779657717979931486233658743
PWR,1050915,0001050915-20-000020,us-gaap:RevenueRemainingPerformanceObligation,2018-12-31,2020-02-28,2020-02-28T22:25:05+00:00,0,4680000000,XLI,-0.0069533865567859902137522534,0.0175013391537229324564394188,0.0216790505974409339830836196,0.036312129796549060005150657,0.020449605011354083137999302,0.024115035099211714895312099,-0.1444759206798866855524079320,-0.0138744666151147093461951098,-0.0316932360249318180380917134,-0.2492917847025495750708215297,0.0131008127858840006066404663,-0.0252793611365979105071022246,-0.2142673190831831058459953644,-0.0102176177365780191293222271,-0.0657607143697157819388289634
PWR,1050915,0001050915-20-000020,us-gaap:RevenueRemainingPerformanceObligation,2019-12-31,2020-02-28,2020-02-28T22:25:05+00:00,900000000,4400000000,XLI,-0.0069533865567859902137522534,0.0175013391537229324564394188,0.0216790505974409339830836196,0.036312129796549060005150657,0.020449605011354083137999302,0.024115035099211714895312099,-0.1444759206798866855524079320,-0.0138744666151147093461951098,-0.0316932360249318180380917134,-0.2492917847025495750708215297,0.0131008127858840006066404663,-0.0252793611365979105071022246,-0.2142673190831831058459953644,-0.0102176177365780191293222271,-0.0657607143697157819388289634
PWR,1050915,0001050915-20-000073,us-gaap:RevenueRemainingPerformanceObligation,2019-12-31,2020-05-08,2020-05-08T21:07:01+00:00,0,5300000000,XLI,-0.0321504397937518956627236882,-0.0040695668797595978450086689,-0.0122188158621279640387920643,-0.0800727934485896269335759782,-0.0276016766321583047256170565,-0.0428078361836323619763110209,0.012738853503184713375796178,-0.004270132376147764159505491,0.004191844956176166367249169,0.100394297846527145890203215,0.033000202852945631127687169,0.077898571350800650163707489,0.259629966636336063087655444,0.065952174595257757567758140,0.162912017918387345138937495
PWR,1050915,0001050915-20-000073,us-gaap:RevenueRemainingPerformanceObligation,2020-03-31,2020-05-08,2020-05-08T21:07:01+00:00,70000000,5300000000,XLI,-0.0321504397937518956627236882,-0.0040695668797595978450086689,-0.0122188158621279640387920643,-0.0800727934485896269335759782,-0.0276016766321583047256170565,-0.0428078361836323619763110209,0.012738853503184713375796178,-0.004270132376147764159505491,0.004191844956176166367249169,0.100394297846527145890203215,0.033000202852945631127687169,0.077898571350800650163707489,0.259629966636336063087655444,0.065952174595257757567758140,0.162912017918387345138937495
PWR,1050915,0001050915-20-000100,us-gaap:RevenueRemainingPerformanceObligation,2019-12-31,2020-08-07,2020-08-08T00:40:23+00:00,0,5300000000,XLI,0.034439834024896265560165975,0.029113775308346512377521132,0.0426944455813524445988166291,0.026556016597510373443983402,0.017982361102576624418262436,0.020983408795859451132692166,0.053734439834024896265560166,0.051266266282453059424822312,0.046761230071531228774425678,0.056016597510373443983402490,0.044974768463867858116943670,0.034113566846130514043300574,0.065560165975103734439834025,0.0733543982432253244632167218,0.0725929758210375187471320552
PWR,1050915,0001050915-20-000100,us-gaap:RevenueRemainingPerformanceObligation,2020-06-30,2020-08-07,2020-08-08T00:40:23+00:00,-190000000,5370000000,XLI,0.034439834024896265560165975,0.029113775308346512377521132,0.0426944455813524445988166291,0.026556016597510373443983402,0.017982361102576624418262436,0.020983408795859451132692166,0.053734439834024896265560166,0.051266266282453059424822312,0.046761230071531228774425678,0.056016597510373443983402490,0.044974768463867858116943670,0.034113566846130514043300574,0.065560165975103734439834025,0.0733543982432253244632167218,0.0725929758210375187471320552
PWR,1050915,0001050915-20-000107,us-gaap:RevenueRemainingPerformanceObligation,2019-12-31,2020-11-02,2020-10-30T22:49:47+00:00,0,5300000000,XLI,0.013092550790067720090293454,-0.016424903008700247055497100,-0.004563415291095211466338890,-0.0449962377727614747930775019,-0.0638617408528436103166914649,-0.0853959954953538430547371019,-0.0144469525959367945823927765,-0.0938874043413166713791073555,-0.0882204232198011192341190035,0.043641835966892400300978179,-0.083796562390397127419761041,-0.054389660096099725683273790,0.052821670428893905191873589,-0.074103380905808353535025795,-0.055658038838216936722117931
PWR,1050915,0001050915-20-000107,us-gaap:RevenueRemainingPerformanceObligation,2020-09-30,2020-11-02,2020-10-30T22:49:47+00:00,-740000000,5180000000,XLI,0.013092550790067720090293454,-0.016424903008700247055497100,-0.004563415291095211466338890,-0.0449962377727614747930775019,-0.0638617408528436103166914649,-0.0853959954953538430547371019,-0.0144469525959367945823927765,-0.0938874043413166713791073555,-0.0882204232198011192341190035,0.043641835966892400300978179,-0.083796562390397127419761041,-0.054389660096099725683273790,0.052821670428893905191873589,-0.074103380905808353535025795,-0.055658038838216936722117931
ETN,1551182,0001551182-21-000022,us-gaap:RevenueRemainingPerformanceObligation,2020-12-31,2021-02-24,2021-02-24T21:15:55+00:00,200000000,5400000000,XLI,0.000230485556238475722188076,0.0106061954732327963862335107,0.0053831024055571271489659904,0.031346035648432698217578365,0.016383169768135625259954949,0.012383359426320909971822081,0.032959434542102028272894899,0.0360175385176371964686135534,0.0476849334566522859037373649,0.069529809465273509526736325,0.026607135808654898779685211,0.040235744129045643547085238,0.049148924482877340377479580,-0.009687785702360506543142894,0.026534714379455488098531468
PWR,1050915,0001050915-21-000009,us-gaap:RevenueRemainingPerformanceObligation,2019-12-31,2021-03-01,2021-02-27T00:09:46+00:00,0,5300000000,XLI,-0.0173862310385064177362893816,-0.0144808183622985193181251720,-0.0095829557163646240097120419,-0.0346557759626604434072345391,-0.0328264420554184332920941108,-0.0137101422032272076148427325,-0.0275379229871645274212368728,-0.0435714966447562631362912148,-0.0073623492924163370623888827,0.036756126021003500583430572,-0.013281536735910305507175260,0.019224425215007299546416352,-0.0161026837806301050175029172,-0.0775713593291497062289341062,-0.0353439184290595185738827782
PWR,1050915,0001050915-21-000009,us-gaap:RevenueRemainingPerformanceObligation,2020-12-31,2021-03-01,2021-02-27T00:09:46+00:00,-450000000,4440000000,XLI,-0.0173862310385064177362893816,-0.0144808183622985193181251720,-0.0095829557163646240097120419,-0.0346557759626604434072345391,-0.0328264420554184332920941108,-0.0137101422032272076148427325,-0.0275379229871645274212368728,-0.0435714966447562631362912148,-0.0073623492924163370623888827,0.036756126021003500583430572,-0.013281536735910305507175260,0.019224425215007299546416352,-0.0161026837806301050175029172,-0.0775713593291497062289341062,-0.0353439184290595185738827782
ETN,1551182,0001551182-21-000120,us-gaap:RevenueRemainingPerformanceObligation,2021-03-31,2021-05-04,2021-05-04T16:32:04+00:00,800000000,5600000000,XLI,0.006598845202089634313995051,-0.000355660738217523031701848,-0.001386723048060696413605671,0.014022546054440472917239483,-0.003556899516891508151049902,-0.001299161702625071279994432,-0.0123040967830629639813032719,0.0082696499570123764997167223,0.0125666187912004154534531923,-0.0134782659017335625318258206,-0.0016942419473242125849505188,-0.0017163897742531055264139144,0.011813619407874557117470323,-0.002385163553585889129994180,0.004549638650207690009833522
PWR,1050915,0001050915-21-000072,us-gaap:RevenueRemainingPerformanceObligation,2020-12-31,2021-05-07,2021-05-07T16:48:41+00:00,0,3990000000,XLI,-0.0199801192842942345924453280,-0.0051863781747636513776515869,-0.0110553932470640101583160271,-0.0589463220675944333996023857,-0.0205394941870823423611955578,-0.0289659421087486660645782196,-0.0379721669980119284294234592,-0.0281096729249915396195609651,-0.0321818621695676541316773712,-0.0807157057654075546719681909,-0.0639304995065170852551829846,-0.0836587119385424544183432689,-0.0604373757455268389662027833,-0.0550319703401214335607973779,-0.0708216414295963226241441143
PWR,1050915,0001050915-21-000072,us-gaap:RevenueRemainingPerformanceObligation,2021-03-31,2021-05-07,2021-05-07T16:48:41+00:00,140000000,3990000000,XLI,-0.0199801192842942345924453280,-0.0051863781747636513776515869,-0.0110553932470640101583160271,-0.0589463220675944333996023857,-0.0205394941870823423611955578,-0.0289659421087486660645782196,-0.0379721669980119284294234592,-0.0281096729249915396195609651,-0.0321818621695676541316773712,-0.0807157057654075546719681909,-0.0639304995065170852551829846,-0.0836587119385424544183432689,-0.0604373757455268389662027833,-0.0550319703401214335607973779,-0.0708216414295963226241441143
ETN,1551182,0001551182-21-000161,us-gaap:RevenueRemainingPerformanceObligation,2021-06-30,2021-08-03,2021-08-03T16:32:14+00:00,1900000000,6400000000,XLI,0.000556139158376073657541865,-0.004123135554043501308338424,-0.005776723386614586509208329,0.006550083420873756411048631,-0.002808466003965393520711946,-0.001445725044204379267114383,0.031390965828338379781251931,0.002632923324926408636779324,0.020456526901735801076071741,0.033190275119501255274568352,0.028316030627397531351776385,0.032734673497559481161852511,0.035114626148623133363580106,0.020199438002785738159836686,0.005910562182155412738494681
PWR,1050915,0001050915-21-000103,us-gaap:RevenueRemainingPerformanceObligation,2020-12-31,2021-08-06,2021-08-05T22:25:00+00:00,0,3990000000,XLI,-0.0029236599891716296697347049,0.0010361623017304371643390830,-0.0021100822812008280696985459,0.020465619924201407688142934,0.014284433909134766776417997,0.020036231689439040177012739,0.055441256090958310774228479,0.041340425494087536194355966,0.047689668484458728862772853,0.042772062804547915538711424,0.0515609366697207955850703191,0.040805916676951811671957373,0.256090958310774228478613969,0.245949950004805520732815244,0.232158214067966481410883625
PWR,1050915,0001050915-21-000103,us-gaap:RevenueRemainingPerformanceObligation,2021-06-30,2021-08-06,2021-08-05T22:25:00+00:00,300000000,4130000000,XLI,-0.0029236599891716296697347049,0.0010361623017304371643390830,-0.0021100822812008280696985459,0.020465619924201407688142934,0.014284433909134766776417997,0.020036231689439040177012739,0.055441256090958310774228479,0.041340425494087536194355966,0.047689668484458728862772853,0.042772062804547915538711424,0.0515609366697207955850703191,0.040805916676951811671957373,0.256090958310774228478613969,0.245949950004805520732815244,0.232158214067966481410883625
ETN,1551182,0001551182-21-000184,us-gaap:RevenueRemainingPerformanceObligation,2021-09-30,2021-11-02,2021-11-02T16:33:54+00:00,-1000000000,8300000000,XLI,0.014691132220189981709835389,0.010687319064803899726994588,0.009978617157356447538721600,0.010679096111865006785061066,-0.003524907701290379296921775,0.002480611002551871994219269,0.018474459130617119261140466,0.003221837586289187897937415,0.0208414758288440085708323235,0.025763244751904482132445539,0.010701280976880649911282527,0.018403974653780880824130855,-0.0125769527844607518328746384,0.0120178994557680374902902806,0.0031744674255581843007111767
PWR,1050915,0001050915-21-000114,us-gaap:RevenueRemainingPerformanceObligation,2020-12-31,2021-11-04,2021-11-04T21:14:54+00:00,0,3990000000,XLI,0.020269119400442854709589508,0.016133392358427627714571179,0.019415385381276525979305428,0.006727985011071367739737694,0.000054425466001342361412663,0.0091824703161745628393044240,-0.0037472321580650655765627661,-0.0085409157749463514116976471,-0.0010579699976911300761679141,0.030999829671265542497019247,0.0372034202342883829895467402,0.030231469054015846639763575,-0.0379833077840231647078862204,-0.0148608338673016683266473822,-0.0171948844173230601254688725
PWR,1050915,0001050915-21-000114,us-gaap:RevenueRemainingPerformanceObligation,2021-09-30,2021-11-04,2021-11-04T21:14:54+00:00,-60000000,4430000000,XLI,0.020269119400442854709589508,0.016133392358427627714571179,0.019415385381276525979305428,0.006727985011071367739737694,0.000054425466001342361412663,0.0091824703161745628393044240,-0.0037472321580650655765627661,-0.0085409157749463514116976471,-0.0010579699976911300761679141,0.030999829671265542497019247,0.0372034202342883829895467402,0.030231469054015846639763575,-0.0379833077840231647078862204,-0.0148608338673016683266473822,-0.0171948844173230601254688725
ETN,1551182,0001551182-22-000004,us-gaap:RevenueRemainingPerformanceObligation,2021-12-31,2022-02-23,2022-02-23T21:46:49+00:00,400000000,7300000000,XLI,0.025347614929146430709866276,0.001488908050402369565474621,0.003283641079041364167722919,0.026478610870866875124742199,-0.005229713855429344664557532,0.007029626514107594246852869,0.031002594637748652784245892,-0.008142210154649612037072018,0.013701637364809124416279513,-0.0086531524170436114877150329,-0.0283804814812865365032076999,-0.0020689824427265440116468564,0.024793097501409707962766916,-0.043400123579867395794601646,-0.030284141181996259275747909
PWR,1050915,0001050915-22-000008,us-gaap:RevenueRemainingPerformanceObligation,2020-12-31,2022-02-25,2022-02-25T22:25:27+00:00,0,3990000000,XLI,-0.0052322379291353038369744814,0.0096841701197184352760498454,0.0099980485834726250730866688,0.011933174224343675417661098,0.005826456835215634572731676,0.009047435727217962571544248,-0.0085368092527997062603267854,0.0133873072753812928386821244,0.0308558115016147865596810015,0.125390123003488158619423536,0.1416079626270741031584164282,0.1703480965737879547855138184,0.244171103359647512392142464,0.202077864412151638387319521,0.196770741103218629181591970
PWR,1050915,0001050915-22-000008,us-gaap:RevenueRemainingPerformanceObligation,2021-12-31,2022-02-25,2022-02-25T22:25:27+00:00,1530000000,4370000000,XLI,-0.0052322379291353038369744814,0.0096841701197184352760498454,0.0099980485834726250730866688,0.011933174224343675417661098,0.005826456835215634572731676,0.009047435727217962571544248,-0.0085368092527997062603267854,0.0133873072753812928386821244,0.0308558115016147865596810015,0.125390123003488158619423536,0.1416079626270741031584164282,0.1703480965737879547855138184,0.244171103359647512392142464,0.202077864412151638387319521,0.196770741103218629181591970
ETN,1551182,0001551182-22-000008,us-gaap:RevenueRemainingPerformanceObligation,2022-03-31,2022-05-03,2022-05-03T16:24:48+00:00,1600000000,7700000000,XLI,-0.0103381578069765890749016208,0.0157884244715044235833262273,0.0252046567177985006561383270,-0.0176082171680117388114453412,0.0151006435914819320746306082,0.0236913679715957752891466506,-0.0608283865804041886213566331,0.0099564235461780898596560251,0.0237984721339947299448112688,-0.0841735365454116206890062851,-0.0111608783175635194231835003,0.0025276241314167949172026367,-0.0553275521266104924218126653,-0.0266693242785092265990278552,-0.0281285589787989975259938987
PWR,1050915,0001050915-22-000078,us-gaap:RevenueRemainingPerformanceObligation,2021-12-31,2022-05-05,2022-05-05T20:42:40+00:00,0,5900000000,XLI,-0.0659920061229696402755336338,-0.0418085890375425045971416740,-0.0339746968411103511230077428,-0.0490687983672080959265243643,-0.0184992841293521495278643978,-0.0192880816851445961453214665,-0.0426907049919210817246364487,-0.0173556966167117014901305861,-0.0193037258505781537331938465,-0.0390339314567565269155540437,0.0214769563154377779420673968,0.0137447917405984592272961532,0.117441959350284888170762820,0.112940284308408841269590291,0.116347973839515208586963530
PWR,1050915,0001050915-22-000078,us-gaap:RevenueRemainingPerformanceObligation,2022-03-31,2022-05-05,2022-05-05T20:42:40+00:00,940000000,5900000000,XLI,-0.0659920061229696402755336338,-0.0418085890375425045971416740,-0.0339746968411103511230077428,-0.0490687983672080959265243643,-0.0184992841293521495278643978,-0.0192880816851445961453214665,-0.0426907049919210817246364487,-0.0173556966167117014901305861,-0.0193037258505781537331938465,-0.0390339314567565269155540437,0.0214769563154377779420673968,0.0137447917405984592272961532,0.117441959350284888170762820,0.112940284308408841269590291,0.116347973839515208586963530
ETN,1551182,0001551182-22-000020,us-gaap:RevenueRemainingPerformanceObligation,2022-06-30,2022-08-02,2022-08-02T18:21:44+00:00,900000000,9300000000,XLI,0.000067249495628782784129119,-0.003593072612716751622898699,0.0007428436565649632642835405,-0.0003362474781439139206455952,-0.0055652790614946773592567642,0.0020283320851327177598948801,0.004303967720242098184263618,-0.018912932509835291483169973,-0.009063145321138044173077436,0.027699194717061692242796740,-0.015283444898081583222587071,-0.001737408009443314392503055,-0.0760917299418428210536499342,-0.0479595400234157137539218438,-0.0295963746516992572944509958
PWR,1050915,0001050915-22-000116,us-gaap:RevenueRemainingPerformanceObligation,2021-12-31,2022-08-04,2022-08-04T14:28:37+00:00,0,5900000000,XLI,0.002556423928127967277773720,0.0028685337907996277022431332,0.0037173304026001176151621641,-0.0078153531517054999634796582,-0.0038619615578644679202004239,-0.0026880162227868359733473632,0.047841647797823387626908188,0.009140024826537494992700947,0.014876741033124618671482160,0.037323789350668322255496311,0.009025828468437777103602844,0.016354916155515106786417539,0.026952012270834855014242933,0.0681505141434940310442054798,0.0782979382146760043116526604
PWR,1050915,0001050915-22-000116,us-gaap:RevenueRemainingPerformanceObligation,2022-06-30,2022-08-04,2022-08-04T14:28:37+00:00,80000000,6840000000,XLI,0.002556423928127967277773720,0.0028685337907996277022431332,0.0037173304026001176151621641,-0.0078153531517054999634796582,-0.0038619615578644679202004239,-0.0026880162227868359733473632,0.047841647797823387626908188,0.009140024826537494992700947,0.014876741033124618671482160,0.037323789350668322255496311,0.009025828468437777103602844,0.016354916155515106786417539,0.026952012270834855014242933,0.0681505141434940310442054798,0.0782979382146760043116526604
ETN,1551182,0001551182-22-000024,us-gaap:RevenueRemainingPerformanceObligation,2022-09-30,2022-11-01,2022-11-01T18:49:31+00:00,800000000,10200000000,XLI,0.026425868136245933204966470,0.015950706149204896487903835,0.0367227710625937337758310364,0.053648496115795763893499768,0.026974630025083020912938213,0.049700460796885208234204546,0.043120783535893183518158829,0.010939358049932060408007641,0.0450948011953484613478064402,0.079426458919356132451868260,0.011607884405317255562019448,0.024527427255045838216533344,0.090238075485755025332862613,-0.008574019546642382874480800,0.003514678041307616897938506
PWR,1050915,0001050915-22-000122,us-gaap:RevenueRemainingPerformanceObligation,2021-12-31,2022-11-04,2022-11-03T22:40:41+00:00,0,5900000000,XLI,0.003270423110989984329222593,-0.007458513462061451454936448,-0.006295140858719063100032090,0.006745247666416842679021598,-0.012819283731500481397974300,-0.008267373563820967869669780,-0.0156707774068270082441915923,-0.0625835785007577960847301433,-0.0745521378425915890864926423,0.012877290999523063296313961,-0.033088839220314950798563498,-0.039414458701553062650278307,0.027594194998977992777815630,-0.030783842236743054871285033,-0.034156834627699302293261824
PWR,1050915,0001050915-22-000122,us-gaap:RevenueRemainingPerformanceObligation,2022-09-30,2022-11-04,2022-11-03T22:40:41+00:00,-90000000,6920000000,XLI,0.003270423110989984329222593,-0.007458513462061451454936448,-0.006295140858719063100032090,0.006745247666416842679021598,-0.012819283731500481397974300,-0.008267373563820967869669780,-0.0156707774068270082441915923,-0.0625835785007577960847301433,-0.0745521378425915890864926423,0.012877290999523063296313961,-0.033088839220314950798563498,-0.039414458701553062650278307,0.027594194998977992777815630,-0.030783842236743054871285033,-0.034156834627699302293261824
PWR,1050915,0001050915-23-000010,us-gaap:RevenueRemainingPerformanceObligation,2021-12-31,2023-02-23,2023-02-23T15:18:37+00:00,0,5900000000,XLI,0.014068725099601593625498008,0.005196229834922100055564801,0.010662902404208284174970736,0.004731075697211155378486056,-0.001848527532775884796970030,0.0050338154923572273296440357,0.015438247011952191235059761,-0.018057914886163649658171223,-0.004265067988804658252805419,-0.0204805776892430278884462151,-0.0074210621872990542068591350,0.0059334694372517498500875152,0.000871513944223107569721116,0.0308039503149405142493816366,-0.001350333074262474331049792
PWR,1050915,0001050915-23-000010,us-gaap:RevenueRemainingPerformanceObligation,2022-12-31,2023-02-23,2023-02-23T15:18:37+00:00,1970000000,6830000000,XLI,0.014068725099601593625498008,0.005196229834922100055564801,0.010662902404208284174970736,0.004731075697211155378486056,-0.001848527532775884796970030,0.0050338154923572273296440357,0.015438247011952191235059761,-0.018057914886163649658171223,-0.004265067988804658252805419,-0.0204805776892430278884462151,-0.0074210621872990542068591350,0.0059334694372517498500875152,0.000871513944223107569721116,0.0308039503149405142493816366,-0.001350333074262474331049792
ETN,1551182,0001551182-23-000004,us-gaap:RevenueRemainingPerformanceObligation,2022-12-31,2023-02-23,2023-02-23T21:37:19+00:00,400000000,11000000000,XLI,0.006522366522366522366522367,-0.002350128742312971203410840,0.003116543826973212915995095,0.009696969696969696969696970,0.003117366466982656794240884,0.0099997094921157689208549497,0.029877132781827264139398000,-0.003619029116288576753832984,0.010173817781070414651532820,-0.0121764251605452938161673931,0.0008830903413986798654196870,0.0142376219659494839223663372,-0.0508076935600213263656936712,-0.0208752571893039196860331506,-0.0530295405785069082664645792
ETN,1551182,0001551182-23-000008,us-gaap:RevenueRemainingPerformanceObligation,2023-03-31,2023-05-02,2023-05-02T16:37:59+00:00,900000000,11400000000,XLI,-0.0228564798700545306880148509,-0.0119594967200192163907693661,-0.0157734937419235567161507266,-0.0026232917687264600226006309,-0.0066592114539247245771359959,-0.0139217575302087403029790439,-0.0139352520959329532559017403,-0.0129262721746333871172678991,-0.0257729071128438889943459343,-0.0029148371379843593327372574,-0.0048318989884535349961415554,-0.0205855395545325677538930834,0.043965658238685849737232289,0.0542572534359414243512974691,0.010143786761797461913106021
PWR,1050915,0001050915-23-000080,us-gaap:RevenueRemainingPerformanceObligation,2022-12-31,2023-05-04,2023-05-04T14:23:00+00:00,0,8800000000,XLI,-0.0128017770503302741567779272,-0.0091840501887083266138174207,-0.0130683597030700167833441002,-0.0004091892207868124159700707,0.0009977045587328338507367929,0.0037107245033728463582344224,0.016250657625533407377097095,0.0266013761462850906250118774,0.0187710754332546103919045496,0.003741158590050856374583504,0.001027863443834395717363124,-0.010775478590958764835701739,0.047699772023148418775939674,0.040363825887081691813825314,0.012632035794565911444916724
PWR,1050915,0001050915-23-000080,us-gaap:RevenueRemainingPerformanceObligation,2023-03-31,2023-05-04,2023-05-04T14:23:00+00:00,1460000000,8800000000,XLI,-0.0128017770503302741567779272,-0.0091840501887083266138174207,-0.0130683597030700167833441002,-0.0004091892207868124159700707,0.0009977045587328338507367929,0.0037107245033728463582344224,0.016250657625533407377097095,0.0266013761462850906250118774,0.0187710754332546103919045496,0.003741158590050856374583504,0.001027863443834395717363124,-0.010775478590958764835701739,0.047699772023148418775939674,0.040363825887081691813825314,0.012632035794565911444916724
ETN,1551182,0001551182-23-000024,us-gaap:RevenueRemainingPerformanceObligation,2023-06-30,2023-08-01,2023-08-01T16:38:11+00:00,200000000,12300000000,XLI,-0.0080869922785214967789098552,-0.0017907973702269443562435535,-0.0052211535208292745320034060,-0.0096467260119001438522246379,0.0026719161999805021921224741,-0.0022710789765992307826669546,-0.0007936374579537208676706479,0.0044988162330764826180488521,0.0089368848356059174590349705,-0.0087751784340504959936416026,0.0154058599818633647600768024,0.0145292003009816058436054149,0.055398245850773575277814522,0.0633369263873188805063937719,0.053443255070332369403955859
PWR,1050915,0001050915-23-000150,us-gaap:RevenueRemainingPerformanceObligation,2022-12-31,2023-08-03,2023-08-03T14:38:22+00:00,0,8800000000,XLI,0.009187138006790493309366886,-0.003100371231938257614505989,0.000458595673360176172328771,0.012083083682844018374276014,0.004414938819577203887949333,0.007741193393906886259954490,-0.0005492310764929099261034552,-0.0065544047645934272949135072,0.0020469507457581587608104456,0.013930497303774715398442181,0.0324079548056224611486269556,0.0370051822929199896760993507,0.060315558218494108248452167,0.055141870117976739438400430,0.050512733751718521309932438
PWR,1050915,0001050915-23-000150,us-gaap:RevenueRemainingPerformanceObligation,2023-06-30,2023-08-03,2023-08-03T14:38:22+00:00,2220000000,10260000000,XLI,0.009187138006790493309366886,-0.003100371231938257614505989,0.000458595673360176172328771,0.012083083682844018374276014,0.004414938819577203887949333,0.007741193393906886259954490,-0.0005492310764929099261034552,-0.0065544047645934272949135072,0.0020469507457581587608104456,0.013930497303774715398442181,0.0324079548056224611486269556,0.0370051822929199896760993507,0.060315558218494108248452167,0.055141870117976739438400430,0.050512733751718521309932438
ETN,1551182,0001551182-23-000029,us-gaap:RevenueRemainingPerformanceObligation,2023-09-30,2023-10-31,2023-10-31T16:46:56+00:00,400000000,12500000000,XLI,0.006190941674812642554578038,-0.014380602711081155580809072,-0.012973398456735173657034133,0.003807465386016640130820154,-0.025783130479406951275746526,-0.024655128661208079501981625,0.016939822468444624481896110,-0.009711981341851281476758126,-0.017579649447516195089390503,0.054560987775756109900458903,-0.008673710238025811461519208,-0.009367465354419444919017745,0.064094798611397778254976679,-0.020724820359011625879599730,-0.015732958924210038903022659
PWR,1050915,0001050915-23-000164,us-gaap:RevenueRemainingPerformanceObligation,2022-12-31,2023-11-02,2023-11-02T14:18:08+00:00,0,8800000000,XLI,-0.0042558222012058162903416479,-0.0015983418862451863690818054,-0.0065563122055767472986464169,-0.0242345430901997872088899397,-0.0191164328539793147679450578,-0.0293876406999906726674926217,0.028904125783189502305237026,0.019553732082402100730433876,0.015285224957313590736072794,0.082338337864995862395082161,0.042869833927987988379334130,0.045300448794623873161375381,0.120936280884265279583875163,0.048889036789777090607497210,0.070325500788104797401170247
PWR,1050915,0001050915-23-000164,us-gaap:RevenueRemainingPerformanceObligation,2023-09-30,2023-11-02,2023-11-02T14:18:08+00:00,1080000000,12480000000,XLI,-0.0042558222012058162903416479,-0.0015983418862451863690818054,-0.0065563122055767472986464169,-0.0242345430901997872088899397,-0.0191164328539793147679450578,-0.0293876406999906726674926217,0.028904125783189502305237026,0.019553732082402100730433876,0.015285224957313590736072794,0.082338337864995862395082161,0.042869833927987988379334130,0.045300448794623873161375381,0.120936280884265279583875163,0.048889036789777090607497210,0.070325500788104797401170247
PWR,1050915,0001050915-24-000009,us-gaap:RevenueRemainingPerformanceObligation,2022-12-31,2024-02-22,2024-02-22T15:11:10+00:00,0,8800000000,XLI,0.005332992021843935321472759,0.0068302470542844610243508159,0.0089954907911655854150043136,0.022099918938521267972183114,0.022099918938521267972183114,0.0239114774695835895238223776,0.027731558513588463671658347,0.016918049945962444706427936,0.017886131714336716108401480,0.032723239046034387132556850,0.015421625337832756788188193,0.025102878703413534518596035,0.091855454584239941977046802,0.047127405517510283089264233,0.062360326314563333548915817
PWR,1050915,0001050915-24-000009,us-gaap:RevenueRemainingPerformanceObligation,2023-12-31,2024-02-22,2024-02-22T15:11:10+00:00,330000000,13560000000,XLI,0.005332992021843935321472759,0.0068302470542844610243508159,0.0089954907911655854150043136,0.022099918938521267972183114,0.022099918938521267972183114,0.0239114774695835895238223776,0.027731558513588463671658347,0.016918049945962444706427936,0.017886131714336716108401480,0.032723239046034387132556850,0.015421625337832756788188193,0.025102878703413534518596035,0.091855454584239941977046802,0.047127405517510283089264233,0.062360326314563333548915817
ETN,1551182,0001551182-24-000006,us-gaap:RevenueRemainingPerformanceObligation,2023-12-31,2024-02-29,2024-02-29T19:50:53+00:00,100000000,12900000000,XLI,0.009805924412665985699693565,0.006185121252692318813584283,0.0108783627474617349441120109,-0.0060265577119509703779366701,-0.0014182627810753943410703107,0.0050293065758524809236134908,0.016075423166223023156846593,0.009656726655360613676925592,0.0182787964722579261499244910,0.017475775862105746742494202,0.013196644854864140422546868,0.0202763028176368607458270762,0.065736711454356683974691057,0.034000983021922256989101392,0.044420435745002833648072956
ETN,1551182,0001551182-24-000013,us-gaap:RevenueRemainingPerformanceObligation,2024-03-31,2024-04-30,2024-04-30T16:22:49+00:00,2000000000,13000000000,XLI,0.010383616959907701182578598,0.004608992310509912038872939,0.001030164376715935418613374,0.030217079529053673010095804,0.017430410662529997049033273,0.008352384815353263296895045,0.062039697586269371489970838,0.036218875939676400033115534,0.028383257094613530578608791,0.086340605920870450329148137,0.047403136856359643531589978,0.027521779099645307928828361,0.074254439870857215350932972,0.067572374205125487913216424,0.029765582071316893576175302
PWR,1050915,0001050915-24-000082,us-gaap:RevenueRemainingPerformanceObligation,2023-12-31,2024-05-02,2024-05-02T14:25:24+00:00,0,13890000000,XLI,0.051379081652557250419381266,0.041278894310372677641015216,0.041052261257086969365576185,0.041157882417196582530331994,0.028288288868283981732091381,0.029716234819942577953672955,0.059103499395310732259197129,0.035400640390667904206741317,0.040425254172443083762258014,0.031482854133343736589552530,0.010630854459156231498732297,-0.004035149348046472489443734,0.061015097725588109078141458,0.0672869882525898195937397312,0.028724225617782362828459282
PWR,1050915,0001050915-24-000082,us-gaap:RevenueRemainingPerformanceObligation,2024-03-31,2024-05-02,2024-05-02T14:25:24+00:00,990000000,13890000000,XLI,0.051379081652557250419381266,0.041278894310372677641015216,0.041052261257086969365576185,0.041157882417196582530331994,0.028288288868283981732091381,0.029716234819942577953672955,0.059103499395310732259197129,0.035400640390667904206741317,0.040425254172443083762258014,0.031482854133343736589552530,0.010630854459156231498732297,-0.004035149348046472489443734,0.061015097725588109078141458,0.0672869882525898195937397312,0.028724225617782362828459282
PWR,1050915,0001050915-24-000140,us-gaap:RevenueRemainingPerformanceObligation,2023-12-31,2024-08-01,2024-08-01T14:10:33+00:00,0,13890000000,XLI,-0.0055620122862360949692844098,0.0117931575988775691715124614,0.0235616506899320416417120248,0.029511871160551220322098622,0.0350524887764560520665783743,0.0496845114307707737092256627,0.077619126681055952183297360,0.064989777703625821001027336,0.077450239460188997782846994,0.103644363274115889091814710,0.069096982845532820567411549,0.063467969954543736718010994,0.141997343516520006641208700,0.070865590888800622627520115,0.084237913980021601687183555
PWR,1050915,0001050915-24-000140,us-gaap:RevenueRemainingPerformanceObligation,2024-06-30,2024-08-01,2024-08-01T14:10:33+00:00,-510000000,14880000000,XLI,-0.0055620122862360949692844098,0.0117931575988775691715124614,0.0235616506899320416417120248,0.029511871160551220322098622,0.0350524887764560520665783743,0.0496845114307707737092256627,0.077619126681055952183297360,0.064989777703625821001027336,0.077450239460188997782846994,0.103644363274115889091814710,0.069096982845532820567411549,0.063467969954543736718010994,0.141997343516520006641208700,0.070865590888800622627520115,0.084237913980021601687183555
