pair,a,b,series_a,series_b,coverage,n,level_rho,change_rho,placebo_median,placebo_percentile,seasonal_rho,lead_lag,lead_lag_rho
firm_share_negative_revision ~ promise_next_year_level,firm:obligation:remaining-performance,promise:power:planned-capacity-revision,firm_share_negative_revision,promise_next_year_level,measured,80,0.16343229082638738,0.00934824022690238,-0.007631961747744521,0.08,0.00836229301547127,-3,-0.12518284598361795
firm_share_negative_revision ~ promise_next_year_revision,firm:obligation:remaining-performance,promise:power:planned-capacity-revision,firm_share_negative_revision,promise_next_year_revision,measured,80,-0.029176801884010773,-0.10789427261883164,-0.05597989167125527,0.59,-0.11261708148346461,3,0.2414809049201788
firm_share_negative_revision ~ promise_total_level,firm:obligation:remaining-performance,promise:power:planned-capacity-revision,firm_share_negative_revision,promise_total_level,measured,80,0.16868388071953194,0.15716728881479627,-0.013012068753331569,0.79,0.12296344110959355,3,0.3214869206362455
firm_median_revision ~ promise_next_year_level,firm:obligation:remaining-performance,promise:power:planned-capacity-revision,firm_median_revision,promise_next_year_level,measured,80,-0.07681846308042767,-0.03498052580331062,0.006402142161635834,0.195,-0.06385102239532621,-3,0.11505126452494874
firm_median_revision ~ promise_next_year_revision,firm:obligation:remaining-performance,promise:power:planned-capacity-revision,firm_median_revision,promise_next_year_revision,measured,80,0.15101065391878943,0.1499026290165531,0.02254138266796495,0.795,0.10228821811100294,-3,-0.21235816814764183
firm_median_revision ~ promise_total_level,firm:obligation:remaining-performance,promise:power:planned-capacity-revision,firm_median_revision,promise_total_level,measured,80,-0.0937954372166394,-0.14413339824732233,0.017185978578383644,0.75,-0.1745374878286271,3,-0.19912508544087493
promise_next_year_level ~ drought_severity,promise:power:planned-capacity-revision,water:drought:severity,promise_next_year_level,drought_severity,too few months,0,,,,,,,
promise_next_year_revision ~ drought_severity,promise:power:planned-capacity-revision,water:drought:severity,promise_next_year_revision,drought_severity,too few months,0,,,,,,,
promise_total_level ~ drought_severity,promise:power:planned-capacity-revision,water:drought:severity,promise_total_level,drought_severity,too few months,0,,,,,,,
compute_price_index ~ promise_next_year_level,price:compute:rental,promise:power:planned-capacity-revision,compute_price_index,promise_next_year_level,measured,29,0.17783251231527095,-0.3059660645867543,0.0016420361247947456,0.885,-0.04378762999452655,3,0.5546153846153846
compute_price_index ~ promise_next_year_revision,price:compute:rental,promise:power:planned-capacity-revision,compute_price_index,promise_next_year_revision,measured,29,0.3640394088669951,0.03448275862068966,-0.07170224411603723,0.095,-0.11384783798576903,-2,-0.27863247863247864
compute_price_index ~ promise_total_level,price:compute:rental,promise:power:planned-capacity-revision,compute_price_index,promise_total_level,measured,29,-0.0665024630541872,0.04050355774493706,0.050355774493705534,0.135,0.3201970443349754,2,0.6553846153846153
gas_price ~ promise_next_year_level,price:commodity:gas,promise:power:planned-capacity-revision,gas_price,promise_next_year_level,measured,111,0.13907980668646727,0.15255123662322428,-0.0029393996772369003,0.835,0.12945981768640313,-3,-0.1537851142532715
gas_price ~ promise_next_year_revision,price:commodity:gas,promise:power:planned-capacity-revision,gas_price,promise_next_year_revision,measured,99,0.010983302411873841,0.10810466184040994,0.012521677037896034,0.68,0.06710318270053756,3,0.16138130866372766
gas_price ~ promise_total_level,price:commodity:gas,promise:power:planned-capacity-revision,gas_price,promise_total_level,measured,111,0.10297495387650674,0.2290657938656548,-0.001433633584910022,0.965,0.20028492340632906,0,0.2290657938656548
copper_price ~ promise_next_year_level,price:commodity:copper,promise:power:planned-capacity-revision,copper_price,promise_next_year_level,measured,111,0.7072130572130572,0.11916317086473266,0.007871477615383747,0.78,-0.1436882786698229,1,-0.1599167819294157
copper_price ~ promise_next_year_revision,price:commodity:copper,promise:power:planned-capacity-revision,copper_price,promise_next_year_revision,measured,99,0.33804576376004947,0.12794552688212707,0.014963531572271888,0.81,0.01050698765705329,0,0.12794552688212707
copper_price ~ promise_total_level,price:commodity:copper,promise:power:planned-capacity-revision,copper_price,promise_total_level,measured,111,0.7538610038610039,-0.019714760373466853,0.0012127305146267056,0.17,-0.1451669984051298,-1,0.20146558335383752
uranium_price ~ promise_next_year_level,price:commodity:uranium,promise:power:planned-capacity-revision,uranium_price,promise_next_year_level,measured,111,0.6746577746577747,0.3132475260915628,-0.00384554696481302,1.0,0.0281180262831639,0,0.3132475260915628
uranium_price ~ promise_next_year_revision,price:commodity:uranium,promise:power:planned-capacity-revision,uranium_price,promise_next_year_revision,measured,99,0.36213976499690786,0.19988013949722347,-0.0051068224853202775,0.925,0.04821835013293041,0,0.19988013949722347
uranium_price ~ promise_total_level,price:commodity:uranium,promise:power:planned-capacity-revision,uranium_price,promise_total_level,measured,111,0.7242541242541243,0.1016387530148998,0.005306223654847508,0.665,0.020508081058539775,-2,-0.20295902521744932
promise_next_year_level ~ ten_year_yield,promise:power:planned-capacity-revision,rate:treasury:ten-year,promise_next_year_level,ten_year_yield,measured,111,0.4012960744864638,0.08762335841808219,-0.004959121063529279,0.665,0.046476085713727584,-1,0.15833248385893334
promise_next_year_revision ~ ten_year_yield,promise:power:planned-capacity-revision,rate:treasury:ten-year,promise_next_year_revision,ten_year_yield,measured,99,0.1092891443701711,0.08906769017664176,-0.01748832464735132,0.63,-0.005100511964303036,1,0.16134758768999227
promise_total_level ~ ten_year_yield,promise:power:planned-capacity-revision,rate:treasury:ten-year,promise_total_level,ten_year_yield,measured,111,0.3330393692528074,-0.019854562177054638,-0.00508535323605548,0.185,-0.12389264831690248,-3,-0.27505706477803327
buildout_basket ~ promise_next_year_level,price:equity:buildout,promise:power:planned-capacity-revision,buildout_basket,promise_next_year_level,measured,111,0.8835556335556336,0.16718887361089196,0.0038094808737010573,0.895,-0.09940265536595812,0,0.16718887361089196
buildout_basket ~ promise_next_year_revision,price:equity:buildout,promise:power:planned-capacity-revision,buildout_basket,promise_next_year_revision,measured,99,0.47186147186147187,-0.09270699845073926,-0.021798035052821508,0.66,-0.13213345319383613,2,0.09763971785132937
buildout_basket ~ promise_total_level,price:equity:buildout,promise:power:planned-capacity-revision,buildout_basket,promise_total_level,measured,111,0.9168304668304669,0.23822104005590244,0.022735162184703468,0.985,-0.04992899488312332,0,0.23822104005590244
scarcity_basket ~ promise_next_year_level,price:equity:scarcity,promise:power:planned-capacity-revision,scarcity_basket,promise_next_year_level,measured,81,0.8357271906052394,0.15025785278949835,0.001851851851851852,0.85,-0.09120956399437412,-2,-0.24174559617597588
scarcity_basket ~ promise_next_year_revision,price:equity:scarcity,promise:power:planned-capacity-revision,scarcity_basket,promise_next_year_revision,measured,81,0.5464317976513099,0.08727144866385372,-0.0009845288326300985,0.61,-0.1310829817158931,1,-0.154381694255112
scarcity_basket ~ promise_total_level,price:equity:scarcity,promise:power:planned-capacity-revision,scarcity_basket,promise_total_level,measured,81,0.8774841915085817,0.1585560243788092,0.004922644163150493,0.86,-0.08429442100328176,3,0.1672012198327988
firm_share_negative_revision ~ drought_severity,firm:obligation:remaining-performance,water:drought:severity,firm_share_negative_revision,drought_severity,too few months,0,,,,,,,
firm_median_revision ~ drought_severity,firm:obligation:remaining-performance,water:drought:severity,firm_median_revision,drought_severity,too few months,0,,,,,,,
firm_share_negative_revision ~ compute_price_index,firm:obligation:remaining-performance,price:compute:rental,firm_share_negative_revision,compute_price_index,measured,29,0.24325328092384696,0.1603721948549535,0.0038314176245210735,0.605,0.10673234811165846,-1,-0.2820512820512821
firm_median_revision ~ compute_price_index,firm:obligation:remaining-performance,price:compute:rental,firm_median_revision,compute_price_index,measured,29,-0.16354679802955666,-0.036124794745484405,0.0038314176245210735,0.2,-0.15873015873015875,-3,-0.32461538461538464
firm_share_negative_revision ~ gas_price,firm:obligation:remaining-performance,price:commodity:gas,firm_share_negative_revision,gas_price,measured,80,-0.05646631365017272,0.284114493418,-0.03925530564031273,0.985,0.23265594318773586,0,0.284114493418
firm_median_revision ~ gas_price,firm:obligation:remaining-performance,price:commodity:gas,firm_median_revision,gas_price,measured,80,0.0028842096944116614,-0.2818437420333163,0.03644109055501461,0.97,-0.20030672234592703,0,-0.2818437420333163
firm_share_negative_revision ~ copper_price,firm:obligation:remaining-performance,price:commodity:copper,firm_share_negative_revision,copper_price,measured,80,-0.030278697977661643,-0.0585306774174394,-0.022628234820495165,0.36,0.07919273574079697,2,-0.1606820081818218
firm_median_revision ~ copper_price,firm:obligation:remaining-performance,price:commodity:copper,firm_median_revision,copper_price,measured,80,0.07857712752823966,0.0062196472697799545,0.01798939866999397,0.035,-0.22870148918077585,-1,0.09173221377096046
firm_share_negative_revision ~ uranium_price,firm:obligation:remaining-performance,price:commodity:uranium,firm_share_negative_revision,uranium_price,measured,80,0.0030595200047114552,-0.06279631683670492,-0.021556944585734525,0.395,0.15657085161281942,3,-0.10233168619869434
firm_median_revision ~ uranium_price,firm:obligation:remaining-performance,price:commodity:uranium,firm_median_revision,uranium_price,measured,80,0.011958918245121523,-0.01509250243427459,0.03743914313534567,0.065,-0.2466650438169426,-1,0.07876933193388888
firm_share_negative_revision ~ ten_year_yield,firm:obligation:remaining-performance,rate:treasury:ten-year,firm_share_negative_revision,ten_year_yield,measured,80,0.04688947026123534,0.0338514722931169,0.00897095699984128,0.265,-0.1123756893959206,-3,-0.2173690146672334
firm_median_revision ~ ten_year_yield,firm:obligation:remaining-performance,rate:treasury:ten-year,firm_median_revision,ten_year_yield,measured,80,-0.061565340894921716,-0.09615560168840306,-0.014143221417140051,0.63,0.03854744184141424,1,0.1460213082365702
firm_share_negative_revision ~ buildout_basket,firm:obligation:remaining-performance,price:equity:buildout,firm_share_negative_revision,buildout_basket,measured,80,0.1350994944609177,0.06877286104426882,-0.017613155740010083,0.435,0.20057331049335603,-2,-0.15298061125212564
firm_median_revision ~ buildout_basket,firm:obligation:remaining-performance,price:equity:buildout,firm_median_revision,buildout_basket,measured,80,-0.054964126208950685,-0.09785783836416749,0.013072054527750733,0.57,-0.3173320350535541,0,-0.09785783836416749
firm_share_negative_revision ~ scarcity_basket,firm:obligation:remaining-performance,price:equity:scarcity,firm_share_negative_revision,scarcity_basket,measured,79,0.05727397828555887,0.028592565441438865,0.0029085758741844046,0.215,0.003705272744069698,-1,0.2343476832276075
firm_median_revision ~ scarcity_basket,firm:obligation:remaining-performance,price:equity:scarcity,firm_median_revision,scarcity_basket,measured,79,0.002313349377114465,-0.030716119323714253,-0.004463890539839906,0.17,-0.09404519531101808,-2,0.1131373889268626
compute_price_index ~ drought_severity,price:compute:rental,water:drought:severity,compute_price_index,drought_severity,too few months,0,,,,,,,
gas_price ~ drought_severity,price:commodity:gas,water:drought:severity,gas_price,drought_severity,too few months,0,,,,,,,
copper_price ~ drought_severity,price:commodity:copper,water:drought:severity,copper_price,drought_severity,too few months,0,,,,,,,
uranium_price ~ drought_severity,price:commodity:uranium,water:drought:severity,uranium_price,drought_severity,too few months,0,,,,,,,
ten_year_yield ~ drought_severity,rate:treasury:ten-year,water:drought:severity,ten_year_yield,drought_severity,too few months,0,,,,,,,
buildout_basket ~ drought_severity,price:equity:buildout,water:drought:severity,buildout_basket,drought_severity,too few months,0,,,,,,,
scarcity_basket ~ drought_severity,price:equity:scarcity,water:drought:severity,scarcity_basket,drought_severity,too few months,0,,,,,,,
gas_price ~ compute_price_index,price:commodity:gas,price:compute:rental,gas_price,compute_price_index,measured,29,0.28669950738916256,0.126984126984127,0.006568144499178983,0.465,-0.11384783798576903,2,-0.3121367521367521
copper_price ~ compute_price_index,price:commodity:copper,price:compute:rental,copper_price,compute_price_index,measured,29,-0.42857142857142855,-0.23754789272030655,-0.005473453749315819,0.735,0.006020799124247401,1,0.2808302808302809
uranium_price ~ compute_price_index,price:commodity:uranium,price:compute:rental,uranium_price,compute_price_index,measured,29,-0.45615763546798027,-0.013683634373289547,-0.004378762999452655,0.065,0.2851669403393542,2,-0.5487179487179488
compute_price_index ~ ten_year_yield,price:compute:rental,rate:treasury:ten-year,compute_price_index,ten_year_yield,measured,29,-0.2596059113300493,-0.03777199980630147,-0.010948405740956948,0.17,0.15327768037339728,-1,-0.5812853067266297
compute_price_index ~ buildout_basket,price:compute:rental,price:equity:buildout,compute_price_index,buildout_basket,measured,29,-0.16009852216748768,0.07334428024083198,0.007662835249042147,0.34,0.17624521072796936,3,-0.2353846153846154
compute_price_index ~ scarcity_basket,price:compute:rental,price:equity:scarcity,compute_price_index,scarcity_basket,measured,29,-0.5206896551724138,-0.23371647509578547,0.004926108374384237,0.825,0.15325670498084293,-1,0.347985347985348
copper_price ~ gas_price,price:commodity:copper,price:commodity:gas,copper_price,gas_price,measured,111,0.32976555318952905,-0.035255001408937135,-0.003284312841505419,0.335,-0.11157621865342522,-2,-0.11097191226693504
gas_price ~ uranium_price,price:commodity:gas,price:commodity:uranium,gas_price,uranium_price,measured,111,0.3016679134526245,0.13390949173768046,0.012145310936313205,0.805,-0.021369255322243725,-2,-0.1556353693815202
gas_price ~ ten_year_yield,price:commodity:gas,rate:treasury:ten-year,gas_price,ten_year_yield,measured,111,0.1300464859152343,0.16259490018739525,0.009449422372523305,0.91,-0.15464221953883733,0,0.16259490018739525
gas_price ~ buildout_basket,price:commodity:gas,price:equity:buildout,gas_price,buildout_basket,measured,111,0.1279793962345047,0.012465398937975505,0.0009422308781326874,0.11,-0.04073232528195613,1,-0.2244241702561866
gas_price ~ scarcity_basket,price:commodity:gas,price:equity:scarcity,gas_price,scarcity_basket,measured,81,0.14372177055103885,0.17404095220314283,-0.003422449864860779,0.79,-0.049109811417009125,0,0.17404095220314283
copper_price ~ uranium_price,price:commodity:copper,price:commodity:uranium,copper_price,uranium_price,measured,111,0.793006318006318,0.47950643221639794,0.0005184535657326065,1.0,-0.13723240470348297,0,0.47950643221639794
copper_price ~ ten_year_yield,price:commodity:copper,rate:treasury:ten-year,copper_price,ten_year_yield,measured,111,0.35703473602807684,-0.03878067638522734,0.002833493379527558,0.3,-0.17678975165895197,1,0.13913208674999633
copper_price ~ buildout_basket,price:commodity:copper,price:equity:buildout,copper_price,buildout_basket,measured,111,0.8752632502632502,0.38573846948881113,0.0008881334995593346,1.0,-0.1521819005640858,0,0.38573846948881113
copper_price ~ scarcity_basket,price:commodity:copper,price:equity:scarcity,copper_price,scarcity_basket,measured,81,0.7223125564588979,0.3258594217221211,0.0034341705835760554,1.0,-0.07637220314874259,0,0.3258594217221211
uranium_price ~ ten_year_yield,price:commodity:uranium,rate:treasury:ten-year,uranium_price,ten_year_yield,measured,111,0.5735327024129546,0.0457277075753554,-0.0052251102842094865,0.29,-0.04814866576996901,1,0.25531234652515544
uranium_price ~ buildout_basket,price:commodity:uranium,price:equity:buildout,uranium_price,buildout_basket,measured,111,0.7458845208845208,0.4170727858801253,0.0030430764375718503,1.0,-0.0984559204742691,0,0.4170727858801253
uranium_price ~ scarcity_basket,price:commodity:uranium,price:equity:scarcity,uranium_price,scarcity_basket,measured,81,0.8097786811201445,0.26101734646038444,0.0013830285982184716,0.97,0.006704172526957337,0,0.26101734646038444
buildout_basket ~ ten_year_yield,price:equity:buildout,rate:treasury:ten-year,buildout_basket,ten_year_yield,measured,111,0.4267875868222319,-0.06514947275672493,-0.011000256973663334,0.485,-0.08164985821721993,-3,-0.17275194216959927
scarcity_basket ~ ten_year_yield,price:equity:scarcity,rate:treasury:ten-year,scarcity_basket,ten_year_yield,measured,81,0.4723942660094827,-0.20055439327513364,0.003938161488332951,0.955,-0.14702555719965382,-3,-0.21689265132478608
buildout_basket ~ scarcity_basket,price:equity:buildout,price:equity:scarcity,buildout_basket,scarcity_basket,measured,81,0.8911924119241192,0.5304969526488513,0.0014299109235818097,1.0,0.07128457571495546,0,0.5304969526488513
