event_id,security,signal_at,side,quantity,capacity_shares,trade_status,no_trade_reasons,borrow_status,spread_status,liquidity_status,source_receipt
market:0001050915-18-000061:us-gaap:RevenueRemainingPerformanceObligation:2018-06-30,PWR,2018-08-07T20:41:16+00:00,sell,1,0,no-trade,borrow unavailable;spread unavailable;liquidity unavailable,missing,missing,missing,market:yfinance:results/bar-cache
market:0001050915-18-000065:us-gaap:RevenueRemainingPerformanceObligation:2018-09-30,PWR,2018-11-07T22:03:11+00:00,sell,1,0,no-trade,borrow unavailable;spread unavailable;liquidity unavailable,missing,missing,missing,market:yfinance:results/bar-cache
market:0001050915-19-000014:us-gaap:RevenueRemainingPerformanceObligation:2018-12-31,PWR,2019-02-28T22:27:22+00:00,sell,1,0,no-trade,borrow unavailable;spread unavailable;liquidity unavailable,missing,missing,missing,market:yfinance:results/bar-cache
market:0001050915-20-000020:us-gaap:RevenueRemainingPerformanceObligation:2018-12-31,PWR,2020-02-28T22:25:05+00:00,sell,1,0,no-trade,borrow unavailable;spread unavailable;liquidity unavailable,missing,missing,missing,market:yfinance:results/bar-cache
market:0001050915-19-000049:us-gaap:RevenueRemainingPerformanceObligation:2019-03-31,PWR,2019-05-06T18:25:43+00:00,sell,1,0,no-trade,borrow unavailable;spread unavailable;liquidity unavailable,missing,missing,missing,market:yfinance:results/bar-cache
market:0001050915-19-000074:us-gaap:RevenueRemainingPerformanceObligation:2019-06-30,PWR,2019-08-02T21:25:36+00:00,sell,1,0,no-trade,borrow unavailable;spread unavailable;liquidity unavailable,missing,missing,missing,market:yfinance:results/bar-cache
market:0001050915-19-000081:us-gaap:RevenueRemainingPerformanceObligation:2019-09-30,PWR,2019-11-01T20:53:17+00:00,sell,1,0,no-trade,borrow unavailable;spread unavailable;liquidity unavailable,missing,missing,missing,market:yfinance:results/bar-cache
market:0001050915-20-000020:us-gaap:RevenueRemainingPerformanceObligation:2019-12-31,PWR,2020-02-28T22:25:05+00:00,sell,1,0,no-trade,borrow unavailable;spread unavailable;liquidity unavailable,missing,missing,missing,market:yfinance:results/bar-cache
market:0001050915-20-000073:us-gaap:RevenueRemainingPerformanceObligation:2019-12-31,PWR,2020-05-08T21:07:01+00:00,sell,1,0,no-trade,borrow unavailable;spread unavailable;liquidity unavailable,missing,missing,missing,market:yfinance:results/bar-cache
market:0001050915-20-000100:us-gaap:RevenueRemainingPerformanceObligation:2019-12-31,PWR,2020-08-08T00:40:23+00:00,sell,1,0,no-trade,borrow unavailable;spread unavailable;liquidity unavailable,missing,missing,missing,market:yfinance:results/bar-cache
market:0001050915-20-000107:us-gaap:RevenueRemainingPerformanceObligation:2019-12-31,PWR,2020-10-30T22:49:47+00:00,sell,1,0,no-trade,borrow unavailable;spread unavailable;liquidity unavailable,missing,missing,missing,market:yfinance:results/bar-cache
market:0001050915-21-000009:us-gaap:RevenueRemainingPerformanceObligation:2019-12-31,PWR,2021-02-27T00:09:46+00:00,sell,1,0,no-trade,borrow unavailable;spread unavailable;liquidity unavailable,missing,missing,missing,market:yfinance:results/bar-cache
market:0001050915-20-000073:us-gaap:RevenueRemainingPerformanceObligation:2020-03-31,PWR,2020-05-08T21:07:01+00:00,sell,1,0,no-trade,borrow unavailable;spread unavailable;liquidity unavailable,missing,missing,missing,market:yfinance:results/bar-cache
market:0001050915-20-000100:us-gaap:RevenueRemainingPerformanceObligation:2020-06-30,PWR,2020-08-08T00:40:23+00:00,sell,1,0,no-trade,borrow unavailable;spread unavailable;liquidity unavailable,missing,missing,missing,market:yfinance:results/bar-cache
market:0001050915-20-000107:us-gaap:RevenueRemainingPerformanceObligation:2020-09-30,PWR,2020-10-30T22:49:47+00:00,sell,1,0,no-trade,borrow unavailable;spread unavailable;liquidity unavailable,missing,missing,missing,market:yfinance:results/bar-cache
market:0001050915-21-000009:us-gaap:RevenueRemainingPerformanceObligation:2020-12-31,PWR,2021-02-27T00:09:46+00:00,sell,1,0,no-trade,borrow unavailable;spread unavailable;liquidity unavailable,missing,missing,missing,market:yfinance:results/bar-cache
market:0001050915-21-000072:us-gaap:RevenueRemainingPerformanceObligation:2020-12-31,PWR,2021-05-07T16:48:41+00:00,sell,1,0,no-trade,borrow unavailable;spread unavailable;liquidity unavailable,missing,missing,missing,market:yfinance:results/bar-cache
market:0001050915-21-000103:us-gaap:RevenueRemainingPerformanceObligation:2020-12-31,PWR,2021-08-05T22:25:00+00:00,sell,1,0,no-trade,borrow unavailable;spread unavailable;liquidity unavailable,missing,missing,missing,market:yfinance:results/bar-cache
market:0001050915-21-000114:us-gaap:RevenueRemainingPerformanceObligation:2020-12-31,PWR,2021-11-04T21:14:54+00:00,sell,1,0,no-trade,borrow unavailable;spread unavailable;liquidity unavailable,missing,missing,missing,market:yfinance:results/bar-cache
market:0001050915-22-000008:us-gaap:RevenueRemainingPerformanceObligation:2020-12-31,PWR,2022-02-25T22:25:27+00:00,sell,1,0,no-trade,borrow unavailable;spread unavailable;liquidity unavailable,missing,missing,missing,market:yfinance:results/bar-cache
market:0001050915-21-000072:us-gaap:RevenueRemainingPerformanceObligation:2021-03-31,PWR,2021-05-07T16:48:41+00:00,sell,1,0,no-trade,borrow unavailable;spread unavailable;liquidity unavailable,missing,missing,missing,market:yfinance:results/bar-cache
market:0001050915-21-000103:us-gaap:RevenueRemainingPerformanceObligation:2021-06-30,PWR,2021-08-05T22:25:00+00:00,sell,1,0,no-trade,borrow unavailable;spread unavailable;liquidity unavailable,missing,missing,missing,market:yfinance:results/bar-cache
market:0001050915-21-000114:us-gaap:RevenueRemainingPerformanceObligation:2021-09-30,PWR,2021-11-04T21:14:54+00:00,sell,1,0,no-trade,borrow unavailable;spread unavailable;liquidity unavailable,missing,missing,missing,market:yfinance:results/bar-cache
market:0001050915-22-000008:us-gaap:RevenueRemainingPerformanceObligation:2021-12-31,PWR,2022-02-25T22:25:27+00:00,sell,1,0,no-trade,borrow unavailable;spread unavailable;liquidity unavailable,missing,missing,missing,market:yfinance:results/bar-cache
market:0001050915-22-000078:us-gaap:RevenueRemainingPerformanceObligation:2021-12-31,PWR,2022-05-05T20:42:40+00:00,sell,1,0,no-trade,borrow unavailable;spread unavailable;liquidity unavailable,missing,missing,missing,market:yfinance:results/bar-cache
market:0001050915-22-000116:us-gaap:RevenueRemainingPerformanceObligation:2021-12-31,PWR,2022-08-04T14:28:37+00:00,sell,1,0,no-trade,borrow unavailable;spread unavailable;liquidity unavailable,missing,missing,missing,market:yfinance:results/bar-cache
market:0001050915-22-000122:us-gaap:RevenueRemainingPerformanceObligation:2021-12-31,PWR,2022-11-03T22:40:41+00:00,sell,1,0,no-trade,borrow unavailable;spread unavailable;liquidity unavailable,missing,missing,missing,market:yfinance:results/bar-cache
market:0001050915-23-000010:us-gaap:RevenueRemainingPerformanceObligation:2021-12-31,PWR,2023-02-23T15:18:37+00:00,sell,1,0,no-trade,borrow unavailable;spread unavailable;liquidity unavailable,missing,missing,missing,market:yfinance:results/bar-cache
market:0001050915-22-000078:us-gaap:RevenueRemainingPerformanceObligation:2022-03-31,PWR,2022-05-05T20:42:40+00:00,sell,1,0,no-trade,borrow unavailable;spread unavailable;liquidity unavailable,missing,missing,missing,market:yfinance:results/bar-cache
market:0001050915-22-000116:us-gaap:RevenueRemainingPerformanceObligation:2022-06-30,PWR,2022-08-04T14:28:37+00:00,sell,1,0,no-trade,borrow unavailable;spread unavailable;liquidity unavailable,missing,missing,missing,market:yfinance:results/bar-cache
market:0001050915-22-000122:us-gaap:RevenueRemainingPerformanceObligation:2022-09-30,PWR,2022-11-03T22:40:41+00:00,sell,1,0,no-trade,borrow unavailable;spread unavailable;liquidity unavailable,missing,missing,missing,market:yfinance:results/bar-cache
market:0001050915-23-000010:us-gaap:RevenueRemainingPerformanceObligation:2022-12-31,PWR,2023-02-23T15:18:37+00:00,sell,1,0,no-trade,borrow unavailable;spread unavailable;liquidity unavailable,missing,missing,missing,market:yfinance:results/bar-cache
market:0001050915-23-000080:us-gaap:RevenueRemainingPerformanceObligation:2022-12-31,PWR,2023-05-04T14:23:00+00:00,sell,1,0,no-trade,borrow unavailable;spread unavailable;liquidity unavailable,missing,missing,missing,market:yfinance:results/bar-cache
market:0001050915-23-000150:us-gaap:RevenueRemainingPerformanceObligation:2022-12-31,PWR,2023-08-03T14:38:22+00:00,sell,1,0,no-trade,borrow unavailable;spread unavailable;liquidity unavailable,missing,missing,missing,market:yfinance:results/bar-cache
market:0001050915-23-000164:us-gaap:RevenueRemainingPerformanceObligation:2022-12-31,PWR,2023-11-02T14:18:08+00:00,sell,1,0,no-trade,borrow unavailable;spread unavailable;liquidity unavailable,missing,missing,missing,market:yfinance:results/bar-cache
market:0001050915-24-000009:us-gaap:RevenueRemainingPerformanceObligation:2022-12-31,PWR,2024-02-22T15:11:10+00:00,sell,1,0,no-trade,borrow unavailable;spread unavailable;liquidity unavailable,missing,missing,missing,market:yfinance:results/bar-cache
market:0001050915-23-000080:us-gaap:RevenueRemainingPerformanceObligation:2023-03-31,PWR,2023-05-04T14:23:00+00:00,sell,1,0,no-trade,borrow unavailable;spread unavailable;liquidity unavailable,missing,missing,missing,market:yfinance:results/bar-cache
market:0001050915-23-000150:us-gaap:RevenueRemainingPerformanceObligation:2023-06-30,PWR,2023-08-03T14:38:22+00:00,sell,1,0,no-trade,borrow unavailable;spread unavailable;liquidity unavailable,missing,missing,missing,market:yfinance:results/bar-cache
market:0001050915-23-000164:us-gaap:RevenueRemainingPerformanceObligation:2023-09-30,PWR,2023-11-02T14:18:08+00:00,sell,1,0,no-trade,borrow unavailable;spread unavailable;liquidity unavailable,missing,missing,missing,market:yfinance:results/bar-cache
market:0001050915-24-000009:us-gaap:RevenueRemainingPerformanceObligation:2023-12-31,PWR,2024-02-22T15:11:10+00:00,sell,1,0,no-trade,borrow unavailable;spread unavailable;liquidity unavailable,missing,missing,missing,market:yfinance:results/bar-cache
market:0001050915-24-000082:us-gaap:RevenueRemainingPerformanceObligation:2023-12-31,PWR,2024-05-02T14:25:24+00:00,sell,1,0,no-trade,borrow unavailable;spread unavailable;liquidity unavailable,missing,missing,missing,market:yfinance:results/bar-cache
market:0001050915-24-000140:us-gaap:RevenueRemainingPerformanceObligation:2023-12-31,PWR,2024-08-01T14:10:33+00:00,sell,1,0,no-trade,borrow unavailable;spread unavailable;liquidity unavailable,missing,missing,missing,market:yfinance:results/bar-cache
market:0001050915-24-000159:us-gaap:RevenueRemainingPerformanceObligation:2023-12-31,PWR,2024-10-31T14:44:28+00:00,sell,1,0,no-trade,borrow unavailable;spread unavailable;liquidity unavailable,missing,missing,missing,market:yfinance:results/bar-cache
market:0001050915-25-000005:us-gaap:RevenueRemainingPerformanceObligation:2023-12-31,PWR,2025-02-20T15:25:36+00:00,sell,1,0,no-trade,borrow unavailable;spread unavailable;liquidity unavailable,missing,missing,missing,market:yfinance:results/bar-cache
market:0001050915-24-000082:us-gaap:RevenueRemainingPerformanceObligation:2024-03-31,PWR,2024-05-02T14:25:24+00:00,sell,1,0,no-trade,borrow unavailable;spread unavailable;liquidity unavailable,missing,missing,missing,market:yfinance:results/bar-cache
market:0001050915-24-000140:us-gaap:RevenueRemainingPerformanceObligation:2024-06-30,PWR,2024-08-01T14:10:33+00:00,sell,1,0,no-trade,borrow unavailable;spread unavailable;liquidity unavailable,missing,missing,missing,market:yfinance:results/bar-cache
market:0001050915-24-000159:us-gaap:RevenueRemainingPerformanceObligation:2024-09-30,PWR,2024-10-31T14:44:28+00:00,sell,1,0,no-trade,borrow unavailable;spread unavailable;liquidity unavailable,missing,missing,missing,market:yfinance:results/bar-cache
market:0001050915-25-000005:us-gaap:RevenueRemainingPerformanceObligation:2024-12-31,PWR,2025-02-20T15:25:36+00:00,sell,1,0,no-trade,borrow unavailable;spread unavailable;liquidity unavailable,missing,missing,missing,market:yfinance:results/bar-cache
market:0001050915-25-000047:us-gaap:RevenueRemainingPerformanceObligation:2024-12-31,PWR,2025-05-01T14:13:24+00:00,sell,1,0,no-trade,borrow unavailable;spread unavailable;liquidity unavailable,missing,missing,missing,market:yfinance:results/bar-cache
market:0001050915-25-000103:us-gaap:RevenueRemainingPerformanceObligation:2024-12-31,PWR,2025-07-31T14:19:24+00:00,sell,1,0,no-trade,borrow unavailable;spread unavailable;liquidity unavailable,missing,missing,missing,market:yfinance:results/bar-cache
market:0001050915-25-000111:us-gaap:RevenueRemainingPerformanceObligation:2024-12-31,PWR,2025-10-30T14:19:25+00:00,sell,1,0,no-trade,borrow unavailable;spread unavailable;liquidity unavailable,missing,missing,missing,market:yfinance:results/bar-cache
market:0001050915-26-000006:us-gaap:RevenueRemainingPerformanceObligation:2024-12-31,PWR,2026-02-19T15:13:03+00:00,sell,1,0,no-trade,borrow unavailable;spread unavailable;liquidity unavailable,missing,missing,missing,market:yfinance:results/bar-cache
market:0001050915-25-000047:us-gaap:RevenueRemainingPerformanceObligation:2025-03-31,PWR,2025-05-01T14:13:24+00:00,sell,1,0,no-trade,borrow unavailable;spread unavailable;liquidity unavailable,missing,missing,missing,market:yfinance:results/bar-cache
market:0001050915-25-000103:us-gaap:RevenueRemainingPerformanceObligation:2025-06-30,PWR,2025-07-31T14:19:24+00:00,sell,1,0,no-trade,borrow unavailable;spread unavailable;liquidity unavailable,missing,missing,missing,market:yfinance:results/bar-cache
market:0001050915-25-000111:us-gaap:RevenueRemainingPerformanceObligation:2025-09-30,PWR,2025-10-30T14:19:25+00:00,sell,1,0,no-trade,borrow unavailable;spread unavailable;liquidity unavailable,missing,missing,missing,market:yfinance:results/bar-cache
market:0001050915-26-000006:us-gaap:RevenueRemainingPerformanceObligation:2025-12-31,PWR,2026-02-19T15:13:03+00:00,sell,1,0,no-trade,borrow unavailable;spread unavailable;liquidity unavailable,missing,missing,missing,market:yfinance:results/bar-cache
market:0001050915-26-000016:us-gaap:RevenueRemainingPerformanceObligation:2025-12-31,PWR,2026-04-30T14:27:43+00:00,sell,1,0,no-trade,borrow unavailable;spread unavailable;liquidity unavailable,missing,missing,missing,market:yfinance:results/bar-cache
market:0001050915-26-000025:us-gaap:RevenueRemainingPerformanceObligation:2025-12-31,PWR,2026-07-30T14:22:12+00:00,sell,1,0,no-trade,borrow unavailable;spread unavailable;liquidity unavailable,missing,missing,missing,market:yfinance:results/bar-cache
market:0001050915-26-000016:us-gaap:RevenueRemainingPerformanceObligation:2026-03-31,PWR,2026-04-30T14:27:43+00:00,sell,1,0,no-trade,borrow unavailable;spread unavailable;liquidity unavailable,missing,missing,missing,market:yfinance:results/bar-cache
market:0001050915-26-000025:us-gaap:RevenueRemainingPerformanceObligation:2026-06-30,PWR,2026-07-30T14:22:12+00:00,sell,1,0,no-trade,borrow unavailable;spread unavailable;liquidity unavailable,missing,missing,missing,market:yfinance:results/bar-cache
market:0001193125-15-073003:us-gaap:UnapprovedChangeOrdersAmount:2013-12-31,PWR,2015-03-02T20:14:41+00:00,sell,1,0,no-trade,borrow unavailable;spread unavailable;liquidity unavailable,missing,missing,missing,market:yfinance:results/bar-cache
market:0001193125-15-073003:us-gaap:UnapprovedChangeOrdersAmount:2014-12-31,PWR,2015-03-02T20:14:41+00:00,sell,1,0,no-trade,borrow unavailable;spread unavailable;liquidity unavailable,missing,missing,missing,market:yfinance:results/bar-cache
market:0001193125-15-179586:us-gaap:UnapprovedChangeOrdersAmount:2014-12-31,PWR,2015-05-08T20:30:02+00:00,sell,1,0,no-trade,borrow unavailable;spread unavailable;liquidity unavailable,missing,missing,missing,market:yfinance:results/bar-cache
market:0001193125-15-284664:us-gaap:UnapprovedChangeOrdersAmount:2014-12-31,PWR,2015-08-10T19:15:06+00:00,sell,1,0,no-trade,borrow unavailable;spread unavailable;liquidity unavailable,missing,missing,missing,market:yfinance:results/bar-cache
market:0001193125-15-370391:us-gaap:UnapprovedChangeOrdersAmount:2014-12-31,PWR,2015-11-06T22:32:21+00:00,sell,1,0,no-trade,borrow unavailable;spread unavailable;liquidity unavailable,missing,missing,missing,market:yfinance:results/bar-cache
market:0001193125-16-485494:us-gaap:UnapprovedChangeOrdersAmount:2014-12-31,PWR,2016-02-29T22:06:57+00:00,sell,1,0,no-trade,borrow unavailable;spread unavailable;liquidity unavailable,missing,missing,missing,market:yfinance:results/bar-cache
market:0001193125-15-179586:us-gaap:UnapprovedChangeOrdersAmount:2015-03-31,PWR,2015-05-08T20:30:02+00:00,sell,1,0,no-trade,borrow unavailable;spread unavailable;liquidity unavailable,missing,missing,missing,market:yfinance:results/bar-cache
market:0001193125-15-284664:us-gaap:UnapprovedChangeOrdersAmount:2015-06-30,PWR,2015-08-10T19:15:06+00:00,sell,1,0,no-trade,borrow unavailable;spread unavailable;liquidity unavailable,missing,missing,missing,market:yfinance:results/bar-cache
market:0001193125-15-370391:us-gaap:UnapprovedChangeOrdersAmount:2015-09-30,PWR,2015-11-06T22:32:21+00:00,sell,1,0,no-trade,borrow unavailable;spread unavailable;liquidity unavailable,missing,missing,missing,market:yfinance:results/bar-cache
market:0001193125-16-485494:us-gaap:UnapprovedChangeOrdersAmount:2015-12-31,PWR,2016-02-29T22:06:57+00:00,sell,1,0,no-trade,borrow unavailable;spread unavailable;liquidity unavailable,missing,missing,missing,market:yfinance:results/bar-cache
market:0001193125-16-585468:us-gaap:UnapprovedChangeOrdersAmount:2015-12-31,PWR,2016-05-10T19:34:23+00:00,sell,1,0,no-trade,borrow unavailable;spread unavailable;liquidity unavailable,missing,missing,missing,market:yfinance:results/bar-cache
market:0001193125-16-675265:us-gaap:UnapprovedChangeOrdersAmount:2015-12-31,PWR,2016-08-08T21:10:09+00:00,sell,1,0,no-trade,borrow unavailable;spread unavailable;liquidity unavailable,missing,missing,missing,market:yfinance:results/bar-cache
market:0001193125-16-762970:us-gaap:UnapprovedChangeOrdersAmount:2015-12-31,PWR,2016-11-08T21:24:08+00:00,sell,1,0,no-trade,borrow unavailable;spread unavailable;liquidity unavailable,missing,missing,missing,market:yfinance:results/bar-cache
market:0001193125-17-064821:us-gaap:UnapprovedChangeOrdersAmount:2015-12-31,PWR,2017-03-01T18:22:31+00:00,sell,1,0,no-trade,borrow unavailable;spread unavailable;liquidity unavailable,missing,missing,missing,market:yfinance:results/bar-cache
market:0001193125-16-585468:us-gaap:UnapprovedChangeOrdersAmount:2016-03-31,PWR,2016-05-10T19:34:23+00:00,sell,1,0,no-trade,borrow unavailable;spread unavailable;liquidity unavailable,missing,missing,missing,market:yfinance:results/bar-cache
market:0001193125-16-675265:us-gaap:UnapprovedChangeOrdersAmount:2016-06-30,PWR,2016-08-08T21:10:09+00:00,sell,1,0,no-trade,borrow unavailable;spread unavailable;liquidity unavailable,missing,missing,missing,market:yfinance:results/bar-cache
market:0001193125-16-762970:us-gaap:UnapprovedChangeOrdersAmount:2016-09-30,PWR,2016-11-08T21:24:08+00:00,sell,1,0,no-trade,borrow unavailable;spread unavailable;liquidity unavailable,missing,missing,missing,market:yfinance:results/bar-cache
market:0001193125-17-064821:us-gaap:UnapprovedChangeOrdersAmount:2016-12-31,PWR,2017-03-01T18:22:31+00:00,sell,1,0,no-trade,borrow unavailable;spread unavailable;liquidity unavailable,missing,missing,missing,market:yfinance:results/bar-cache
market:0001193125-17-164407:us-gaap:UnapprovedChangeOrdersAmount:2016-12-31,PWR,2017-05-09T21:38:10+00:00,sell,1,0,no-trade,borrow unavailable;spread unavailable;liquidity unavailable,missing,missing,missing,market:yfinance:results/bar-cache
market:0001050915-17-000031:us-gaap:UnapprovedChangeOrdersAmount:2016-12-31,PWR,2017-08-08T21:23:24+00:00,sell,1,0,no-trade,borrow unavailable;spread unavailable;liquidity unavailable,missing,missing,missing,market:yfinance:results/bar-cache
market:0001050915-17-000057:us-gaap:UnapprovedChangeOrdersAmount:2016-12-31,PWR,2017-11-09T20:40:41+00:00,sell,1,0,no-trade,borrow unavailable;spread unavailable;liquidity unavailable,missing,missing,missing,market:yfinance:results/bar-cache
market:0001050915-18-000003:us-gaap:UnapprovedChangeOrdersAmount:2016-12-31,PWR,2018-02-28T21:33:55+00:00,sell,1,0,no-trade,borrow unavailable;spread unavailable;liquidity unavailable,missing,missing,missing,market:yfinance:results/bar-cache
market:0001193125-17-164407:us-gaap:UnapprovedChangeOrdersAmount:2017-03-31,PWR,2017-05-09T21:38:10+00:00,sell,1,0,no-trade,borrow unavailable;spread unavailable;liquidity unavailable,missing,missing,missing,market:yfinance:results/bar-cache
market:0001050915-17-000031:us-gaap:UnapprovedChangeOrdersAmount:2017-06-30,PWR,2017-08-08T21:23:24+00:00,sell,1,0,no-trade,borrow unavailable;spread unavailable;liquidity unavailable,missing,missing,missing,market:yfinance:results/bar-cache
market:0001050915-17-000057:us-gaap:UnapprovedChangeOrdersAmount:2017-09-30,PWR,2017-11-09T20:40:41+00:00,sell,1,0,no-trade,borrow unavailable;spread unavailable;liquidity unavailable,missing,missing,missing,market:yfinance:results/bar-cache
market:0001050915-18-000003:us-gaap:UnapprovedChangeOrdersAmount:2017-12-31,PWR,2018-02-28T21:33:55+00:00,sell,1,0,no-trade,borrow unavailable;spread unavailable;liquidity unavailable,missing,missing,missing,market:yfinance:results/bar-cache
