holder,form,filed,document,series,class,initial_balance_usd,current_balance_usd,note_rate_pct,note_type,rating,anticipated_repayment_date,rated_final_payment_date,post_ard_spread_pct,url
Blue Owl Digital Infrastructure Trust,10-K,2026-03-11,exhibit410-series2023x1sup.htm,2023-1,A-2,250000000,250000000,5.900,Term Notes,A-(sf),March 2028,March 2048,2.100,https://www.sec.gov/Archives/edgar/data/2069692/000206969226000016/exhibit410-series2023x1sup.htm
Blue Owl Digital Infrastructure Trust,10-K,2026-03-11,exhibit411-series2021x1sup.htm,2021-1,A-2,400000000,400000000,1.877,Term Notes,A-(sf),March 2026,March 2046,0.95,https://www.sec.gov/Archives/edgar/data/2069692/000206969226000016/exhibit411-series2021x1sup.htm
Blue Owl Digital Infrastructure Trust,10-K,2026-03-11,exhibit412-series2020x1sup.htm,2020-1,A-2,,,1.893,,,,,,https://www.sec.gov/Archives/edgar/data/2069692/000206969226000016/exhibit412-series2020x1sup.htm
Blue Owl Digital Infrastructure Trust,10-K,2026-03-11,exhibit412-series2020x1sup.htm,2020-1,A-2,,,1.58,,,,,,https://www.sec.gov/Archives/edgar/data/2069692/000206969226000016/exhibit412-series2020x1sup.htm
Blue Owl Digital Infrastructure Trust,10-K,2026-03-11,exhibit412-series2020x1sup.htm,2020-1,A,,,70,,,,,,https://www.sec.gov/Archives/edgar/data/2069692/000206969226000016/exhibit412-series2020x1sup.htm
Blue Owl Digital Infrastructure Trust,10-K,2026-03-11,exhibit413-series2019x2sup.htm,2019-2,A-2,,,3.080,,,,,,https://www.sec.gov/Archives/edgar/data/2069692/000206969226000016/exhibit413-series2019x2sup.htm
Blue Owl Digital Infrastructure Trust,10-K,2026-03-11,exhibit413-series2019x2sup.htm,2019-2,A-2,,,1.45,,,,,,https://www.sec.gov/Archives/edgar/data/2069692/000206969226000016/exhibit413-series2019x2sup.htm
Blue Owl Digital Infrastructure Trust,10-K,2026-03-11,exhibit414-stack2019x1xser.htm,2019-1,A-2,,,4.54,,,,,,https://www.sec.gov/Archives/edgar/data/2069692/000206969226000016/exhibit414-stack2019x1xser.htm
Blue Owl Digital Infrastructure Trust,10-K,2026-03-11,exhibit414-stack2019x1xser.htm,2019-1,A-1,,,5.00,,,,,,https://www.sec.gov/Archives/edgar/data/2069692/000206969226000016/exhibit414-stack2019x1xser.htm
Blue Owl Digital Infrastructure Trust,10-K,2026-03-11,exhibit414-stack2019x1xser.htm,2019-1,A-2,,,2.00,,,,,,https://www.sec.gov/Archives/edgar/data/2069692/000206969226000016/exhibit414-stack2019x1xser.htm
Blue Owl Digital Infrastructure Trust,10-K,2026-03-11,exhibit46-series2025x1supp.htm,2025-1,A-2,345000000,345000000,5.00,Term Notes,A-(sf),May 2030,May 2050,1.45,https://www.sec.gov/Archives/edgar/data/2069692/000206969226000016/exhibit46-series2025x1supp.htm
Blue Owl Digital Infrastructure Trust,10-K,2026-03-11,exhibit47-series2024x1supp.htm,2024-1,A-2,240000000,240000000,5.900,Term Notes,A-(sf),March 2029,March 2049,1.80,https://www.sec.gov/Archives/edgar/data/2069692/000206969226000016/exhibit47-series2024x1supp.htm
Blue Owl Digital Infrastructure Trust,10-K,2026-03-11,exhibit48-series2023x3supp.htm,2023-3,A-2,290000000,290000000,5.900,Term Notes,A-(sf),October 2028,October 2048,2.45,https://www.sec.gov/Archives/edgar/data/2069692/000206969226000016/exhibit48-series2023x3supp.htm
Blue Owl Digital Infrastructure Trust,10-K,2026-03-11,exhibit49-series2023x2supp.htm,2023-2,A-2,250000000,250000000,5.900,Term Notes,A-(sf),July 2028,July 2048,2.414,https://www.sec.gov/Archives/edgar/data/2069692/000206969226000016/exhibit49-series2023x2supp.htm
Blue Owl Digital Infrastructure Trust,8-K,2026-03-05,exhibit41-combinedstack202.htm,2019-1,A,,,70,,,,,,https://www.sec.gov/Archives/edgar/data/2069692/000206969226000012/exhibit41-combinedstack202.htm
Blue Owl Digital Infrastructure Trust,8-K,2026-03-05,exhibit41-combinedstack202.htm,2019-1,A,,,70,,,,,,https://www.sec.gov/Archives/edgar/data/2069692/000206969226000012/exhibit41-combinedstack202.htm
Blue Owl Digital Infrastructure Trust,8-K,2026-03-05,exhibit42-stack2026x1xinde.htm,2026-1,A-2,695000000,695000000,5.00,Term Notes,A-(sf),March 2031,March 2056,1.85,https://www.sec.gov/Archives/edgar/data/2069692/000206969226000012/exhibit42-stack2026x1xinde.htm
